2025-09-30T14:34:48.565 application=db_connection [error] Postgrex.Protocol (#PID<0.195.0>) failed to connect: ** (DBConnection.ConnectionError) tcp connect (db:5432): connection refused - :econnrefused
2025-09-30T14:34:48.565 application=db_connection [error] Postgrex.Protocol (#PID<0.196.0>) failed to connect: ** (DBConnection.ConnectionError) tcp connect (db:5432): connection refused - :econnrefused
2025-09-30T14:34:48.565 application=db_connection [error] Postgrex.Protocol (#PID<0.207.0>) failed to connect: ** (DBConnection.ConnectionError) tcp connect (db:5432): connection refused - :econnrefused
2025-09-30T14:34:48.565 application=db_connection [error] Postgrex.Protocol (#PID<0.200.0>) failed to connect: ** (DBConnection.ConnectionError) tcp connect (db:5432): connection refused - :econnrefused
2025-09-30T14:34:48.562 application=db_connection [error] Postgrex.Protocol (#PID<0.201.0>) failed to connect: ** (DBConnection.ConnectionError) tcp connect (db:5432): connection refused - :econnrefused
2025-09-30T14:34:48.589 [error] :gen_statem #PID<0.207.0> terminating
** (DBConnection.ConnectionError) tcp connect (db:5432): connection refused - :econnrefused
    (db_connection 2.8.0) lib/db_connection/connection.ex:104: DBConnection.Connection.handle_event/4
    (stdlib 6.2.2) gen_statem.erl:3737: :gen_statem.loop_state_callback/11
    (stdlib 6.2.2) proc_lib.erl:329: :proc_lib.init_p_do_apply/3
Queue: [internal: {:connect, :init}]
Postponed: []
State: Postgrex.Protocol
Callback mode: :handle_event_function, state_enter: false
2025-09-30T14:34:48.697 application=db_connection [error] Postgrex.Protocol (#PID<0.212.0>) failed to connect: ** (DBConnection.ConnectionError) tcp connect (db:5432): connection refused - :econnrefused
2025-09-30T14:34:48.697 [error] :gen_statem #PID<0.212.0> terminating
** (DBConnection.ConnectionError) tcp connect (db:5432): connection refused - :econnrefused
    (db_connection 2.8.0) lib/db_connection/connection.ex:104: DBConnection.Connection.handle_event/4
    (stdlib 6.2.2) gen_statem.erl:3737: :gen_statem.loop_state_callback/11
    (stdlib 6.2.2) proc_lib.erl:329: :proc_lib.init_p_do_apply/3
Queue: [internal: {:connect, :init}]
Postponed: []
State: Postgrex.Protocol
Callback mode: :handle_event_function, state_enter: false
2025-09-30T14:34:48.702 application=db_connection [error] Postgrex.Protocol (#PID<0.216.0>) failed to connect: ** (DBConnection.ConnectionError) tcp connect (db:5432): connection refused - :econnrefused
2025-09-30T14:34:48.703 [error] :gen_statem #PID<0.216.0> terminating
** (DBConnection.ConnectionError) tcp connect (db:5432): connection refused - :econnrefused
    (db_connection 2.8.0) lib/db_connection/connection.ex:104: DBConnection.Connection.handle_event/4
    (stdlib 6.2.2) gen_statem.erl:3737: :gen_statem.loop_state_callback/11
    (stdlib 6.2.2) proc_lib.erl:329: :proc_lib.init_p_do_apply/3
Queue: [internal: {:connect, :init}]
Postponed: []
State: Postgrex.Protocol
Callback mode: :handle_event_function, state_enter: false
2025-09-30T14:34:48.708 application=db_connection [error] Postgrex.Protocol (#PID<0.220.0>) failed to connect: ** (DBConnection.ConnectionError) tcp connect (db:5432): connection refused - :econnrefused
2025-09-30T14:34:48.708 [error] :gen_statem #PID<0.220.0> terminating
** (DBConnection.ConnectionError) tcp connect (db:5432): connection refused - :econnrefused
    (db_connection 2.8.0) lib/db_connection/connection.ex:104: DBConnection.Connection.handle_event/4
    (stdlib 6.2.2) gen_statem.erl:3737: :gen_statem.loop_state_callback/11
    (stdlib 6.2.2) proc_lib.erl:329: :proc_lib.init_p_do_apply/3
Queue: [internal: {:connect, :init}]
Postponed: []
State: Postgrex.Protocol
Callback mode: :handle_event_function, state_enter: false
2025-09-30T14:34:53.795 application=db_connection [error] Postgrex.Protocol (#PID<0.201.0>) failed to connect: ** (DBConnection.ConnectionError) tcp connect (db:5432): non-existing domain - :nxdomain
2025-09-30T14:34:53.796 application=db_connection [error] Postgrex.Protocol (#PID<0.195.0>) failed to connect: ** (DBConnection.ConnectionError) tcp connect (db:5432): non-existing domain - :nxdomain
2025-09-30T14:34:53.796 application=db_connection [error] Postgrex.Protocol (#PID<0.200.0>) failed to connect: ** (DBConnection.ConnectionError) tcp connect (db:5432): non-existing domain - :nxdomain
2025-09-30T14:34:53.796 application=db_connection [error] Postgrex.Protocol (#PID<0.196.0>) failed to connect: ** (DBConnection.ConnectionError) tcp connect (db:5432): non-existing domain - :nxdomain
2025-09-30T14:34:53.830 application=ecto_sql [error] Could not create schema migrations table. This error usually happens due to the following:

  * The database does not exist
  * The "schema_migrations" table, which Ecto uses for managing
    migrations, was defined by another library
  * There is a deadlock while migrating (such as using concurrent
    indexes with a migration_lock)

To fix the first issue, run "mix ecto.create" for the desired MIX_ENV.

To address the second, you can run "mix ecto.drop" followed by
"mix ecto.create", both for the desired MIX_ENV. Alternatively you may
configure Ecto to use another table and/or repository for managing
migrations:

    config :explorer, Explorer.Repo,
      migration_source: "some_other_table_for_schema_migrations",
      migration_repo: AnotherRepoForSchemaMigrations

The full error report is shown below.

2025-09-30T14:35:04.138 application=db_connection [error] Postgrex.Protocol (#PID<0.195.0>) failed to connect: ** (DBConnection.ConnectionError) tcp connect (db:5432): non-existing domain - :nxdomain
2025-09-30T14:35:04.138 application=db_connection [error] Postgrex.Protocol (#PID<0.207.0>) failed to connect: ** (DBConnection.ConnectionError) tcp connect (db:5432): non-existing domain - :nxdomain
2025-09-30T14:35:04.138 application=db_connection [error] Postgrex.Protocol (#PID<0.200.0>) failed to connect: ** (DBConnection.ConnectionError) tcp connect (db:5432): non-existing domain - :nxdomain
2025-09-30T14:35:04.138 application=db_connection [error] Postgrex.Protocol (#PID<0.201.0>) failed to connect: ** (DBConnection.ConnectionError) tcp connect (db:5432): non-existing domain - :nxdomain
2025-09-30T14:35:04.138 application=db_connection [error] Postgrex.Protocol (#PID<0.196.0>) failed to connect: ** (DBConnection.ConnectionError) tcp connect (db:5432): non-existing domain - :nxdomain
2025-09-30T14:35:04.160 [error] :gen_statem #PID<0.207.0> terminating
** (DBConnection.ConnectionError) tcp connect (db:5432): non-existing domain - :nxdomain
    (db_connection 2.8.0) lib/db_connection/connection.ex:104: DBConnection.Connection.handle_event/4
    (stdlib 6.2.2) gen_statem.erl:3737: :gen_statem.loop_state_callback/11
    (stdlib 6.2.2) proc_lib.erl:329: :proc_lib.init_p_do_apply/3
Queue: [internal: {:connect, :init}]
Postponed: []
State: Postgrex.Protocol
Callback mode: :handle_event_function, state_enter: false
2025-09-30T14:35:08.161 application=db_connection [error] Postgrex.Protocol (#PID<0.212.0>) failed to connect: ** (DBConnection.ConnectionError) tcp connect (db:5432): non-existing domain - :nxdomain
2025-09-30T14:35:08.163 application=db_connection [error] Postgrex.Protocol (#PID<0.195.0>) failed to connect: ** (DBConnection.ConnectionError) tcp connect (db:5432): non-existing domain - :nxdomain
2025-09-30T14:35:08.164 application=db_connection [error] Postgrex.Protocol (#PID<0.200.0>) failed to connect: ** (DBConnection.ConnectionError) tcp connect (db:5432): non-existing domain - :nxdomain
2025-09-30T14:35:08.164 application=db_connection [error] Postgrex.Protocol (#PID<0.201.0>) failed to connect: ** (DBConnection.ConnectionError) tcp connect (db:5432): non-existing domain - :nxdomain
2025-09-30T14:35:08.164 application=db_connection [error] Postgrex.Protocol (#PID<0.196.0>) failed to connect: ** (DBConnection.ConnectionError) tcp connect (db:5432): non-existing domain - :nxdomain
2025-09-30T14:35:08.162 [error] :gen_statem #PID<0.212.0> terminating
** (DBConnection.ConnectionError) tcp connect (db:5432): non-existing domain - :nxdomain
    (db_connection 2.8.0) lib/db_connection/connection.ex:104: DBConnection.Connection.handle_event/4
    (stdlib 6.2.2) gen_statem.erl:3737: :gen_statem.loop_state_callback/11
    (stdlib 6.2.2) proc_lib.erl:329: :proc_lib.init_p_do_apply/3
Queue: [internal: {:connect, :init}]
Postponed: []
State: Postgrex.Protocol
Callback mode: :handle_event_function, state_enter: false
2025-09-30T14:35:12.051 application=db_connection [error] Postgrex.Protocol (#PID<0.195.0>) failed to connect: ** (DBConnection.ConnectionError) tcp connect (db:5432): non-existing domain - :nxdomain
2025-09-30T14:35:12.052 application=db_connection [error] Postgrex.Protocol (#PID<0.216.0>) failed to connect: ** (DBConnection.ConnectionError) tcp connect (db:5432): non-existing domain - :nxdomain
2025-09-30T14:35:12.052 [error] :gen_statem #PID<0.216.0> terminating
** (DBConnection.ConnectionError) tcp connect (db:5432): non-existing domain - :nxdomain
    (db_connection 2.8.0) lib/db_connection/connection.ex:104: DBConnection.Connection.handle_event/4
    (stdlib 6.2.2) gen_statem.erl:3737: :gen_statem.loop_state_callback/11
    (stdlib 6.2.2) proc_lib.erl:329: :proc_lib.init_p_do_apply/3
Queue: [internal: {:connect, :init}]
Postponed: []
State: Postgrex.Protocol
Callback mode: :handle_event_function, state_enter: false
2025-09-30T14:35:15.926 application=db_connection [error] Postgrex.Protocol (#PID<0.220.0>) failed to connect: ** (DBConnection.ConnectionError) tcp connect (db:5432): non-existing domain - :nxdomain
2025-09-30T14:35:15.926 application=db_connection [error] Postgrex.Protocol (#PID<0.200.0>) failed to connect: ** (DBConnection.ConnectionError) tcp connect (db:5432): non-existing domain - :nxdomain
2025-09-30T14:35:15.926 application=db_connection [error] Postgrex.Protocol (#PID<0.201.0>) failed to connect: ** (DBConnection.ConnectionError) tcp connect (db:5432): non-existing domain - :nxdomain
2025-09-30T14:35:15.927 application=db_connection [error] Postgrex.Protocol (#PID<0.196.0>) failed to connect: ** (DBConnection.ConnectionError) tcp connect (db:5432): non-existing domain - :nxdomain
2025-09-30T14:35:15.926 [error] :gen_statem #PID<0.220.0> terminating
** (DBConnection.ConnectionError) tcp connect (db:5432): non-existing domain - :nxdomain
    (db_connection 2.8.0) lib/db_connection/connection.ex:104: DBConnection.Connection.handle_event/4
    (stdlib 6.2.2) gen_statem.erl:3737: :gen_statem.loop_state_callback/11
    (stdlib 6.2.2) proc_lib.erl:329: :proc_lib.init_p_do_apply/3
Queue: [internal: {:connect, :init}]
Postponed: []
State: Postgrex.Protocol
Callback mode: :handle_event_function, state_enter: false
2025-09-30T14:35:20.213 application=ecto_sql [error] Could not create schema migrations table. This error usually happens due to the following:

  * The database does not exist
  * The "schema_migrations" table, which Ecto uses for managing
    migrations, was defined by another library
  * There is a deadlock while migrating (such as using concurrent
    indexes with a migration_lock)

To fix the first issue, run "mix ecto.create" for the desired MIX_ENV.

To address the second, you can run "mix ecto.drop" followed by
"mix ecto.create", both for the desired MIX_ENV. Alternatively you may
configure Ecto to use another table and/or repository for managing
migrations:

    config :explorer, Explorer.Repo,
      migration_source: "some_other_table_for_schema_migrations",
      migration_repo: AnotherRepoForSchemaMigrations

The full error report is shown below.

2025-09-30T14:35:32.404 application=db_connection [error] Postgrex.Protocol (#PID<0.196.0>) failed to connect: ** (DBConnection.ConnectionError) tcp connect (db:5432): non-existing domain - :nxdomain
2025-09-30T14:35:32.403 application=db_connection [error] Postgrex.Protocol (#PID<0.207.0>) failed to connect: ** (DBConnection.ConnectionError) tcp connect (db:5432): non-existing domain - :nxdomain
2025-09-30T14:35:32.403 application=db_connection [error] Postgrex.Protocol (#PID<0.201.0>) failed to connect: ** (DBConnection.ConnectionError) tcp connect (db:5432): non-existing domain - :nxdomain
2025-09-30T14:35:32.403 application=db_connection [error] Postgrex.Protocol (#PID<0.200.0>) failed to connect: ** (DBConnection.ConnectionError) tcp connect (db:5432): non-existing domain - :nxdomain
2025-09-30T14:35:32.403 application=db_connection [error] Postgrex.Protocol (#PID<0.195.0>) failed to connect: ** (DBConnection.ConnectionError) tcp connect (db:5432): non-existing domain - :nxdomain
2025-09-30T14:35:32.423 [error] :gen_statem #PID<0.207.0> terminating
** (DBConnection.ConnectionError) tcp connect (db:5432): non-existing domain - :nxdomain
    (db_connection 2.8.0) lib/db_connection/connection.ex:104: DBConnection.Connection.handle_event/4
    (stdlib 6.2.2) gen_statem.erl:3737: :gen_statem.loop_state_callback/11
    (stdlib 6.2.2) proc_lib.erl:329: :proc_lib.init_p_do_apply/3
Queue: [internal: {:connect, :init}]
Postponed: []
State: Postgrex.Protocol
Callback mode: :handle_event_function, state_enter: false
2025-09-30T14:35:36.292 application=db_connection [error] Postgrex.Protocol (#PID<0.200.0>) failed to connect: ** (DBConnection.ConnectionError) tcp connect (db:5432): non-existing domain - :nxdomain
2025-09-30T14:35:36.292 application=db_connection [error] Postgrex.Protocol (#PID<0.196.0>) failed to connect: ** (DBConnection.ConnectionError) tcp connect (db:5432): non-existing domain - :nxdomain
2025-09-30T14:35:36.292 application=db_connection [error] Postgrex.Protocol (#PID<0.212.0>) failed to connect: ** (DBConnection.ConnectionError) tcp connect (db:5432): non-existing domain - :nxdomain
2025-09-30T14:35:36.293 application=db_connection [error] Postgrex.Protocol (#PID<0.195.0>) failed to connect: ** (DBConnection.ConnectionError) tcp connect (db:5432): non-existing domain - :nxdomain
2025-09-30T14:35:36.293 application=db_connection [error] Postgrex.Protocol (#PID<0.201.0>) failed to connect: ** (DBConnection.ConnectionError) tcp connect (db:5432): non-existing domain - :nxdomain
2025-09-30T14:35:36.293 [error] :gen_statem #PID<0.212.0> terminating
** (DBConnection.ConnectionError) tcp connect (db:5432): non-existing domain - :nxdomain
    (db_connection 2.8.0) lib/db_connection/connection.ex:104: DBConnection.Connection.handle_event/4
    (stdlib 6.2.2) gen_statem.erl:3737: :gen_statem.loop_state_callback/11
    (stdlib 6.2.2) proc_lib.erl:329: :proc_lib.init_p_do_apply/3
Queue: [internal: {:connect, :init}]
Postponed: []
State: Postgrex.Protocol
Callback mode: :handle_event_function, state_enter: false
2025-09-30T14:35:40.165 application=db_connection [error] Postgrex.Protocol (#PID<0.216.0>) failed to connect: ** (DBConnection.ConnectionError) tcp connect (db:5432): non-existing domain - :nxdomain
2025-09-30T14:35:40.165 application=db_connection [error] Postgrex.Protocol (#PID<0.200.0>) failed to connect: ** (DBConnection.ConnectionError) tcp connect (db:5432): non-existing domain - :nxdomain
2025-09-30T14:35:40.166 application=db_connection [error] Postgrex.Protocol (#PID<0.195.0>) failed to connect: ** (DBConnection.ConnectionError) tcp connect (db:5432): non-existing domain - :nxdomain
2025-09-30T14:35:40.166 application=db_connection [error] Postgrex.Protocol (#PID<0.201.0>) failed to connect: ** (DBConnection.ConnectionError) tcp connect (db:5432): non-existing domain - :nxdomain
2025-09-30T14:35:40.166 [error] :gen_statem #PID<0.216.0> terminating
** (DBConnection.ConnectionError) tcp connect (db:5432): non-existing domain - :nxdomain
    (db_connection 2.8.0) lib/db_connection/connection.ex:104: DBConnection.Connection.handle_event/4
    (stdlib 6.2.2) gen_statem.erl:3737: :gen_statem.loop_state_callback/11
    (stdlib 6.2.2) proc_lib.erl:329: :proc_lib.init_p_do_apply/3
Queue: [internal: {:connect, :init}]
Postponed: []
State: Postgrex.Protocol
Callback mode: :handle_event_function, state_enter: false
2025-09-30T14:35:44.028 application=db_connection [error] Postgrex.Protocol (#PID<0.196.0>) failed to connect: ** (DBConnection.ConnectionError) tcp connect (db:5432): non-existing domain - :nxdomain
2025-09-30T14:35:44.028 application=db_connection [error] Postgrex.Protocol (#PID<0.220.0>) failed to connect: ** (DBConnection.ConnectionError) tcp connect (db:5432): non-existing domain - :nxdomain
2025-09-30T14:35:44.028 [error] :gen_statem #PID<0.220.0> terminating
** (DBConnection.ConnectionError) tcp connect (db:5432): non-existing domain - :nxdomain
    (db_connection 2.8.0) lib/db_connection/connection.ex:104: DBConnection.Connection.handle_event/4
    (stdlib 6.2.2) gen_statem.erl:3737: :gen_statem.loop_state_callback/11
    (stdlib 6.2.2) proc_lib.erl:329: :proc_lib.init_p_do_apply/3
Queue: [internal: {:connect, :init}]
Postponed: []
State: Postgrex.Protocol
Callback mode: :handle_event_function, state_enter: false
2025-09-30T14:35:48.401 application=ecto_sql [error] Could not create schema migrations table. This error usually happens due to the following:

  * The database does not exist
  * The "schema_migrations" table, which Ecto uses for managing
    migrations, was defined by another library
  * There is a deadlock while migrating (such as using concurrent
    indexes with a migration_lock)

To fix the first issue, run "mix ecto.create" for the desired MIX_ENV.

To address the second, you can run "mix ecto.drop" followed by
"mix ecto.create", both for the desired MIX_ENV. Alternatively you may
configure Ecto to use another table and/or repository for managing
migrations:

    config :explorer, Explorer.Repo,
      migration_source: "some_other_table_for_schema_migrations",
      migration_repo: AnotherRepoForSchemaMigrations

The full error report is shown below.

2025-09-30T14:35:58.106 application=db_connection [error] Postgrex.Protocol (#PID<0.196.0>) failed to connect: ** (DBConnection.ConnectionError) tcp connect (db:5432): non-existing domain - :nxdomain
2025-09-30T14:35:58.106 application=db_connection [error] Postgrex.Protocol (#PID<0.195.0>) failed to connect: ** (DBConnection.ConnectionError) tcp connect (db:5432): non-existing domain - :nxdomain
2025-09-30T14:35:58.106 application=db_connection [error] Postgrex.Protocol (#PID<0.200.0>) failed to connect: ** (DBConnection.ConnectionError) tcp connect (db:5432): non-existing domain - :nxdomain
2025-09-30T14:35:58.106 application=db_connection [error] Postgrex.Protocol (#PID<0.201.0>) failed to connect: ** (DBConnection.ConnectionError) tcp connect (db:5432): non-existing domain - :nxdomain
2025-09-30T14:35:58.106 application=db_connection [error] Postgrex.Protocol (#PID<0.207.0>) failed to connect: ** (DBConnection.ConnectionError) tcp connect (db:5432): non-existing domain - :nxdomain
2025-09-30T14:35:58.111 [error] :gen_statem #PID<0.207.0> terminating
** (DBConnection.ConnectionError) tcp connect (db:5432): non-existing domain - :nxdomain
    (db_connection 2.8.0) lib/db_connection/connection.ex:104: DBConnection.Connection.handle_event/4
    (stdlib 6.2.2) gen_statem.erl:3737: :gen_statem.loop_state_callback/11
    (stdlib 6.2.2) proc_lib.erl:329: :proc_lib.init_p_do_apply/3
Queue: [internal: {:connect, :init}]
Postponed: []
State: Postgrex.Protocol
Callback mode: :handle_event_function, state_enter: false
2025-09-30T14:36:01.981 application=db_connection [error] Postgrex.Protocol (#PID<0.195.0>) failed to connect: ** (DBConnection.ConnectionError) tcp connect (db:5432): non-existing domain - :nxdomain
2025-09-30T14:36:01.981 application=db_connection [error] Postgrex.Protocol (#PID<0.196.0>) failed to connect: ** (DBConnection.ConnectionError) tcp connect (db:5432): non-existing domain - :nxdomain
2025-09-30T14:36:01.981 application=db_connection [error] Postgrex.Protocol (#PID<0.212.0>) failed to connect: ** (DBConnection.ConnectionError) tcp connect (db:5432): non-existing domain - :nxdomain
2025-09-30T14:36:01.981 application=db_connection [error] Postgrex.Protocol (#PID<0.200.0>) failed to connect: ** (DBConnection.ConnectionError) tcp connect (db:5432): non-existing domain - :nxdomain
2025-09-30T14:36:01.981 application=db_connection [error] Postgrex.Protocol (#PID<0.201.0>) failed to connect: ** (DBConnection.ConnectionError) tcp connect (db:5432): non-existing domain - :nxdomain
2025-09-30T14:36:01.981 [error] :gen_statem #PID<0.212.0> terminating
** (DBConnection.ConnectionError) tcp connect (db:5432): non-existing domain - :nxdomain
    (db_connection 2.8.0) lib/db_connection/connection.ex:104: DBConnection.Connection.handle_event/4
    (stdlib 6.2.2) gen_statem.erl:3737: :gen_statem.loop_state_callback/11
    (stdlib 6.2.2) proc_lib.erl:329: :proc_lib.init_p_do_apply/3
Queue: [internal: {:connect, :init}]
Postponed: []
State: Postgrex.Protocol
Callback mode: :handle_event_function, state_enter: false
2025-09-30T14:36:05.859 application=db_connection [error] Postgrex.Protocol (#PID<0.216.0>) failed to connect: ** (DBConnection.ConnectionError) tcp connect (db:5432): non-existing domain - :nxdomain
2025-09-30T14:36:05.860 application=db_connection [error] Postgrex.Protocol (#PID<0.201.0>) failed to connect: ** (DBConnection.ConnectionError) tcp connect (db:5432): non-existing domain - :nxdomain
2025-09-30T14:36:05.860 application=db_connection [error] Postgrex.Protocol (#PID<0.195.0>) failed to connect: ** (DBConnection.ConnectionError) tcp connect (db:5432): non-existing domain - :nxdomain
2025-09-30T14:36:05.860 application=db_connection [error] Postgrex.Protocol (#PID<0.200.0>) failed to connect: ** (DBConnection.ConnectionError) tcp connect (db:5432): non-existing domain - :nxdomain
2025-09-30T14:36:05.860 [error] :gen_statem #PID<0.216.0> terminating
** (DBConnection.ConnectionError) tcp connect (db:5432): non-existing domain - :nxdomain
    (db_connection 2.8.0) lib/db_connection/connection.ex:104: DBConnection.Connection.handle_event/4
    (stdlib 6.2.2) gen_statem.erl:3737: :gen_statem.loop_state_callback/11
    (stdlib 6.2.2) proc_lib.erl:329: :proc_lib.init_p_do_apply/3
Queue: [internal: {:connect, :init}]
Postponed: []
State: Postgrex.Protocol
Callback mode: :handle_event_function, state_enter: false
2025-09-30T14:36:09.723 application=db_connection [error] Postgrex.Protocol (#PID<0.196.0>) failed to connect: ** (DBConnection.ConnectionError) tcp connect (db:5432): non-existing domain - :nxdomain
2025-09-30T14:36:09.723 application=db_connection [error] Postgrex.Protocol (#PID<0.220.0>) failed to connect: ** (DBConnection.ConnectionError) tcp connect (db:5432): non-existing domain - :nxdomain
2025-09-30T14:36:09.723 [error] :gen_statem #PID<0.220.0> terminating
** (DBConnection.ConnectionError) tcp connect (db:5432): non-existing domain - :nxdomain
    (db_connection 2.8.0) lib/db_connection/connection.ex:104: DBConnection.Connection.handle_event/4
    (stdlib 6.2.2) gen_statem.erl:3737: :gen_statem.loop_state_callback/11
    (stdlib 6.2.2) proc_lib.erl:329: :proc_lib.init_p_do_apply/3
Queue: [internal: {:connect, :init}]
Postponed: []
State: Postgrex.Protocol
Callback mode: :handle_event_function, state_enter: false
2025-09-30T14:36:13.928 application=db_connection [error] Postgrex.Protocol (#PID<0.195.0>) failed to connect: ** (DBConnection.ConnectionError) tcp connect (db:5432): non-existing domain - :nxdomain
2025-09-30T14:36:13.928 application=db_connection [error] Postgrex.Protocol (#PID<0.200.0>) failed to connect: ** (DBConnection.ConnectionError) tcp connect (db:5432): non-existing domain - :nxdomain
2025-09-30T14:36:13.928 application=db_connection [error] Postgrex.Protocol (#PID<0.201.0>) failed to connect: ** (DBConnection.ConnectionError) tcp connect (db:5432): non-existing domain - :nxdomain
2025-09-30T14:36:14.218 application=ecto_sql [error] Could not create schema migrations table. This error usually happens due to the following:

  * The database does not exist
  * The "schema_migrations" table, which Ecto uses for managing
    migrations, was defined by another library
  * There is a deadlock while migrating (such as using concurrent
    indexes with a migration_lock)

To fix the first issue, run "mix ecto.create" for the desired MIX_ENV.

To address the second, you can run "mix ecto.drop" followed by
"mix ecto.create", both for the desired MIX_ENV. Alternatively you may
configure Ecto to use another table and/or repository for managing
migrations:

    config :explorer, Explorer.Repo,
      migration_source: "some_other_table_for_schema_migrations",
      migration_repo: AnotherRepoForSchemaMigrations

The full error report is shown below.

2025-09-30T14:36:23.997 application=db_connection [error] Postgrex.Protocol (#PID<0.200.0>) failed to connect: ** (DBConnection.ConnectionError) tcp connect (db:5432): non-existing domain - :nxdomain
2025-09-30T14:36:23.997 application=db_connection [error] Postgrex.Protocol (#PID<0.207.0>) failed to connect: ** (DBConnection.ConnectionError) tcp connect (db:5432): non-existing domain - :nxdomain
2025-09-30T14:36:23.997 application=db_connection [error] Postgrex.Protocol (#PID<0.201.0>) failed to connect: ** (DBConnection.ConnectionError) tcp connect (db:5432): non-existing domain - :nxdomain
2025-09-30T14:36:23.997 application=db_connection [error] Postgrex.Protocol (#PID<0.196.0>) failed to connect: ** (DBConnection.ConnectionError) tcp connect (db:5432): non-existing domain - :nxdomain
2025-09-30T14:36:23.997 application=db_connection [error] Postgrex.Protocol (#PID<0.195.0>) failed to connect: ** (DBConnection.ConnectionError) tcp connect (db:5432): non-existing domain - :nxdomain
2025-09-30T14:36:24.008 [error] :gen_statem #PID<0.207.0> terminating
** (DBConnection.ConnectionError) tcp connect (db:5432): non-existing domain - :nxdomain
    (db_connection 2.8.0) lib/db_connection/connection.ex:104: DBConnection.Connection.handle_event/4
    (stdlib 6.2.2) gen_statem.erl:3737: :gen_statem.loop_state_callback/11
    (stdlib 6.2.2) proc_lib.erl:329: :proc_lib.init_p_do_apply/3
Queue: [internal: {:connect, :init}]
Postponed: []
State: Postgrex.Protocol
Callback mode: :handle_event_function, state_enter: false
2025-09-30T14:36:27.876 application=db_connection [error] Postgrex.Protocol (#PID<0.212.0>) failed to connect: ** (DBConnection.ConnectionError) tcp connect (db:5432): non-existing domain - :nxdomain
2025-09-30T14:36:27.876 application=db_connection [error] Postgrex.Protocol (#PID<0.195.0>) failed to connect: ** (DBConnection.ConnectionError) tcp connect (db:5432): non-existing domain - :nxdomain
2025-09-30T14:36:27.876 application=db_connection [error] Postgrex.Protocol (#PID<0.201.0>) failed to connect: ** (DBConnection.ConnectionError) tcp connect (db:5432): non-existing domain - :nxdomain
2025-09-30T14:36:27.876 application=db_connection [error] Postgrex.Protocol (#PID<0.196.0>) failed to connect: ** (DBConnection.ConnectionError) tcp connect (db:5432): non-existing domain - :nxdomain
2025-09-30T14:36:27.876 application=db_connection [error] Postgrex.Protocol (#PID<0.200.0>) failed to connect: ** (DBConnection.ConnectionError) tcp connect (db:5432): non-existing domain - :nxdomain
2025-09-30T14:36:27.876 [error] :gen_statem #PID<0.212.0> terminating
** (DBConnection.ConnectionError) tcp connect (db:5432): non-existing domain - :nxdomain
    (db_connection 2.8.0) lib/db_connection/connection.ex:104: DBConnection.Connection.handle_event/4
    (stdlib 6.2.2) gen_statem.erl:3737: :gen_statem.loop_state_callback/11
    (stdlib 6.2.2) proc_lib.erl:329: :proc_lib.init_p_do_apply/3
Queue: [internal: {:connect, :init}]
Postponed: []
State: Postgrex.Protocol
Callback mode: :handle_event_function, state_enter: false
2025-09-30T14:36:31.713 application=db_connection [error] Postgrex.Protocol (#PID<0.216.0>) failed to connect: ** (DBConnection.ConnectionError) tcp connect (db:5432): non-existing domain - :nxdomain
2025-09-30T14:36:31.714 application=db_connection [error] Postgrex.Protocol (#PID<0.196.0>) failed to connect: ** (DBConnection.ConnectionError) tcp connect (db:5432): non-existing domain - :nxdomain
2025-09-30T14:36:31.714 [error] :gen_statem #PID<0.216.0> terminating
** (DBConnection.ConnectionError) tcp connect (db:5432): non-existing domain - :nxdomain
    (db_connection 2.8.0) lib/db_connection/connection.ex:104: DBConnection.Connection.handle_event/4
    (stdlib 6.2.2) gen_statem.erl:3737: :gen_statem.loop_state_callback/11
    (stdlib 6.2.2) proc_lib.erl:329: :proc_lib.init_p_do_apply/3
Queue: [internal: {:connect, :init}]
Postponed: []
State: Postgrex.Protocol
Callback mode: :handle_event_function, state_enter: false
2025-09-30T14:36:35.594 application=db_connection [error] Postgrex.Protocol (#PID<0.220.0>) failed to connect: ** (DBConnection.ConnectionError) tcp connect (db:5432): non-existing domain - :nxdomain
2025-09-30T14:36:35.595 application=db_connection [error] Postgrex.Protocol (#PID<0.195.0>) failed to connect: ** (DBConnection.ConnectionError) tcp connect (db:5432): non-existing domain - :nxdomain
2025-09-30T14:36:35.595 application=db_connection [error] Postgrex.Protocol (#PID<0.200.0>) failed to connect: ** (DBConnection.ConnectionError) tcp connect (db:5432): non-existing domain - :nxdomain
2025-09-30T14:36:35.595 application=db_connection [error] Postgrex.Protocol (#PID<0.201.0>) failed to connect: ** (DBConnection.ConnectionError) tcp connect (db:5432): non-existing domain - :nxdomain
2025-09-30T14:36:35.594 [error] :gen_statem #PID<0.220.0> terminating
** (DBConnection.ConnectionError) tcp connect (db:5432): non-existing domain - :nxdomain
    (db_connection 2.8.0) lib/db_connection/connection.ex:104: DBConnection.Connection.handle_event/4
    (stdlib 6.2.2) gen_statem.erl:3737: :gen_statem.loop_state_callback/11
    (stdlib 6.2.2) proc_lib.erl:329: :proc_lib.init_p_do_apply/3
Queue: [internal: {:connect, :init}]
Postponed: []
State: Postgrex.Protocol
Callback mode: :handle_event_function, state_enter: false
2025-09-30T14:36:39.832 application=db_connection [error] Postgrex.Protocol (#PID<0.196.0>) failed to connect: ** (DBConnection.ConnectionError) tcp connect (db:5432): non-existing domain - :nxdomain
2025-09-30T14:36:40.058 application=ecto_sql [error] Could not create schema migrations table. This error usually happens due to the following:

  * The database does not exist
  * The "schema_migrations" table, which Ecto uses for managing
    migrations, was defined by another library
  * There is a deadlock while migrating (such as using concurrent
    indexes with a migration_lock)

To fix the first issue, run "mix ecto.create" for the desired MIX_ENV.

To address the second, you can run "mix ecto.drop" followed by
"mix ecto.create", both for the desired MIX_ENV. Alternatively you may
configure Ecto to use another table and/or repository for managing
migrations:

    config :explorer, Explorer.Repo,
      migration_source: "some_other_table_for_schema_migrations",
      migration_repo: AnotherRepoForSchemaMigrations

The full error report is shown below.

2025-09-30T14:36:48.856 application=db_connection [error] Postgrex.Protocol (#PID<0.200.0>) failed to connect: ** (DBConnection.ConnectionError) tcp connect (db:5432): non-existing domain - :nxdomain
2025-09-30T14:36:48.856 application=db_connection [error] Postgrex.Protocol (#PID<0.207.0>) failed to connect: ** (DBConnection.ConnectionError) tcp connect (db:5432): non-existing domain - :nxdomain
2025-09-30T14:36:48.856 application=db_connection [error] Postgrex.Protocol (#PID<0.201.0>) failed to connect: ** (DBConnection.ConnectionError) tcp connect (db:5432): non-existing domain - :nxdomain
2025-09-30T14:36:48.856 application=db_connection [error] Postgrex.Protocol (#PID<0.196.0>) failed to connect: ** (DBConnection.ConnectionError) tcp connect (db:5432): non-existing domain - :nxdomain
2025-09-30T14:36:48.856 application=db_connection [error] Postgrex.Protocol (#PID<0.195.0>) failed to connect: ** (DBConnection.ConnectionError) tcp connect (db:5432): non-existing domain - :nxdomain
2025-09-30T14:36:48.863 [error] :gen_statem #PID<0.207.0> terminating
** (DBConnection.ConnectionError) tcp connect (db:5432): non-existing domain - :nxdomain
    (db_connection 2.8.0) lib/db_connection/connection.ex:104: DBConnection.Connection.handle_event/4
    (stdlib 6.2.2) gen_statem.erl:3737: :gen_statem.loop_state_callback/11
    (stdlib 6.2.2) proc_lib.erl:329: :proc_lib.init_p_do_apply/3
Queue: [internal: {:connect, :init}]
Postponed: []
State: Postgrex.Protocol
Callback mode: :handle_event_function, state_enter: false
2025-09-30T14:36:52.745 application=db_connection [error] Postgrex.Protocol (#PID<0.212.0>) failed to connect: ** (DBConnection.ConnectionError) tcp connect (db:5432): non-existing domain - :nxdomain
2025-09-30T14:36:52.745 application=db_connection [error] Postgrex.Protocol (#PID<0.196.0>) failed to connect: ** (DBConnection.ConnectionError) tcp connect (db:5432): non-existing domain - :nxdomain
2025-09-30T14:36:52.745 application=db_connection [error] Postgrex.Protocol (#PID<0.200.0>) failed to connect: ** (DBConnection.ConnectionError) tcp connect (db:5432): non-existing domain - :nxdomain
2025-09-30T14:36:52.745 application=db_connection [error] Postgrex.Protocol (#PID<0.201.0>) failed to connect: ** (DBConnection.ConnectionError) tcp connect (db:5432): non-existing domain - :nxdomain
2025-09-30T14:36:52.745 application=db_connection [error] Postgrex.Protocol (#PID<0.195.0>) failed to connect: ** (DBConnection.ConnectionError) tcp connect (db:5432): non-existing domain - :nxdomain
2025-09-30T14:36:52.745 [error] :gen_statem #PID<0.212.0> terminating
** (DBConnection.ConnectionError) tcp connect (db:5432): non-existing domain - :nxdomain
    (db_connection 2.8.0) lib/db_connection/connection.ex:104: DBConnection.Connection.handle_event/4
    (stdlib 6.2.2) gen_statem.erl:3737: :gen_statem.loop_state_callback/11
    (stdlib 6.2.2) proc_lib.erl:329: :proc_lib.init_p_do_apply/3
Queue: [internal: {:connect, :init}]
Postponed: []
State: Postgrex.Protocol
Callback mode: :handle_event_function, state_enter: false
2025-09-30T14:36:55.455 application=db_connection [error] Postgrex.Protocol (#PID<0.196.0>) failed to connect: ** (DBConnection.ConnectionError) tcp connect (db:5432): non-existing domain - :nxdomain
2025-09-30T14:36:55.455 application=db_connection [error] Postgrex.Protocol (#PID<0.201.0>) failed to connect: ** (DBConnection.ConnectionError) tcp connect (db:5432): non-existing domain - :nxdomain
2025-09-30T14:36:55.455 application=db_connection [error] Postgrex.Protocol (#PID<0.216.0>) failed to connect: ** (DBConnection.ConnectionError) tcp connect (db:5432): non-existing domain - :nxdomain
2025-09-30T14:36:55.455 application=db_connection [error] Postgrex.Protocol (#PID<0.200.0>) failed to connect: ** (DBConnection.ConnectionError) tcp connect (db:5432): non-existing domain - :nxdomain
2025-09-30T14:36:55.455 [error] :gen_statem #PID<0.216.0> terminating
** (DBConnection.ConnectionError) tcp connect (db:5432): non-existing domain - :nxdomain
    (db_connection 2.8.0) lib/db_connection/connection.ex:104: DBConnection.Connection.handle_event/4
    (stdlib 6.2.2) gen_statem.erl:3737: :gen_statem.loop_state_callback/11
    (stdlib 6.2.2) proc_lib.erl:329: :proc_lib.init_p_do_apply/3
Queue: [internal: {:connect, :init}]
Postponed: []
State: Postgrex.Protocol
Callback mode: :handle_event_function, state_enter: false
2025-09-30T14:36:59.307 application=db_connection [error] Postgrex.Protocol (#PID<0.220.0>) failed to connect: ** (DBConnection.ConnectionError) tcp connect (db:5432): non-existing domain - :nxdomain
2025-09-30T14:36:59.307 application=db_connection [error] Postgrex.Protocol (#PID<0.195.0>) failed to connect: ** (DBConnection.ConnectionError) tcp connect (db:5432): non-existing domain - :nxdomain
2025-09-30T14:36:59.307 application=db_connection [error] Postgrex.Protocol (#PID<0.196.0>) failed to connect: ** (DBConnection.ConnectionError) tcp connect (db:5432): non-existing domain - :nxdomain
2025-09-30T14:36:59.308 application=db_connection [error] Postgrex.Protocol (#PID<0.201.0>) failed to connect: ** (DBConnection.ConnectionError) tcp connect (db:5432): non-existing domain - :nxdomain
2025-09-30T14:36:59.307 [error] :gen_statem #PID<0.220.0> terminating
** (DBConnection.ConnectionError) tcp connect (db:5432): non-existing domain - :nxdomain
    (db_connection 2.8.0) lib/db_connection/connection.ex:104: DBConnection.Connection.handle_event/4
    (stdlib 6.2.2) gen_statem.erl:3737: :gen_statem.loop_state_callback/11
    (stdlib 6.2.2) proc_lib.erl:329: :proc_lib.init_p_do_apply/3
Queue: [internal: {:connect, :init}]
Postponed: []
State: Postgrex.Protocol
Callback mode: :handle_event_function, state_enter: false
2025-09-30T14:37:03.803 application=ecto_sql [error] Could not create schema migrations table. This error usually happens due to the following:

  * The database does not exist
  * The "schema_migrations" table, which Ecto uses for managing
    migrations, was defined by another library
  * There is a deadlock while migrating (such as using concurrent
    indexes with a migration_lock)

To fix the first issue, run "mix ecto.create" for the desired MIX_ENV.

To address the second, you can run "mix ecto.drop" followed by
"mix ecto.create", both for the desired MIX_ENV. Alternatively you may
configure Ecto to use another table and/or repository for managing
migrations:

    config :explorer, Explorer.Repo,
      migration_source: "some_other_table_for_schema_migrations",
      migration_repo: AnotherRepoForSchemaMigrations

The full error report is shown below.

2025-09-30T14:37:14.123 application=db_connection [error] Postgrex.Protocol (#PID<0.196.0>) failed to connect: ** (DBConnection.ConnectionError) tcp connect (db:5432): non-existing domain - :nxdomain
2025-09-30T14:37:14.123 application=db_connection [error] Postgrex.Protocol (#PID<0.195.0>) failed to connect: ** (DBConnection.ConnectionError) tcp connect (db:5432): non-existing domain - :nxdomain
2025-09-30T14:37:14.123 application=db_connection [error] Postgrex.Protocol (#PID<0.201.0>) failed to connect: ** (DBConnection.ConnectionError) tcp connect (db:5432): non-existing domain - :nxdomain
2025-09-30T14:37:14.123 application=db_connection [error] Postgrex.Protocol (#PID<0.200.0>) failed to connect: ** (DBConnection.ConnectionError) tcp connect (db:5432): non-existing domain - :nxdomain
2025-09-30T14:37:14.123 application=db_connection [error] Postgrex.Protocol (#PID<0.207.0>) failed to connect: ** (DBConnection.ConnectionError) tcp connect (db:5432): non-existing domain - :nxdomain
2025-09-30T14:37:14.129 [error] :gen_statem #PID<0.207.0> terminating
** (DBConnection.ConnectionError) tcp connect (db:5432): non-existing domain - :nxdomain
    (db_connection 2.8.0) lib/db_connection/connection.ex:104: DBConnection.Connection.handle_event/4
    (stdlib 6.2.2) gen_statem.erl:3737: :gen_statem.loop_state_callback/11
    (stdlib 6.2.2) proc_lib.erl:329: :proc_lib.init_p_do_apply/3
Queue: [internal: {:connect, :init}]
Postponed: []
State: Postgrex.Protocol
Callback mode: :handle_event_function, state_enter: false
2025-09-30T14:37:18.010 application=db_connection [error] Postgrex.Protocol (#PID<0.212.0>) failed to connect: ** (DBConnection.ConnectionError) tcp connect (db:5432): non-existing domain - :nxdomain
2025-09-30T14:37:18.010 application=db_connection [error] Postgrex.Protocol (#PID<0.195.0>) failed to connect: ** (DBConnection.ConnectionError) tcp connect (db:5432): non-existing domain - :nxdomain
2025-09-30T14:37:18.010 application=db_connection [error] Postgrex.Protocol (#PID<0.200.0>) failed to connect: ** (DBConnection.ConnectionError) tcp connect (db:5432): non-existing domain - :nxdomain
2025-09-30T14:37:18.010 application=db_connection [error] Postgrex.Protocol (#PID<0.196.0>) failed to connect: ** (DBConnection.ConnectionError) tcp connect (db:5432): non-existing domain - :nxdomain
2025-09-30T14:37:18.010 application=db_connection [error] Postgrex.Protocol (#PID<0.201.0>) failed to connect: ** (DBConnection.ConnectionError) tcp connect (db:5432): non-existing domain - :nxdomain
2025-09-30T14:37:18.010 [error] :gen_statem #PID<0.212.0> terminating
** (DBConnection.ConnectionError) tcp connect (db:5432): non-existing domain - :nxdomain
    (db_connection 2.8.0) lib/db_connection/connection.ex:104: DBConnection.Connection.handle_event/4
    (stdlib 6.2.2) gen_statem.erl:3737: :gen_statem.loop_state_callback/11
    (stdlib 6.2.2) proc_lib.erl:329: :proc_lib.init_p_do_apply/3
Queue: [internal: {:connect, :init}]
Postponed: []
State: Postgrex.Protocol
Callback mode: :handle_event_function, state_enter: false
2025-09-30T14:37:21.853 application=db_connection [error] Postgrex.Protocol (#PID<0.201.0>) failed to connect: ** (DBConnection.ConnectionError) tcp connect (db:5432): non-existing domain - :nxdomain
2025-09-30T14:37:21.853 application=db_connection [error] Postgrex.Protocol (#PID<0.216.0>) failed to connect: ** (DBConnection.ConnectionError) tcp connect (db:5432): non-existing domain - :nxdomain
2025-09-30T14:37:21.853 application=db_connection [error] Postgrex.Protocol (#PID<0.195.0>) failed to connect: ** (DBConnection.ConnectionError) tcp connect (db:5432): non-existing domain - :nxdomain
2025-09-30T14:37:21.854 application=db_connection [error] Postgrex.Protocol (#PID<0.196.0>) failed to connect: ** (DBConnection.ConnectionError) tcp connect (db:5432): non-existing domain - :nxdomain
2025-09-30T14:37:21.853 [error] :gen_statem #PID<0.216.0> terminating
** (DBConnection.ConnectionError) tcp connect (db:5432): non-existing domain - :nxdomain
    (db_connection 2.8.0) lib/db_connection/connection.ex:104: DBConnection.Connection.handle_event/4
    (stdlib 6.2.2) gen_statem.erl:3737: :gen_statem.loop_state_callback/11
    (stdlib 6.2.2) proc_lib.erl:329: :proc_lib.init_p_do_apply/3
Queue: [internal: {:connect, :init}]
Postponed: []
State: Postgrex.Protocol
Callback mode: :handle_event_function, state_enter: false
2025-09-30T14:37:24.564 application=db_connection [error] Postgrex.Protocol (#PID<0.200.0>) failed to connect: ** (DBConnection.ConnectionError) tcp connect (db:5432): non-existing domain - :nxdomain
2025-09-30T14:37:24.564 application=db_connection [error] Postgrex.Protocol (#PID<0.220.0>) failed to connect: ** (DBConnection.ConnectionError) tcp connect (db:5432): non-existing domain - :nxdomain
2025-09-30T14:37:24.565 [error] :gen_statem #PID<0.220.0> terminating
** (DBConnection.ConnectionError) tcp connect (db:5432): non-existing domain - :nxdomain
    (db_connection 2.8.0) lib/db_connection/connection.ex:104: DBConnection.Connection.handle_event/4
    (stdlib 6.2.2) gen_statem.erl:3737: :gen_statem.loop_state_callback/11
    (stdlib 6.2.2) proc_lib.erl:329: :proc_lib.init_p_do_apply/3
Queue: [internal: {:connect, :init}]
Postponed: []
State: Postgrex.Protocol
Callback mode: :handle_event_function, state_enter: false
2025-09-30T14:37:29.080 application=ecto_sql [error] Could not create schema migrations table. This error usually happens due to the following:

  * The database does not exist
  * The "schema_migrations" table, which Ecto uses for managing
    migrations, was defined by another library
  * There is a deadlock while migrating (such as using concurrent
    indexes with a migration_lock)

To fix the first issue, run "mix ecto.create" for the desired MIX_ENV.

To address the second, you can run "mix ecto.drop" followed by
"mix ecto.create", both for the desired MIX_ENV. Alternatively you may
configure Ecto to use another table and/or repository for managing
migrations:

    config :explorer, Explorer.Repo,
      migration_source: "some_other_table_for_schema_migrations",
      migration_repo: AnotherRepoForSchemaMigrations

The full error report is shown below.

2025-09-30T14:37:38.143 application=db_connection [error] Postgrex.Protocol (#PID<0.196.0>) failed to connect: ** (DBConnection.ConnectionError) tcp connect (db:5432): non-existing domain - :nxdomain
2025-09-30T14:37:38.143 application=db_connection [error] Postgrex.Protocol (#PID<0.200.0>) failed to connect: ** (DBConnection.ConnectionError) tcp connect (db:5432): non-existing domain - :nxdomain
2025-09-30T14:37:38.143 application=db_connection [error] Postgrex.Protocol (#PID<0.207.0>) failed to connect: ** (DBConnection.ConnectionError) tcp connect (db:5432): non-existing domain - :nxdomain
2025-09-30T14:37:38.143 application=db_connection [error] Postgrex.Protocol (#PID<0.195.0>) failed to connect: ** (DBConnection.ConnectionError) tcp connect (db:5432): non-existing domain - :nxdomain
2025-09-30T14:37:38.143 application=db_connection [error] Postgrex.Protocol (#PID<0.201.0>) failed to connect: ** (DBConnection.ConnectionError) tcp connect (db:5432): non-existing domain - :nxdomain
2025-09-30T14:37:38.155 [error] :gen_statem #PID<0.207.0> terminating
** (DBConnection.ConnectionError) tcp connect (db:5432): non-existing domain - :nxdomain
    (db_connection 2.8.0) lib/db_connection/connection.ex:104: DBConnection.Connection.handle_event/4
    (stdlib 6.2.2) gen_statem.erl:3737: :gen_statem.loop_state_callback/11
    (stdlib 6.2.2) proc_lib.erl:329: :proc_lib.init_p_do_apply/3
Queue: [internal: {:connect, :init}]
Postponed: []
State: Postgrex.Protocol
Callback mode: :handle_event_function, state_enter: false
2025-09-30T14:37:42.023 application=db_connection [error] Postgrex.Protocol (#PID<0.212.0>) failed to connect: ** (DBConnection.ConnectionError) tcp connect (db:5432): non-existing domain - :nxdomain
2025-09-30T14:37:42.024 application=db_connection [error] Postgrex.Protocol (#PID<0.201.0>) failed to connect: ** (DBConnection.ConnectionError) tcp connect (db:5432): non-existing domain - :nxdomain
2025-09-30T14:37:42.024 application=db_connection [error] Postgrex.Protocol (#PID<0.195.0>) failed to connect: ** (DBConnection.ConnectionError) tcp connect (db:5432): non-existing domain - :nxdomain
2025-09-30T14:37:42.024 application=db_connection [error] Postgrex.Protocol (#PID<0.196.0>) failed to connect: ** (DBConnection.ConnectionError) tcp connect (db:5432): non-existing domain - :nxdomain
2025-09-30T14:37:42.024 application=db_connection [error] Postgrex.Protocol (#PID<0.200.0>) failed to connect: ** (DBConnection.ConnectionError) tcp connect (db:5432): non-existing domain - :nxdomain
2025-09-30T14:37:42.023 [error] :gen_statem #PID<0.212.0> terminating
** (DBConnection.ConnectionError) tcp connect (db:5432): non-existing domain - :nxdomain
    (db_connection 2.8.0) lib/db_connection/connection.ex:104: DBConnection.Connection.handle_event/4
    (stdlib 6.2.2) gen_statem.erl:3737: :gen_statem.loop_state_callback/11
    (stdlib 6.2.2) proc_lib.erl:329: :proc_lib.init_p_do_apply/3
Queue: [internal: {:connect, :init}]
Postponed: []
State: Postgrex.Protocol
Callback mode: :handle_event_function, state_enter: false
2025-09-30T14:37:45.879 application=db_connection [error] Postgrex.Protocol (#PID<0.201.0>) failed to connect: ** (DBConnection.ConnectionError) tcp connect (db:5432): non-existing domain - :nxdomain
2025-09-30T14:37:45.879 application=db_connection [error] Postgrex.Protocol (#PID<0.216.0>) failed to connect: ** (DBConnection.ConnectionError) tcp connect (db:5432): non-existing domain - :nxdomain
2025-09-30T14:37:45.879 application=db_connection [error] Postgrex.Protocol (#PID<0.200.0>) failed to connect: ** (DBConnection.ConnectionError) tcp connect (db:5432): non-existing domain - :nxdomain
2025-09-30T14:37:45.879 application=db_connection [error] Postgrex.Protocol (#PID<0.195.0>) failed to connect: ** (DBConnection.ConnectionError) tcp connect (db:5432): non-existing domain - :nxdomain
2025-09-30T14:37:45.879 [error] :gen_statem #PID<0.216.0> terminating
** (DBConnection.ConnectionError) tcp connect (db:5432): non-existing domain - :nxdomain
    (db_connection 2.8.0) lib/db_connection/connection.ex:104: DBConnection.Connection.handle_event/4
    (stdlib 6.2.2) gen_statem.erl:3737: :gen_statem.loop_state_callback/11
    (stdlib 6.2.2) proc_lib.erl:329: :proc_lib.init_p_do_apply/3
Queue: [internal: {:connect, :init}]
Postponed: []
State: Postgrex.Protocol
Callback mode: :handle_event_function, state_enter: false
2025-09-30T14:37:49.742 application=db_connection [error] Postgrex.Protocol (#PID<0.220.0>) failed to connect: ** (DBConnection.ConnectionError) tcp connect (db:5432): non-existing domain - :nxdomain
2025-09-30T14:37:49.742 application=db_connection [error] Postgrex.Protocol (#PID<0.196.0>) failed to connect: ** (DBConnection.ConnectionError) tcp connect (db:5432): non-existing domain - :nxdomain
2025-09-30T14:37:49.742 [error] :gen_statem #PID<0.220.0> terminating
** (DBConnection.ConnectionError) tcp connect (db:5432): non-existing domain - :nxdomain
    (db_connection 2.8.0) lib/db_connection/connection.ex:104: DBConnection.Connection.handle_event/4
    (stdlib 6.2.2) gen_statem.erl:3737: :gen_statem.loop_state_callback/11
    (stdlib 6.2.2) proc_lib.erl:329: :proc_lib.init_p_do_apply/3
Queue: [internal: {:connect, :init}]
Postponed: []
State: Postgrex.Protocol
Callback mode: :handle_event_function, state_enter: false
2025-09-30T14:37:53.092 application=ecto_sql [error] Could not create schema migrations table. This error usually happens due to the following:

  * The database does not exist
  * The "schema_migrations" table, which Ecto uses for managing
    migrations, was defined by another library
  * There is a deadlock while migrating (such as using concurrent
    indexes with a migration_lock)

To fix the first issue, run "mix ecto.create" for the desired MIX_ENV.

To address the second, you can run "mix ecto.drop" followed by
"mix ecto.create", both for the desired MIX_ENV. Alternatively you may
configure Ecto to use another table and/or repository for managing
migrations:

    config :explorer, Explorer.Repo,
      migration_source: "some_other_table_for_schema_migrations",
      migration_repo: AnotherRepoForSchemaMigrations

The full error report is shown below.

2025-09-30T14:38:02.854 application=db_connection [error] Postgrex.Protocol (#PID<0.196.0>) failed to connect: ** (DBConnection.ConnectionError) tcp connect (db:5432): non-existing domain - :nxdomain
2025-09-30T14:38:02.854 application=db_connection [error] Postgrex.Protocol (#PID<0.207.0>) failed to connect: ** (DBConnection.ConnectionError) tcp connect (db:5432): non-existing domain - :nxdomain
2025-09-30T14:38:02.854 application=db_connection [error] Postgrex.Protocol (#PID<0.195.0>) failed to connect: ** (DBConnection.ConnectionError) tcp connect (db:5432): non-existing domain - :nxdomain
2025-09-30T14:38:02.854 application=db_connection [error] Postgrex.Protocol (#PID<0.200.0>) failed to connect: ** (DBConnection.ConnectionError) tcp connect (db:5432): non-existing domain - :nxdomain
2025-09-30T14:38:02.854 application=db_connection [error] Postgrex.Protocol (#PID<0.201.0>) failed to connect: ** (DBConnection.ConnectionError) tcp connect (db:5432): non-existing domain - :nxdomain
2025-09-30T14:38:02.862 [error] :gen_statem #PID<0.207.0> terminating
** (DBConnection.ConnectionError) tcp connect (db:5432): non-existing domain - :nxdomain
    (db_connection 2.8.0) lib/db_connection/connection.ex:104: DBConnection.Connection.handle_event/4
    (stdlib 6.2.2) gen_statem.erl:3737: :gen_statem.loop_state_callback/11
    (stdlib 6.2.2) proc_lib.erl:329: :proc_lib.init_p_do_apply/3
Queue: [internal: {:connect, :init}]
Postponed: []
State: Postgrex.Protocol
Callback mode: :handle_event_function, state_enter: false
2025-09-30T14:38:06.746 application=db_connection [error] Postgrex.Protocol (#PID<0.196.0>) failed to connect: ** (DBConnection.ConnectionError) tcp connect (db:5432): non-existing domain - :nxdomain
2025-09-30T14:38:06.746 application=db_connection [error] Postgrex.Protocol (#PID<0.201.0>) failed to connect: ** (DBConnection.ConnectionError) tcp connect (db:5432): non-existing domain - :nxdomain
2025-09-30T14:38:06.746 application=db_connection [error] Postgrex.Protocol (#PID<0.212.0>) failed to connect: ** (DBConnection.ConnectionError) tcp connect (db:5432): non-existing domain - :nxdomain
2025-09-30T14:38:06.747 application=db_connection [error] Postgrex.Protocol (#PID<0.200.0>) failed to connect: ** (DBConnection.ConnectionError) tcp connect (db:5432): non-existing domain - :nxdomain
2025-09-30T14:38:06.747 application=db_connection [error] Postgrex.Protocol (#PID<0.195.0>) failed to connect: ** (DBConnection.ConnectionError) tcp connect (db:5432): non-existing domain - :nxdomain
2025-09-30T14:38:06.747 [error] :gen_statem #PID<0.212.0> terminating
** (DBConnection.ConnectionError) tcp connect (db:5432): non-existing domain - :nxdomain
    (db_connection 2.8.0) lib/db_connection/connection.ex:104: DBConnection.Connection.handle_event/4
    (stdlib 6.2.2) gen_statem.erl:3737: :gen_statem.loop_state_callback/11
    (stdlib 6.2.2) proc_lib.erl:329: :proc_lib.init_p_do_apply/3
Queue: [internal: {:connect, :init}]
Postponed: []
State: Postgrex.Protocol
Callback mode: :handle_event_function, state_enter: false
2025-09-30T14:38:10.607 application=db_connection [error] Postgrex.Protocol (#PID<0.216.0>) failed to connect: ** (DBConnection.ConnectionError) tcp connect (db:5432): non-existing domain - :nxdomain
2025-09-30T14:38:10.607 application=db_connection [error] Postgrex.Protocol (#PID<0.201.0>) failed to connect: ** (DBConnection.ConnectionError) tcp connect (db:5432): non-existing domain - :nxdomain
2025-09-30T14:38:10.607 application=db_connection [error] Postgrex.Protocol (#PID<0.196.0>) failed to connect: ** (DBConnection.ConnectionError) tcp connect (db:5432): non-existing domain - :nxdomain
2025-09-30T14:38:10.607 [error] :gen_statem #PID<0.216.0> terminating
** (DBConnection.ConnectionError) tcp connect (db:5432): non-existing domain - :nxdomain
    (db_connection 2.8.0) lib/db_connection/connection.ex:104: DBConnection.Connection.handle_event/4
    (stdlib 6.2.2) gen_statem.erl:3737: :gen_statem.loop_state_callback/11
    (stdlib 6.2.2) proc_lib.erl:329: :proc_lib.init_p_do_apply/3
Queue: [internal: {:connect, :init}]
Postponed: []
State: Postgrex.Protocol
Callback mode: :handle_event_function, state_enter: false
2025-09-30T14:38:14.471 application=db_connection [error] Postgrex.Protocol (#PID<0.195.0>) failed to connect: ** (DBConnection.ConnectionError) tcp connect (db:5432): non-existing domain - :nxdomain
2025-09-30T14:38:14.471 application=db_connection [error] Postgrex.Protocol (#PID<0.200.0>) failed to connect: ** (DBConnection.ConnectionError) tcp connect (db:5432): non-existing domain - :nxdomain
2025-09-30T14:38:14.471 application=db_connection [error] Postgrex.Protocol (#PID<0.220.0>) failed to connect: ** (DBConnection.ConnectionError) tcp connect (db:5432): non-existing domain - :nxdomain
2025-09-30T14:38:14.472 [error] :gen_statem #PID<0.220.0> terminating
** (DBConnection.ConnectionError) tcp connect (db:5432): non-existing domain - :nxdomain
    (db_connection 2.8.0) lib/db_connection/connection.ex:104: DBConnection.Connection.handle_event/4
    (stdlib 6.2.2) gen_statem.erl:3737: :gen_statem.loop_state_callback/11
    (stdlib 6.2.2) proc_lib.erl:329: :proc_lib.init_p_do_apply/3
Queue: [internal: {:connect, :init}]
Postponed: []
State: Postgrex.Protocol
Callback mode: :handle_event_function, state_enter: false
2025-09-30T14:38:18.971 application=ecto_sql [error] Could not create schema migrations table. This error usually happens due to the following:

  * The database does not exist
  * The "schema_migrations" table, which Ecto uses for managing
    migrations, was defined by another library
  * There is a deadlock while migrating (such as using concurrent
    indexes with a migration_lock)

To fix the first issue, run "mix ecto.create" for the desired MIX_ENV.

To address the second, you can run "mix ecto.drop" followed by
"mix ecto.create", both for the desired MIX_ENV. Alternatively you may
configure Ecto to use another table and/or repository for managing
migrations:

    config :explorer, Explorer.Repo,
      migration_source: "some_other_table_for_schema_migrations",
      migration_repo: AnotherRepoForSchemaMigrations

The full error report is shown below.

2025-09-30T14:38:27.734 application=db_connection [error] Postgrex.Protocol (#PID<0.196.0>) failed to connect: ** (DBConnection.ConnectionError) tcp connect (db:5432): non-existing domain - :nxdomain
2025-09-30T14:38:27.734 application=db_connection [error] Postgrex.Protocol (#PID<0.201.0>) failed to connect: ** (DBConnection.ConnectionError) tcp connect (db:5432): non-existing domain - :nxdomain
2025-09-30T14:38:27.734 application=db_connection [error] Postgrex.Protocol (#PID<0.200.0>) failed to connect: ** (DBConnection.ConnectionError) tcp connect (db:5432): non-existing domain - :nxdomain
2025-09-30T14:38:27.734 application=db_connection [error] Postgrex.Protocol (#PID<0.195.0>) failed to connect: ** (DBConnection.ConnectionError) tcp connect (db:5432): non-existing domain - :nxdomain
2025-09-30T14:38:27.734 application=db_connection [error] Postgrex.Protocol (#PID<0.207.0>) failed to connect: ** (DBConnection.ConnectionError) tcp connect (db:5432): non-existing domain - :nxdomain
2025-09-30T14:38:27.745 [error] :gen_statem #PID<0.207.0> terminating
** (DBConnection.ConnectionError) tcp connect (db:5432): non-existing domain - :nxdomain
    (db_connection 2.8.0) lib/db_connection/connection.ex:104: DBConnection.Connection.handle_event/4
    (stdlib 6.2.2) gen_statem.erl:3737: :gen_statem.loop_state_callback/11
    (stdlib 6.2.2) proc_lib.erl:329: :proc_lib.init_p_do_apply/3
Queue: [internal: {:connect, :init}]
Postponed: []
State: Postgrex.Protocol
Callback mode: :handle_event_function, state_enter: false
2025-09-30T14:38:31.627 application=db_connection [error] Postgrex.Protocol (#PID<0.201.0>) failed to connect: ** (DBConnection.ConnectionError) tcp connect (db:5432): non-existing domain - :nxdomain
2025-09-30T14:38:31.627 application=db_connection [error] Postgrex.Protocol (#PID<0.212.0>) failed to connect: ** (DBConnection.ConnectionError) tcp connect (db:5432): non-existing domain - :nxdomain
2025-09-30T14:38:31.627 application=db_connection [error] Postgrex.Protocol (#PID<0.196.0>) failed to connect: ** (DBConnection.ConnectionError) tcp connect (db:5432): non-existing domain - :nxdomain
2025-09-30T14:38:31.627 application=db_connection [error] Postgrex.Protocol (#PID<0.200.0>) failed to connect: ** (DBConnection.ConnectionError) tcp connect (db:5432): non-existing domain - :nxdomain
2025-09-30T14:38:31.628 application=db_connection [error] Postgrex.Protocol (#PID<0.195.0>) failed to connect: ** (DBConnection.ConnectionError) tcp connect (db:5432): non-existing domain - :nxdomain
2025-09-30T14:38:31.627 [error] :gen_statem #PID<0.212.0> terminating
** (DBConnection.ConnectionError) tcp connect (db:5432): non-existing domain - :nxdomain
    (db_connection 2.8.0) lib/db_connection/connection.ex:104: DBConnection.Connection.handle_event/4
    (stdlib 6.2.2) gen_statem.erl:3737: :gen_statem.loop_state_callback/11
    (stdlib 6.2.2) proc_lib.erl:329: :proc_lib.init_p_do_apply/3
Queue: [internal: {:connect, :init}]
Postponed: []
State: Postgrex.Protocol
Callback mode: :handle_event_function, state_enter: false
2025-09-30T14:38:35.490 application=db_connection [error] Postgrex.Protocol (#PID<0.216.0>) failed to connect: ** (DBConnection.ConnectionError) tcp connect (db:5432): non-existing domain - :nxdomain
2025-09-30T14:38:35.490 application=db_connection [error] Postgrex.Protocol (#PID<0.201.0>) failed to connect: ** (DBConnection.ConnectionError) tcp connect (db:5432): non-existing domain - :nxdomain
2025-09-30T14:38:35.490 [error] :gen_statem #PID<0.216.0> terminating
** (DBConnection.ConnectionError) tcp connect (db:5432): non-existing domain - :nxdomain
    (db_connection 2.8.0) lib/db_connection/connection.ex:104: DBConnection.Connection.handle_event/4
    (stdlib 6.2.2) gen_statem.erl:3737: :gen_statem.loop_state_callback/11
    (stdlib 6.2.2) proc_lib.erl:329: :proc_lib.init_p_do_apply/3
Queue: [internal: {:connect, :init}]
Postponed: []
State: Postgrex.Protocol
Callback mode: :handle_event_function, state_enter: false
2025-09-30T14:38:39.360 application=db_connection [error] Postgrex.Protocol (#PID<0.220.0>) failed to connect: ** (DBConnection.ConnectionError) tcp connect (db:5432): non-existing domain - :nxdomain
2025-09-30T14:38:39.360 application=db_connection [error] Postgrex.Protocol (#PID<0.195.0>) failed to connect: ** (DBConnection.ConnectionError) tcp connect (db:5432): non-existing domain - :nxdomain
2025-09-30T14:38:39.360 application=db_connection [error] Postgrex.Protocol (#PID<0.196.0>) failed to connect: ** (DBConnection.ConnectionError) tcp connect (db:5432): non-existing domain - :nxdomain
2025-09-30T14:38:39.360 application=db_connection [error] Postgrex.Protocol (#PID<0.200.0>) failed to connect: ** (DBConnection.ConnectionError) tcp connect (db:5432): non-existing domain - :nxdomain
2025-09-30T14:38:39.360 application=db_connection [error] Postgrex.Protocol (#PID<0.201.0>) failed to connect: ** (DBConnection.ConnectionError) tcp connect (db:5432): non-existing domain - :nxdomain
2025-09-30T14:38:39.360 [error] :gen_statem #PID<0.220.0> terminating
** (DBConnection.ConnectionError) tcp connect (db:5432): non-existing domain - :nxdomain
    (db_connection 2.8.0) lib/db_connection/connection.ex:104: DBConnection.Connection.handle_event/4
    (stdlib 6.2.2) gen_statem.erl:3737: :gen_statem.loop_state_callback/11
    (stdlib 6.2.2) proc_lib.erl:329: :proc_lib.init_p_do_apply/3
Queue: [internal: {:connect, :init}]
Postponed: []
State: Postgrex.Protocol
Callback mode: :handle_event_function, state_enter: false
2025-09-30T14:38:43.837 application=ecto_sql [error] Could not create schema migrations table. This error usually happens due to the following:

  * The database does not exist
  * The "schema_migrations" table, which Ecto uses for managing
    migrations, was defined by another library
  * There is a deadlock while migrating (such as using concurrent
    indexes with a migration_lock)

To fix the first issue, run "mix ecto.create" for the desired MIX_ENV.

To address the second, you can run "mix ecto.drop" followed by
"mix ecto.create", both for the desired MIX_ENV. Alternatively you may
configure Ecto to use another table and/or repository for managing
migrations:

    config :explorer, Explorer.Repo,
      migration_source: "some_other_table_for_schema_migrations",
      migration_repo: AnotherRepoForSchemaMigrations

The full error report is shown below.

2025-09-30T14:38:49.216 application=db_connection [error] Postgrex.Protocol (#PID<0.200.0>) failed to connect: ** (DBConnection.ConnectionError) tcp connect (db:5432): non-existing domain - :nxdomain
2025-09-30T14:38:49.216 application=db_connection [error] Postgrex.Protocol (#PID<0.201.0>) failed to connect: ** (DBConnection.ConnectionError) tcp connect (db:5432): non-existing domain - :nxdomain
2025-09-30T14:38:49.215 application=db_connection [error] Postgrex.Protocol (#PID<0.207.0>) failed to connect: ** (DBConnection.ConnectionError) tcp connect (db:5432): non-existing domain - :nxdomain
2025-09-30T14:38:49.215 application=db_connection [error] Postgrex.Protocol (#PID<0.195.0>) failed to connect: ** (DBConnection.ConnectionError) tcp connect (db:5432): non-existing domain - :nxdomain
2025-09-30T14:38:49.215 application=db_connection [error] Postgrex.Protocol (#PID<0.196.0>) failed to connect: ** (DBConnection.ConnectionError) tcp connect (db:5432): non-existing domain - :nxdomain
2025-09-30T14:38:49.223 [error] :gen_statem #PID<0.207.0> terminating
** (DBConnection.ConnectionError) tcp connect (db:5432): non-existing domain - :nxdomain
    (db_connection 2.8.0) lib/db_connection/connection.ex:104: DBConnection.Connection.handle_event/4
    (stdlib 6.2.2) gen_statem.erl:3737: :gen_statem.loop_state_callback/11
    (stdlib 6.2.2) proc_lib.erl:329: :proc_lib.init_p_do_apply/3
Queue: [internal: {:connect, :init}]
Postponed: []
State: Postgrex.Protocol
Callback mode: :handle_event_function, state_enter: false
2025-09-30T14:38:53.099 application=db_connection [error] Postgrex.Protocol (#PID<0.201.0>) failed to connect: ** (DBConnection.ConnectionError) tcp connect (db:5432): non-existing domain - :nxdomain
2025-09-30T14:38:53.099 application=db_connection [error] Postgrex.Protocol (#PID<0.212.0>) failed to connect: ** (DBConnection.ConnectionError) tcp connect (db:5432): non-existing domain - :nxdomain
2025-09-30T14:38:53.099 application=db_connection [error] Postgrex.Protocol (#PID<0.196.0>) failed to connect: ** (DBConnection.ConnectionError) tcp connect (db:5432): non-existing domain - :nxdomain
2025-09-30T14:38:53.099 application=db_connection [error] Postgrex.Protocol (#PID<0.195.0>) failed to connect: ** (DBConnection.ConnectionError) tcp connect (db:5432): non-existing domain - :nxdomain
2025-09-30T14:38:53.100 application=db_connection [error] Postgrex.Protocol (#PID<0.200.0>) failed to connect: ** (DBConnection.ConnectionError) tcp connect (db:5432): non-existing domain - :nxdomain
2025-09-30T14:38:53.099 [error] :gen_statem #PID<0.212.0> terminating
** (DBConnection.ConnectionError) tcp connect (db:5432): non-existing domain - :nxdomain
    (db_connection 2.8.0) lib/db_connection/connection.ex:104: DBConnection.Connection.handle_event/4
    (stdlib 6.2.2) gen_statem.erl:3737: :gen_statem.loop_state_callback/11
    (stdlib 6.2.2) proc_lib.erl:329: :proc_lib.init_p_do_apply/3
Queue: [internal: {:connect, :init}]
Postponed: []
State: Postgrex.Protocol
Callback mode: :handle_event_function, state_enter: false
2025-09-30T14:38:56.952 application=db_connection [error] Postgrex.Protocol (#PID<0.216.0>) failed to connect: ** (DBConnection.ConnectionError) tcp connect (db:5432): non-existing domain - :nxdomain
2025-09-30T14:38:56.952 application=db_connection [error] Postgrex.Protocol (#PID<0.201.0>) failed to connect: ** (DBConnection.ConnectionError) tcp connect (db:5432): non-existing domain - :nxdomain
2025-09-30T14:38:56.952 application=db_connection [error] Postgrex.Protocol (#PID<0.195.0>) failed to connect: ** (DBConnection.ConnectionError) tcp connect (db:5432): non-existing domain - :nxdomain
2025-09-30T14:38:56.952 [error] :gen_statem #PID<0.216.0> terminating
** (DBConnection.ConnectionError) tcp connect (db:5432): non-existing domain - :nxdomain
    (db_connection 2.8.0) lib/db_connection/connection.ex:104: DBConnection.Connection.handle_event/4
    (stdlib 6.2.2) gen_statem.erl:3737: :gen_statem.loop_state_callback/11
    (stdlib 6.2.2) proc_lib.erl:329: :proc_lib.init_p_do_apply/3
Queue: [internal: {:connect, :init}]
Postponed: []
State: Postgrex.Protocol
Callback mode: :handle_event_function, state_enter: false
2025-09-30T14:39:00.821 application=db_connection [error] Postgrex.Protocol (#PID<0.200.0>) failed to connect: ** (DBConnection.ConnectionError) tcp connect (db:5432): non-existing domain - :nxdomain
2025-09-30T14:39:00.821 application=db_connection [error] Postgrex.Protocol (#PID<0.220.0>) failed to connect: ** (DBConnection.ConnectionError) tcp connect (db:5432): non-existing domain - :nxdomain
2025-09-30T14:39:00.822 application=db_connection [error] Postgrex.Protocol (#PID<0.196.0>) failed to connect: ** (DBConnection.ConnectionError) tcp connect (db:5432): non-existing domain - :nxdomain
2025-09-30T14:39:00.822 application=db_connection [error] Postgrex.Protocol (#PID<0.201.0>) failed to connect: ** (DBConnection.ConnectionError) tcp connect (db:5432): non-existing domain - :nxdomain
2025-09-30T14:39:00.822 [error] :gen_statem #PID<0.220.0> terminating
** (DBConnection.ConnectionError) tcp connect (db:5432): non-existing domain - :nxdomain
    (db_connection 2.8.0) lib/db_connection/connection.ex:104: DBConnection.Connection.handle_event/4
    (stdlib 6.2.2) gen_statem.erl:3737: :gen_statem.loop_state_callback/11
    (stdlib 6.2.2) proc_lib.erl:329: :proc_lib.init_p_do_apply/3
Queue: [internal: {:connect, :init}]
Postponed: []
State: Postgrex.Protocol
Callback mode: :handle_event_function, state_enter: false
2025-09-30T14:39:05.338 application=ecto_sql [error] Could not create schema migrations table. This error usually happens due to the following:

  * The database does not exist
  * The "schema_migrations" table, which Ecto uses for managing
    migrations, was defined by another library
  * There is a deadlock while migrating (such as using concurrent
    indexes with a migration_lock)

To fix the first issue, run "mix ecto.create" for the desired MIX_ENV.

To address the second, you can run "mix ecto.drop" followed by
"mix ecto.create", both for the desired MIX_ENV. Alternatively you may
configure Ecto to use another table and/or repository for managing
migrations:

    config :explorer, Explorer.Repo,
      migration_source: "some_other_table_for_schema_migrations",
      migration_repo: AnotherRepoForSchemaMigrations

The full error report is shown below.

2025-09-30T14:39:16.050 application=db_connection [error] Postgrex.Protocol (#PID<0.195.0>) failed to connect: ** (DBConnection.ConnectionError) tcp connect (db:5432): non-existing domain - :nxdomain
2025-09-30T14:39:16.050 application=db_connection [error] Postgrex.Protocol (#PID<0.207.0>) failed to connect: ** (DBConnection.ConnectionError) tcp connect (db:5432): non-existing domain - :nxdomain
2025-09-30T14:39:16.050 application=db_connection [error] Postgrex.Protocol (#PID<0.196.0>) failed to connect: ** (DBConnection.ConnectionError) tcp connect (db:5432): non-existing domain - :nxdomain
2025-09-30T14:39:16.050 application=db_connection [error] Postgrex.Protocol (#PID<0.201.0>) failed to connect: ** (DBConnection.ConnectionError) tcp connect (db:5432): non-existing domain - :nxdomain
2025-09-30T14:39:16.050 application=db_connection [error] Postgrex.Protocol (#PID<0.200.0>) failed to connect: ** (DBConnection.ConnectionError) tcp connect (db:5432): non-existing domain - :nxdomain
2025-09-30T14:39:16.062 [error] :gen_statem #PID<0.207.0> terminating
** (DBConnection.ConnectionError) tcp connect (db:5432): non-existing domain - :nxdomain
    (db_connection 2.8.0) lib/db_connection/connection.ex:104: DBConnection.Connection.handle_event/4
    (stdlib 6.2.2) gen_statem.erl:3737: :gen_statem.loop_state_callback/11
    (stdlib 6.2.2) proc_lib.erl:329: :proc_lib.init_p_do_apply/3
Queue: [internal: {:connect, :init}]
Postponed: []
State: Postgrex.Protocol
Callback mode: :handle_event_function, state_enter: false
2025-09-30T14:39:18.789 application=db_connection [error] Postgrex.Protocol (#PID<0.201.0>) failed to connect: ** (DBConnection.ConnectionError) tcp connect (db:5432): non-existing domain - :nxdomain
2025-09-30T14:39:18.789 application=db_connection [error] Postgrex.Protocol (#PID<0.212.0>) failed to connect: ** (DBConnection.ConnectionError) tcp connect (db:5432): non-existing domain - :nxdomain
2025-09-30T14:39:18.790 application=db_connection [error] Postgrex.Protocol (#PID<0.196.0>) failed to connect: ** (DBConnection.ConnectionError) tcp connect (db:5432): non-existing domain - :nxdomain
2025-09-30T14:39:18.790 application=db_connection [error] Postgrex.Protocol (#PID<0.200.0>) failed to connect: ** (DBConnection.ConnectionError) tcp connect (db:5432): non-existing domain - :nxdomain
2025-09-30T14:39:18.790 application=db_connection [error] Postgrex.Protocol (#PID<0.195.0>) failed to connect: ** (DBConnection.ConnectionError) tcp connect (db:5432): non-existing domain - :nxdomain
2025-09-30T14:39:18.790 [error] :gen_statem #PID<0.212.0> terminating
** (DBConnection.ConnectionError) tcp connect (db:5432): non-existing domain - :nxdomain
    (db_connection 2.8.0) lib/db_connection/connection.ex:104: DBConnection.Connection.handle_event/4
    (stdlib 6.2.2) gen_statem.erl:3737: :gen_statem.loop_state_callback/11
    (stdlib 6.2.2) proc_lib.erl:329: :proc_lib.init_p_do_apply/3
Queue: [internal: {:connect, :init}]
Postponed: []
State: Postgrex.Protocol
Callback mode: :handle_event_function, state_enter: false
2025-09-30T14:39:22.665 application=db_connection [error] Postgrex.Protocol (#PID<0.216.0>) failed to connect: ** (DBConnection.ConnectionError) tcp connect (db:5432): non-existing domain - :nxdomain
2025-09-30T14:39:22.665 application=db_connection [error] Postgrex.Protocol (#PID<0.196.0>) failed to connect: ** (DBConnection.ConnectionError) tcp connect (db:5432): non-existing domain - :nxdomain
2025-09-30T14:39:22.665 application=db_connection [error] Postgrex.Protocol (#PID<0.195.0>) failed to connect: ** (DBConnection.ConnectionError) tcp connect (db:5432): non-existing domain - :nxdomain
2025-09-30T14:39:22.665 application=db_connection [error] Postgrex.Protocol (#PID<0.200.0>) failed to connect: ** (DBConnection.ConnectionError) tcp connect (db:5432): non-existing domain - :nxdomain
2025-09-30T14:39:22.665 [error] :gen_statem #PID<0.216.0> terminating
** (DBConnection.ConnectionError) tcp connect (db:5432): non-existing domain - :nxdomain
    (db_connection 2.8.0) lib/db_connection/connection.ex:104: DBConnection.Connection.handle_event/4
    (stdlib 6.2.2) gen_statem.erl:3737: :gen_statem.loop_state_callback/11
    (stdlib 6.2.2) proc_lib.erl:329: :proc_lib.init_p_do_apply/3
Queue: [internal: {:connect, :init}]
Postponed: []
State: Postgrex.Protocol
Callback mode: :handle_event_function, state_enter: false
2025-09-30T14:39:26.545 application=db_connection [error] Postgrex.Protocol (#PID<0.220.0>) failed to connect: ** (DBConnection.ConnectionError) tcp connect (db:5432): non-existing domain - :nxdomain
2025-09-30T14:39:26.545 application=db_connection [error] Postgrex.Protocol (#PID<0.196.0>) failed to connect: ** (DBConnection.ConnectionError) tcp connect (db:5432): non-existing domain - :nxdomain
2025-09-30T14:39:26.545 application=db_connection [error] Postgrex.Protocol (#PID<0.201.0>) failed to connect: ** (DBConnection.ConnectionError) tcp connect (db:5432): non-existing domain - :nxdomain
2025-09-30T14:39:26.545 [error] :gen_statem #PID<0.220.0> terminating
** (DBConnection.ConnectionError) tcp connect (db:5432): non-existing domain - :nxdomain
    (db_connection 2.8.0) lib/db_connection/connection.ex:104: DBConnection.Connection.handle_event/4
    (stdlib 6.2.2) gen_statem.erl:3737: :gen_statem.loop_state_callback/11
    (stdlib 6.2.2) proc_lib.erl:329: :proc_lib.init_p_do_apply/3
Queue: [internal: {:connect, :init}]
Postponed: []
State: Postgrex.Protocol
Callback mode: :handle_event_function, state_enter: false
2025-09-30T14:39:30.989 application=ecto_sql [error] Could not create schema migrations table. This error usually happens due to the following:

  * The database does not exist
  * The "schema_migrations" table, which Ecto uses for managing
    migrations, was defined by another library
  * There is a deadlock while migrating (such as using concurrent
    indexes with a migration_lock)

To fix the first issue, run "mix ecto.create" for the desired MIX_ENV.

To address the second, you can run "mix ecto.drop" followed by
"mix ecto.create", both for the desired MIX_ENV. Alternatively you may
configure Ecto to use another table and/or repository for managing
migrations:

    config :explorer, Explorer.Repo,
      migration_source: "some_other_table_for_schema_migrations",
      migration_repo: AnotherRepoForSchemaMigrations

The full error report is shown below.

2025-09-30T14:39:40.292 application=db_connection [error] Postgrex.Protocol (#PID<0.207.0>) failed to connect: ** (DBConnection.ConnectionError) tcp connect (db:5432): non-existing domain - :nxdomain
2025-09-30T14:39:40.292 application=db_connection [error] Postgrex.Protocol (#PID<0.195.0>) failed to connect: ** (DBConnection.ConnectionError) tcp connect (db:5432): non-existing domain - :nxdomain
2025-09-30T14:39:40.292 application=db_connection [error] Postgrex.Protocol (#PID<0.200.0>) failed to connect: ** (DBConnection.ConnectionError) tcp connect (db:5432): non-existing domain - :nxdomain
2025-09-30T14:39:40.292 application=db_connection [error] Postgrex.Protocol (#PID<0.201.0>) failed to connect: ** (DBConnection.ConnectionError) tcp connect (db:5432): non-existing domain - :nxdomain
2025-09-30T14:39:40.292 application=db_connection [error] Postgrex.Protocol (#PID<0.196.0>) failed to connect: ** (DBConnection.ConnectionError) tcp connect (db:5432): non-existing domain - :nxdomain
2025-09-30T14:39:40.300 [error] :gen_statem #PID<0.207.0> terminating
** (DBConnection.ConnectionError) tcp connect (db:5432): non-existing domain - :nxdomain
    (db_connection 2.8.0) lib/db_connection/connection.ex:104: DBConnection.Connection.handle_event/4
    (stdlib 6.2.2) gen_statem.erl:3737: :gen_statem.loop_state_callback/11
    (stdlib 6.2.2) proc_lib.erl:329: :proc_lib.init_p_do_apply/3
Queue: [internal: {:connect, :init}]
Postponed: []
State: Postgrex.Protocol
Callback mode: :handle_event_function, state_enter: false
2025-09-30T14:39:44.193 application=db_connection [error] Postgrex.Protocol (#PID<0.212.0>) failed to connect: ** (DBConnection.ConnectionError) tcp connect (db:5432): non-existing domain - :nxdomain
2025-09-30T14:39:44.193 application=db_connection [error] Postgrex.Protocol (#PID<0.195.0>) failed to connect: ** (DBConnection.ConnectionError) tcp connect (db:5432): non-existing domain - :nxdomain
2025-09-30T14:39:44.193 application=db_connection [error] Postgrex.Protocol (#PID<0.200.0>) failed to connect: ** (DBConnection.ConnectionError) tcp connect (db:5432): non-existing domain - :nxdomain
2025-09-30T14:39:44.193 application=db_connection [error] Postgrex.Protocol (#PID<0.201.0>) failed to connect: ** (DBConnection.ConnectionError) tcp connect (db:5432): non-existing domain - :nxdomain
2025-09-30T14:39:44.193 application=db_connection [error] Postgrex.Protocol (#PID<0.196.0>) failed to connect: ** (DBConnection.ConnectionError) tcp connect (db:5432): non-existing domain - :nxdomain
2025-09-30T14:39:44.193 [error] :gen_statem #PID<0.212.0> terminating
** (DBConnection.ConnectionError) tcp connect (db:5432): non-existing domain - :nxdomain
    (db_connection 2.8.0) lib/db_connection/connection.ex:104: DBConnection.Connection.handle_event/4
    (stdlib 6.2.2) gen_statem.erl:3737: :gen_statem.loop_state_callback/11
    (stdlib 6.2.2) proc_lib.erl:329: :proc_lib.init_p_do_apply/3
Queue: [internal: {:connect, :init}]
Postponed: []
State: Postgrex.Protocol
Callback mode: :handle_event_function, state_enter: false
2025-09-30T14:39:46.915 application=db_connection [error] Postgrex.Protocol (#PID<0.200.0>) failed to connect: ** (DBConnection.ConnectionError) tcp connect (db:5432): non-existing domain - :nxdomain
2025-09-30T14:39:46.915 application=db_connection [error] Postgrex.Protocol (#PID<0.216.0>) failed to connect: ** (DBConnection.ConnectionError) tcp connect (db:5432): non-existing domain - :nxdomain
2025-09-30T14:39:46.915 [error] :gen_statem #PID<0.216.0> terminating
** (DBConnection.ConnectionError) tcp connect (db:5432): non-existing domain - :nxdomain
    (db_connection 2.8.0) lib/db_connection/connection.ex:104: DBConnection.Connection.handle_event/4
    (stdlib 6.2.2) gen_statem.erl:3737: :gen_statem.loop_state_callback/11
    (stdlib 6.2.2) proc_lib.erl:329: :proc_lib.init_p_do_apply/3
Queue: [internal: {:connect, :init}]
Postponed: []
State: Postgrex.Protocol
Callback mode: :handle_event_function, state_enter: false
2025-09-30T14:39:50.800 application=db_connection [error] Postgrex.Protocol (#PID<0.201.0>) failed to connect: ** (DBConnection.ConnectionError) tcp connect (db:5432): non-existing domain - :nxdomain
2025-09-30T14:39:50.800 application=db_connection [error] Postgrex.Protocol (#PID<0.220.0>) failed to connect: ** (DBConnection.ConnectionError) tcp connect (db:5432): non-existing domain - :nxdomain
2025-09-30T14:39:50.801 application=db_connection [error] Postgrex.Protocol (#PID<0.195.0>) failed to connect: ** (DBConnection.ConnectionError) tcp connect (db:5432): non-existing domain - :nxdomain
2025-09-30T14:39:50.801 application=db_connection [error] Postgrex.Protocol (#PID<0.196.0>) failed to connect: ** (DBConnection.ConnectionError) tcp connect (db:5432): non-existing domain - :nxdomain
2025-09-30T14:39:50.801 [error] :gen_statem #PID<0.220.0> terminating
** (DBConnection.ConnectionError) tcp connect (db:5432): non-existing domain - :nxdomain
    (db_connection 2.8.0) lib/db_connection/connection.ex:104: DBConnection.Connection.handle_event/4
    (stdlib 6.2.2) gen_statem.erl:3737: :gen_statem.loop_state_callback/11
    (stdlib 6.2.2) proc_lib.erl:329: :proc_lib.init_p_do_apply/3
Queue: [internal: {:connect, :init}]
Postponed: []
State: Postgrex.Protocol
Callback mode: :handle_event_function, state_enter: false
2025-09-30T14:39:55.249 application=ecto_sql [error] Could not create schema migrations table. This error usually happens due to the following:

  * The database does not exist
  * The "schema_migrations" table, which Ecto uses for managing
    migrations, was defined by another library
  * There is a deadlock while migrating (such as using concurrent
    indexes with a migration_lock)

To fix the first issue, run "mix ecto.create" for the desired MIX_ENV.

To address the second, you can run "mix ecto.drop" followed by
"mix ecto.create", both for the desired MIX_ENV. Alternatively you may
configure Ecto to use another table and/or repository for managing
migrations:

    config :explorer, Explorer.Repo,
      migration_source: "some_other_table_for_schema_migrations",
      migration_repo: AnotherRepoForSchemaMigrations

The full error report is shown below.

2025-09-30T14:40:04.766 application=db_connection [error] Postgrex.Protocol (#PID<0.196.0>) failed to connect: ** (DBConnection.ConnectionError) tcp connect (db:5432): non-existing domain - :nxdomain
2025-09-30T14:40:04.766 application=db_connection [error] Postgrex.Protocol (#PID<0.201.0>) failed to connect: ** (DBConnection.ConnectionError) tcp connect (db:5432): non-existing domain - :nxdomain
2025-09-30T14:40:04.766 application=db_connection [error] Postgrex.Protocol (#PID<0.207.0>) failed to connect: ** (DBConnection.ConnectionError) tcp connect (db:5432): non-existing domain - :nxdomain
2025-09-30T14:40:04.766 application=db_connection [error] Postgrex.Protocol (#PID<0.195.0>) failed to connect: ** (DBConnection.ConnectionError) tcp connect (db:5432): non-existing domain - :nxdomain
2025-09-30T14:40:04.766 application=db_connection [error] Postgrex.Protocol (#PID<0.200.0>) failed to connect: ** (DBConnection.ConnectionError) tcp connect (db:5432): non-existing domain - :nxdomain
2025-09-30T14:40:04.773 [error] :gen_statem #PID<0.207.0> terminating
** (DBConnection.ConnectionError) tcp connect (db:5432): non-existing domain - :nxdomain
    (db_connection 2.8.0) lib/db_connection/connection.ex:104: DBConnection.Connection.handle_event/4
    (stdlib 6.2.2) gen_statem.erl:3737: :gen_statem.loop_state_callback/11
    (stdlib 6.2.2) proc_lib.erl:329: :proc_lib.init_p_do_apply/3
Queue: [internal: {:connect, :init}]
Postponed: []
State: Postgrex.Protocol
Callback mode: :handle_event_function, state_enter: false
2025-09-30T14:40:08.647 application=db_connection [error] Postgrex.Protocol (#PID<0.212.0>) failed to connect: ** (DBConnection.ConnectionError) tcp connect (db:5432): non-existing domain - :nxdomain
2025-09-30T14:40:08.647 application=db_connection [error] Postgrex.Protocol (#PID<0.195.0>) failed to connect: ** (DBConnection.ConnectionError) tcp connect (db:5432): non-existing domain - :nxdomain
2025-09-30T14:40:08.647 application=db_connection [error] Postgrex.Protocol (#PID<0.201.0>) failed to connect: ** (DBConnection.ConnectionError) tcp connect (db:5432): non-existing domain - :nxdomain
2025-09-30T14:40:08.647 application=db_connection [error] Postgrex.Protocol (#PID<0.200.0>) failed to connect: ** (DBConnection.ConnectionError) tcp connect (db:5432): non-existing domain - :nxdomain
2025-09-30T14:40:08.647 application=db_connection [error] Postgrex.Protocol (#PID<0.196.0>) failed to connect: ** (DBConnection.ConnectionError) tcp connect (db:5432): non-existing domain - :nxdomain
2025-09-30T14:40:08.647 [error] :gen_statem #PID<0.212.0> terminating
** (DBConnection.ConnectionError) tcp connect (db:5432): non-existing domain - :nxdomain
    (db_connection 2.8.0) lib/db_connection/connection.ex:104: DBConnection.Connection.handle_event/4
    (stdlib 6.2.2) gen_statem.erl:3737: :gen_statem.loop_state_callback/11
    (stdlib 6.2.2) proc_lib.erl:329: :proc_lib.init_p_do_apply/3
Queue: [internal: {:connect, :init}]
Postponed: []
State: Postgrex.Protocol
Callback mode: :handle_event_function, state_enter: false
2025-09-30T14:40:12.503 application=db_connection [error] Postgrex.Protocol (#PID<0.216.0>) failed to connect: ** (DBConnection.ConnectionError) tcp connect (db:5432): non-existing domain - :nxdomain
2025-09-30T14:40:12.504 application=db_connection [error] Postgrex.Protocol (#PID<0.196.0>) failed to connect: ** (DBConnection.ConnectionError) tcp connect (db:5432): non-existing domain - :nxdomain
2025-09-30T14:40:12.504 application=db_connection [error] Postgrex.Protocol (#PID<0.200.0>) failed to connect: ** (DBConnection.ConnectionError) tcp connect (db:5432): non-existing domain - :nxdomain
2025-09-30T14:40:12.503 [error] :gen_statem #PID<0.216.0> terminating
** (DBConnection.ConnectionError) tcp connect (db:5432): non-existing domain - :nxdomain
    (db_connection 2.8.0) lib/db_connection/connection.ex:104: DBConnection.Connection.handle_event/4
    (stdlib 6.2.2) gen_statem.erl:3737: :gen_statem.loop_state_callback/11
    (stdlib 6.2.2) proc_lib.erl:329: :proc_lib.init_p_do_apply/3
Queue: [internal: {:connect, :init}]
Postponed: []
State: Postgrex.Protocol
Callback mode: :handle_event_function, state_enter: false
2025-09-30T14:40:15.245 application=db_connection [error] Postgrex.Protocol (#PID<0.201.0>) failed to connect: ** (DBConnection.ConnectionError) tcp connect (db:5432): non-existing domain - :nxdomain
2025-09-30T14:40:15.245 application=db_connection [error] Postgrex.Protocol (#PID<0.220.0>) failed to connect: ** (DBConnection.ConnectionError) tcp connect (db:5432): non-existing domain - :nxdomain
2025-09-30T14:40:15.246 application=db_connection [error] Postgrex.Protocol (#PID<0.195.0>) failed to connect: ** (DBConnection.ConnectionError) tcp connect (db:5432): non-existing domain - :nxdomain
2025-09-30T14:40:15.246 application=db_connection [error] Postgrex.Protocol (#PID<0.200.0>) failed to connect: ** (DBConnection.ConnectionError) tcp connect (db:5432): non-existing domain - :nxdomain
2025-09-30T14:40:15.246 [error] :gen_statem #PID<0.220.0> terminating
** (DBConnection.ConnectionError) tcp connect (db:5432): non-existing domain - :nxdomain
    (db_connection 2.8.0) lib/db_connection/connection.ex:104: DBConnection.Connection.handle_event/4
    (stdlib 6.2.2) gen_statem.erl:3737: :gen_statem.loop_state_callback/11
    (stdlib 6.2.2) proc_lib.erl:329: :proc_lib.init_p_do_apply/3
Queue: [internal: {:connect, :init}]
Postponed: []
State: Postgrex.Protocol
Callback mode: :handle_event_function, state_enter: false
2025-09-30T14:40:19.362 application=db_connection [error] Postgrex.Protocol (#PID<0.196.0>) failed to connect: ** (DBConnection.ConnectionError) tcp connect (db:5432): non-existing domain - :nxdomain
2025-09-30T14:40:19.769 application=ecto_sql [error] Could not create schema migrations table. This error usually happens due to the following:

  * The database does not exist
  * The "schema_migrations" table, which Ecto uses for managing
    migrations, was defined by another library
  * There is a deadlock while migrating (such as using concurrent
    indexes with a migration_lock)

To fix the first issue, run "mix ecto.create" for the desired MIX_ENV.

To address the second, you can run "mix ecto.drop" followed by
"mix ecto.create", both for the desired MIX_ENV. Alternatively you may
configure Ecto to use another table and/or repository for managing
migrations:

    config :explorer, Explorer.Repo,
      migration_source: "some_other_table_for_schema_migrations",
      migration_repo: AnotherRepoForSchemaMigrations

The full error report is shown below.

2025-09-30T14:40:32.251 application=db_connection [error] Postgrex.Protocol (#PID<0.201.0>) failed to connect: ** (DBConnection.ConnectionError) tcp connect (db:5432): non-existing domain - :nxdomain
2025-09-30T14:40:32.252 application=db_connection [error] Postgrex.Protocol (#PID<0.200.0>) failed to connect: ** (DBConnection.ConnectionError) tcp connect (db:5432): non-existing domain - :nxdomain
2025-09-30T14:40:32.251 application=db_connection [error] Postgrex.Protocol (#PID<0.195.0>) failed to connect: ** (DBConnection.ConnectionError) tcp connect (db:5432): non-existing domain - :nxdomain
2025-09-30T14:40:32.251 application=db_connection [error] Postgrex.Protocol (#PID<0.196.0>) failed to connect: ** (DBConnection.ConnectionError) tcp connect (db:5432): non-existing domain - :nxdomain
2025-09-30T14:40:32.251 application=db_connection [error] Postgrex.Protocol (#PID<0.207.0>) failed to connect: ** (DBConnection.ConnectionError) tcp connect (db:5432): non-existing domain - :nxdomain
2025-09-30T14:40:32.260 [error] :gen_statem #PID<0.207.0> terminating
** (DBConnection.ConnectionError) tcp connect (db:5432): non-existing domain - :nxdomain
    (db_connection 2.8.0) lib/db_connection/connection.ex:104: DBConnection.Connection.handle_event/4
    (stdlib 6.2.2) gen_statem.erl:3737: :gen_statem.loop_state_callback/11
    (stdlib 6.2.2) proc_lib.erl:329: :proc_lib.init_p_do_apply/3
Queue: [internal: {:connect, :init}]
Postponed: []
State: Postgrex.Protocol
Callback mode: :handle_event_function, state_enter: false
2025-09-30T14:40:36.161 application=db_connection [error] Postgrex.Protocol (#PID<0.212.0>) failed to connect: ** (DBConnection.ConnectionError) tcp connect (db:5432): non-existing domain - :nxdomain
2025-09-30T14:40:36.161 application=db_connection [error] Postgrex.Protocol (#PID<0.201.0>) failed to connect: ** (DBConnection.ConnectionError) tcp connect (db:5432): non-existing domain - :nxdomain
2025-09-30T14:40:36.161 application=db_connection [error] Postgrex.Protocol (#PID<0.195.0>) failed to connect: ** (DBConnection.ConnectionError) tcp connect (db:5432): non-existing domain - :nxdomain
2025-09-30T14:40:36.162 application=db_connection [error] Postgrex.Protocol (#PID<0.200.0>) failed to connect: ** (DBConnection.ConnectionError) tcp connect (db:5432): non-existing domain - :nxdomain
2025-09-30T14:40:36.162 application=db_connection [error] Postgrex.Protocol (#PID<0.196.0>) failed to connect: ** (DBConnection.ConnectionError) tcp connect (db:5432): non-existing domain - :nxdomain
2025-09-30T14:40:36.161 [error] :gen_statem #PID<0.212.0> terminating
** (DBConnection.ConnectionError) tcp connect (db:5432): non-existing domain - :nxdomain
    (db_connection 2.8.0) lib/db_connection/connection.ex:104: DBConnection.Connection.handle_event/4
    (stdlib 6.2.2) gen_statem.erl:3737: :gen_statem.loop_state_callback/11
    (stdlib 6.2.2) proc_lib.erl:329: :proc_lib.init_p_do_apply/3
Queue: [internal: {:connect, :init}]
Postponed: []
State: Postgrex.Protocol
Callback mode: :handle_event_function, state_enter: false
2025-09-30T14:40:40.009 application=db_connection [error] Postgrex.Protocol (#PID<0.216.0>) failed to connect: ** (DBConnection.ConnectionError) tcp connect (db:5432): non-existing domain - :nxdomain
2025-09-30T14:40:40.009 application=db_connection [error] Postgrex.Protocol (#PID<0.201.0>) failed to connect: ** (DBConnection.ConnectionError) tcp connect (db:5432): non-existing domain - :nxdomain
2025-09-30T14:40:40.009 application=db_connection [error] Postgrex.Protocol (#PID<0.195.0>) failed to connect: ** (DBConnection.ConnectionError) tcp connect (db:5432): non-existing domain - :nxdomain
2025-09-30T14:40:40.009 [error] :gen_statem #PID<0.216.0> terminating
** (DBConnection.ConnectionError) tcp connect (db:5432): non-existing domain - :nxdomain
    (db_connection 2.8.0) lib/db_connection/connection.ex:104: DBConnection.Connection.handle_event/4
    (stdlib 6.2.2) gen_statem.erl:3737: :gen_statem.loop_state_callback/11
    (stdlib 6.2.2) proc_lib.erl:329: :proc_lib.init_p_do_apply/3
Queue: [internal: {:connect, :init}]
Postponed: []
State: Postgrex.Protocol
Callback mode: :handle_event_function, state_enter: false
2025-09-30T14:40:43.854 application=db_connection [error] Postgrex.Protocol (#PID<0.200.0>) failed to connect: ** (DBConnection.ConnectionError) tcp connect (db:5432): non-existing domain - :nxdomain
2025-09-30T14:40:43.855 application=db_connection [error] Postgrex.Protocol (#PID<0.196.0>) failed to connect: ** (DBConnection.ConnectionError) tcp connect (db:5432): non-existing domain - :nxdomain
2025-09-30T14:40:43.855 application=db_connection [error] Postgrex.Protocol (#PID<0.220.0>) failed to connect: ** (DBConnection.ConnectionError) tcp connect (db:5432): non-existing domain - :nxdomain
2025-09-30T14:40:43.855 application=db_connection [error] Postgrex.Protocol (#PID<0.195.0>) failed to connect: ** (DBConnection.ConnectionError) tcp connect (db:5432): non-existing domain - :nxdomain
2025-09-30T14:40:43.855 [error] :gen_statem #PID<0.220.0> terminating
** (DBConnection.ConnectionError) tcp connect (db:5432): non-existing domain - :nxdomain
    (db_connection 2.8.0) lib/db_connection/connection.ex:104: DBConnection.Connection.handle_event/4
    (stdlib 6.2.2) gen_statem.erl:3737: :gen_statem.loop_state_callback/11
    (stdlib 6.2.2) proc_lib.erl:329: :proc_lib.init_p_do_apply/3
Queue: [internal: {:connect, :init}]
Postponed: []
State: Postgrex.Protocol
Callback mode: :handle_event_function, state_enter: false
2025-09-30T14:40:47.186 application=ecto_sql [error] Could not create schema migrations table. This error usually happens due to the following:

  * The database does not exist
  * The "schema_migrations" table, which Ecto uses for managing
    migrations, was defined by another library
  * There is a deadlock while migrating (such as using concurrent
    indexes with a migration_lock)

To fix the first issue, run "mix ecto.create" for the desired MIX_ENV.

To address the second, you can run "mix ecto.drop" followed by
"mix ecto.create", both for the desired MIX_ENV. Alternatively you may
configure Ecto to use another table and/or repository for managing
migrations:

    config :explorer, Explorer.Repo,
      migration_source: "some_other_table_for_schema_migrations",
      migration_repo: AnotherRepoForSchemaMigrations

The full error report is shown below.

2025-09-30T14:40:57.032 application=db_connection [error] Postgrex.Protocol (#PID<0.195.0>) failed to connect: ** (DBConnection.ConnectionError) tcp connect (db:5432): non-existing domain - :nxdomain
2025-09-30T14:40:57.032 application=db_connection [error] Postgrex.Protocol (#PID<0.196.0>) failed to connect: ** (DBConnection.ConnectionError) tcp connect (db:5432): non-existing domain - :nxdomain
2025-09-30T14:40:57.032 application=db_connection [error] Postgrex.Protocol (#PID<0.207.0>) failed to connect: ** (DBConnection.ConnectionError) tcp connect (db:5432): non-existing domain - :nxdomain
2025-09-30T14:40:57.032 application=db_connection [error] Postgrex.Protocol (#PID<0.200.0>) failed to connect: ** (DBConnection.ConnectionError) tcp connect (db:5432): non-existing domain - :nxdomain
2025-09-30T14:40:57.032 application=db_connection [error] Postgrex.Protocol (#PID<0.201.0>) failed to connect: ** (DBConnection.ConnectionError) tcp connect (db:5432): non-existing domain - :nxdomain
2025-09-30T14:40:57.039 [error] :gen_statem #PID<0.207.0> terminating
** (DBConnection.ConnectionError) tcp connect (db:5432): non-existing domain - :nxdomain
    (db_connection 2.8.0) lib/db_connection/connection.ex:104: DBConnection.Connection.handle_event/4
    (stdlib 6.2.2) gen_statem.erl:3737: :gen_statem.loop_state_callback/11
    (stdlib 6.2.2) proc_lib.erl:329: :proc_lib.init_p_do_apply/3
Queue: [internal: {:connect, :init}]
Postponed: []
State: Postgrex.Protocol
Callback mode: :handle_event_function, state_enter: false
2025-09-30T14:41:00.921 application=db_connection [error] Postgrex.Protocol (#PID<0.195.0>) failed to connect: ** (DBConnection.ConnectionError) tcp connect (db:5432): non-existing domain - :nxdomain
2025-09-30T14:41:00.921 application=db_connection [error] Postgrex.Protocol (#PID<0.212.0>) failed to connect: ** (DBConnection.ConnectionError) tcp connect (db:5432): non-existing domain - :nxdomain
2025-09-30T14:41:00.922 application=db_connection [error] Postgrex.Protocol (#PID<0.200.0>) failed to connect: ** (DBConnection.ConnectionError) tcp connect (db:5432): non-existing domain - :nxdomain
2025-09-30T14:41:00.922 application=db_connection [error] Postgrex.Protocol (#PID<0.196.0>) failed to connect: ** (DBConnection.ConnectionError) tcp connect (db:5432): non-existing domain - :nxdomain
2025-09-30T14:41:00.922 application=db_connection [error] Postgrex.Protocol (#PID<0.201.0>) failed to connect: ** (DBConnection.ConnectionError) tcp connect (db:5432): non-existing domain - :nxdomain
2025-09-30T14:41:00.921 [error] :gen_statem #PID<0.212.0> terminating
** (DBConnection.ConnectionError) tcp connect (db:5432): non-existing domain - :nxdomain
    (db_connection 2.8.0) lib/db_connection/connection.ex:104: DBConnection.Connection.handle_event/4
    (stdlib 6.2.2) gen_statem.erl:3737: :gen_statem.loop_state_callback/11
    (stdlib 6.2.2) proc_lib.erl:329: :proc_lib.init_p_do_apply/3
Queue: [internal: {:connect, :init}]
Postponed: []
State: Postgrex.Protocol
Callback mode: :handle_event_function, state_enter: false
2025-09-30T14:41:04.786 application=db_connection [error] Postgrex.Protocol (#PID<0.216.0>) failed to connect: ** (DBConnection.ConnectionError) tcp connect (db:5432): non-existing domain - :nxdomain
2025-09-30T14:41:04.786 application=db_connection [error] Postgrex.Protocol (#PID<0.200.0>) failed to connect: ** (DBConnection.ConnectionError) tcp connect (db:5432): non-existing domain - :nxdomain
2025-09-30T14:41:04.786 application=db_connection [error] Postgrex.Protocol (#PID<0.195.0>) failed to connect: ** (DBConnection.ConnectionError) tcp connect (db:5432): non-existing domain - :nxdomain
2025-09-30T14:41:04.786 [error] :gen_statem #PID<0.216.0> terminating
** (DBConnection.ConnectionError) tcp connect (db:5432): non-existing domain - :nxdomain
    (db_connection 2.8.0) lib/db_connection/connection.ex:104: DBConnection.Connection.handle_event/4
    (stdlib 6.2.2) gen_statem.erl:3737: :gen_statem.loop_state_callback/11
    (stdlib 6.2.2) proc_lib.erl:329: :proc_lib.init_p_do_apply/3
Queue: [internal: {:connect, :init}]
Postponed: []
State: Postgrex.Protocol
Callback mode: :handle_event_function, state_enter: false
2025-09-30T14:41:08.647 application=db_connection [error] Postgrex.Protocol (#PID<0.220.0>) failed to connect: ** (DBConnection.ConnectionError) tcp connect (db:5432): non-existing domain - :nxdomain
2025-09-30T14:41:08.649 application=db_connection [error] Postgrex.Protocol (#PID<0.196.0>) failed to connect: ** (DBConnection.ConnectionError) tcp connect (db:5432): non-existing domain - :nxdomain
2025-09-30T14:41:08.649 application=db_connection [error] Postgrex.Protocol (#PID<0.201.0>) failed to connect: ** (DBConnection.ConnectionError) tcp connect (db:5432): non-existing domain - :nxdomain
2025-09-30T14:41:08.647 [error] :gen_statem #PID<0.220.0> terminating
** (DBConnection.ConnectionError) tcp connect (db:5432): non-existing domain - :nxdomain
    (db_connection 2.8.0) lib/db_connection/connection.ex:104: DBConnection.Connection.handle_event/4
    (stdlib 6.2.2) gen_statem.erl:3737: :gen_statem.loop_state_callback/11
    (stdlib 6.2.2) proc_lib.erl:329: :proc_lib.init_p_do_apply/3
Queue: [internal: {:connect, :init}]
Postponed: []
State: Postgrex.Protocol
Callback mode: :handle_event_function, state_enter: false
2025-09-30T14:41:13.147 application=ecto_sql [error] Could not create schema migrations table. This error usually happens due to the following:

  * The database does not exist
  * The "schema_migrations" table, which Ecto uses for managing
    migrations, was defined by another library
  * There is a deadlock while migrating (such as using concurrent
    indexes with a migration_lock)

To fix the first issue, run "mix ecto.create" for the desired MIX_ENV.

To address the second, you can run "mix ecto.drop" followed by
"mix ecto.create", both for the desired MIX_ENV. Alternatively you may
configure Ecto to use another table and/or repository for managing
migrations:

    config :explorer, Explorer.Repo,
      migration_source: "some_other_table_for_schema_migrations",
      migration_repo: AnotherRepoForSchemaMigrations

The full error report is shown below.

2025-09-30T14:41:23.393 application=db_connection [error] Postgrex.Protocol (#PID<0.200.0>) failed to connect: ** (DBConnection.ConnectionError) tcp connect (db:5432): non-existing domain - :nxdomain
2025-09-30T14:41:23.393 application=db_connection [error] Postgrex.Protocol (#PID<0.196.0>) failed to connect: ** (DBConnection.ConnectionError) tcp connect (db:5432): non-existing domain - :nxdomain
2025-09-30T14:41:23.393 application=db_connection [error] Postgrex.Protocol (#PID<0.195.0>) failed to connect: ** (DBConnection.ConnectionError) tcp connect (db:5432): non-existing domain - :nxdomain
2025-09-30T14:41:23.393 application=db_connection [error] Postgrex.Protocol (#PID<0.201.0>) failed to connect: ** (DBConnection.ConnectionError) tcp connect (db:5432): non-existing domain - :nxdomain
2025-09-30T14:41:23.392 application=db_connection [error] Postgrex.Protocol (#PID<0.207.0>) failed to connect: ** (DBConnection.ConnectionError) tcp connect (db:5432): non-existing domain - :nxdomain
2025-09-30T14:41:23.403 [error] :gen_statem #PID<0.207.0> terminating
** (DBConnection.ConnectionError) tcp connect (db:5432): non-existing domain - :nxdomain
    (db_connection 2.8.0) lib/db_connection/connection.ex:104: DBConnection.Connection.handle_event/4
    (stdlib 6.2.2) gen_statem.erl:3737: :gen_statem.loop_state_callback/11
    (stdlib 6.2.2) proc_lib.erl:329: :proc_lib.init_p_do_apply/3
Queue: [internal: {:connect, :init}]
Postponed: []
State: Postgrex.Protocol
Callback mode: :handle_event_function, state_enter: false
2025-09-30T14:41:27.301 application=db_connection [error] Postgrex.Protocol (#PID<0.195.0>) failed to connect: ** (DBConnection.ConnectionError) tcp connect (db:5432): non-existing domain - :nxdomain
2025-09-30T14:41:27.301 application=db_connection [error] Postgrex.Protocol (#PID<0.200.0>) failed to connect: ** (DBConnection.ConnectionError) tcp connect (db:5432): non-existing domain - :nxdomain
2025-09-30T14:41:27.301 application=db_connection [error] Postgrex.Protocol (#PID<0.201.0>) failed to connect: ** (DBConnection.ConnectionError) tcp connect (db:5432): non-existing domain - :nxdomain
2025-09-30T14:41:27.302 application=db_connection [error] Postgrex.Protocol (#PID<0.212.0>) failed to connect: ** (DBConnection.ConnectionError) tcp connect (db:5432): non-existing domain - :nxdomain
2025-09-30T14:41:27.302 [error] :gen_statem #PID<0.212.0> terminating
** (DBConnection.ConnectionError) tcp connect (db:5432): non-existing domain - :nxdomain
    (db_connection 2.8.0) lib/db_connection/connection.ex:104: DBConnection.Connection.handle_event/4
    (stdlib 6.2.2) gen_statem.erl:3737: :gen_statem.loop_state_callback/11
    (stdlib 6.2.2) proc_lib.erl:329: :proc_lib.init_p_do_apply/3
Queue: [internal: {:connect, :init}]
Postponed: []
State: Postgrex.Protocol
Callback mode: :handle_event_function, state_enter: false
2025-09-30T14:41:27.304 application=db_connection [error] Postgrex.Protocol (#PID<0.196.0>) failed to connect: ** (DBConnection.ConnectionError) tcp connect (db:5432): non-existing domain - :nxdomain
2025-09-30T14:41:31.173 application=db_connection [error] Postgrex.Protocol (#PID<0.216.0>) failed to connect: ** (DBConnection.ConnectionError) tcp connect (db:5432): non-existing domain - :nxdomain
2025-09-30T14:41:31.173 application=db_connection [error] Postgrex.Protocol (#PID<0.195.0>) failed to connect: ** (DBConnection.ConnectionError) tcp connect (db:5432): non-existing domain - :nxdomain
2025-09-30T14:41:31.173 [error] :gen_statem #PID<0.216.0> terminating
** (DBConnection.ConnectionError) tcp connect (db:5432): non-existing domain - :nxdomain
    (db_connection 2.8.0) lib/db_connection/connection.ex:104: DBConnection.Connection.handle_event/4
    (stdlib 6.2.2) gen_statem.erl:3737: :gen_statem.loop_state_callback/11
    (stdlib 6.2.2) proc_lib.erl:329: :proc_lib.init_p_do_apply/3
Queue: [internal: {:connect, :init}]
Postponed: []
State: Postgrex.Protocol
Callback mode: :handle_event_function, state_enter: false
2025-09-30T14:41:35.051 application=db_connection [error] Postgrex.Protocol (#PID<0.200.0>) failed to connect: ** (DBConnection.ConnectionError) tcp connect (db:5432): non-existing domain - :nxdomain
2025-09-30T14:41:35.051 application=db_connection [error] Postgrex.Protocol (#PID<0.220.0>) failed to connect: ** (DBConnection.ConnectionError) tcp connect (db:5432): non-existing domain - :nxdomain
2025-09-30T14:41:35.051 application=db_connection [error] Postgrex.Protocol (#PID<0.201.0>) failed to connect: ** (DBConnection.ConnectionError) tcp connect (db:5432): non-existing domain - :nxdomain
2025-09-30T14:41:35.051 application=db_connection [error] Postgrex.Protocol (#PID<0.195.0>) failed to connect: ** (DBConnection.ConnectionError) tcp connect (db:5432): non-existing domain - :nxdomain
2025-09-30T14:41:35.051 application=db_connection [error] Postgrex.Protocol (#PID<0.196.0>) failed to connect: ** (DBConnection.ConnectionError) tcp connect (db:5432): non-existing domain - :nxdomain
2025-09-30T14:41:35.051 [error] :gen_statem #PID<0.220.0> terminating
** (DBConnection.ConnectionError) tcp connect (db:5432): non-existing domain - :nxdomain
    (db_connection 2.8.0) lib/db_connection/connection.ex:104: DBConnection.Connection.handle_event/4
    (stdlib 6.2.2) gen_statem.erl:3737: :gen_statem.loop_state_callback/11
    (stdlib 6.2.2) proc_lib.erl:329: :proc_lib.init_p_do_apply/3
Queue: [internal: {:connect, :init}]
Postponed: []
State: Postgrex.Protocol
Callback mode: :handle_event_function, state_enter: false
2025-09-30T14:41:39.481 application=ecto_sql [error] Could not create schema migrations table. This error usually happens due to the following:

  * The database does not exist
  * The "schema_migrations" table, which Ecto uses for managing
    migrations, was defined by another library
  * There is a deadlock while migrating (such as using concurrent
    indexes with a migration_lock)

To fix the first issue, run "mix ecto.create" for the desired MIX_ENV.

To address the second, you can run "mix ecto.drop" followed by
"mix ecto.create", both for the desired MIX_ENV. Alternatively you may
configure Ecto to use another table and/or repository for managing
migrations:

    config :explorer, Explorer.Repo,
      migration_source: "some_other_table_for_schema_migrations",
      migration_repo: AnotherRepoForSchemaMigrations

The full error report is shown below.

2025-09-30T14:41:47.528 application=db_connection [error] Postgrex.Protocol (#PID<0.196.0>) failed to connect: ** (DBConnection.ConnectionError) tcp connect (db:5432): non-existing domain - :nxdomain
2025-09-30T14:41:47.528 application=db_connection [error] Postgrex.Protocol (#PID<0.200.0>) failed to connect: ** (DBConnection.ConnectionError) tcp connect (db:5432): non-existing domain - :nxdomain
2025-09-30T14:41:47.528 application=db_connection [error] Postgrex.Protocol (#PID<0.207.0>) failed to connect: ** (DBConnection.ConnectionError) tcp connect (db:5432): non-existing domain - :nxdomain
2025-09-30T14:41:47.528 application=db_connection [error] Postgrex.Protocol (#PID<0.195.0>) failed to connect: ** (DBConnection.ConnectionError) tcp connect (db:5432): non-existing domain - :nxdomain
2025-09-30T14:41:47.528 application=db_connection [error] Postgrex.Protocol (#PID<0.201.0>) failed to connect: ** (DBConnection.ConnectionError) tcp connect (db:5432): non-existing domain - :nxdomain
2025-09-30T14:41:47.556 [error] :gen_statem #PID<0.207.0> terminating
** (DBConnection.ConnectionError) tcp connect (db:5432): non-existing domain - :nxdomain
    (db_connection 2.8.0) lib/db_connection/connection.ex:104: DBConnection.Connection.handle_event/4
    (stdlib 6.2.2) gen_statem.erl:3737: :gen_statem.loop_state_callback/11
    (stdlib 6.2.2) proc_lib.erl:329: :proc_lib.init_p_do_apply/3
Queue: [internal: {:connect, :init}]
Postponed: []
State: Postgrex.Protocol
Callback mode: :handle_event_function, state_enter: false
2025-09-30T14:41:51.491 application=db_connection [error] Postgrex.Protocol (#PID<0.212.0>) failed to connect: ** (DBConnection.ConnectionError) tcp connect (db:5432): non-existing domain - :nxdomain
2025-09-30T14:41:51.491 application=db_connection [error] Postgrex.Protocol (#PID<0.201.0>) failed to connect: ** (DBConnection.ConnectionError) tcp connect (db:5432): non-existing domain - :nxdomain
2025-09-30T14:41:51.491 application=db_connection [error] Postgrex.Protocol (#PID<0.195.0>) failed to connect: ** (DBConnection.ConnectionError) tcp connect (db:5432): non-existing domain - :nxdomain
2025-09-30T14:41:51.491 application=db_connection [error] Postgrex.Protocol (#PID<0.200.0>) failed to connect: ** (DBConnection.ConnectionError) tcp connect (db:5432): non-existing domain - :nxdomain
2025-09-30T14:41:51.491 application=db_connection [error] Postgrex.Protocol (#PID<0.196.0>) failed to connect: ** (DBConnection.ConnectionError) tcp connect (db:5432): non-existing domain - :nxdomain
2025-09-30T14:41:51.491 [error] :gen_statem #PID<0.212.0> terminating
** (DBConnection.ConnectionError) tcp connect (db:5432): non-existing domain - :nxdomain
    (db_connection 2.8.0) lib/db_connection/connection.ex:104: DBConnection.Connection.handle_event/4
    (stdlib 6.2.2) gen_statem.erl:3737: :gen_statem.loop_state_callback/11
    (stdlib 6.2.2) proc_lib.erl:329: :proc_lib.init_p_do_apply/3
Queue: [internal: {:connect, :init}]
Postponed: []
State: Postgrex.Protocol
Callback mode: :handle_event_function, state_enter: false
2025-09-30T14:41:55.369 application=db_connection [error] Postgrex.Protocol (#PID<0.216.0>) failed to connect: ** (DBConnection.ConnectionError) tcp connect (db:5432): non-existing domain - :nxdomain
2025-09-30T14:41:55.370 application=db_connection [error] Postgrex.Protocol (#PID<0.195.0>) failed to connect: ** (DBConnection.ConnectionError) tcp connect (db:5432): non-existing domain - :nxdomain
2025-09-30T14:41:55.370 application=db_connection [error] Postgrex.Protocol (#PID<0.201.0>) failed to connect: ** (DBConnection.ConnectionError) tcp connect (db:5432): non-existing domain - :nxdomain
2025-09-30T14:41:55.371 application=db_connection [error] Postgrex.Protocol (#PID<0.200.0>) failed to connect: ** (DBConnection.ConnectionError) tcp connect (db:5432): non-existing domain - :nxdomain
2025-09-30T14:41:55.369 [error] :gen_statem #PID<0.216.0> terminating
** (DBConnection.ConnectionError) tcp connect (db:5432): non-existing domain - :nxdomain
    (db_connection 2.8.0) lib/db_connection/connection.ex:104: DBConnection.Connection.handle_event/4
    (stdlib 6.2.2) gen_statem.erl:3737: :gen_statem.loop_state_callback/11
    (stdlib 6.2.2) proc_lib.erl:329: :proc_lib.init_p_do_apply/3
Queue: [internal: {:connect, :init}]
Postponed: []
State: Postgrex.Protocol
Callback mode: :handle_event_function, state_enter: false
2025-09-30T14:41:59.235 application=db_connection [error] Postgrex.Protocol (#PID<0.220.0>) failed to connect: ** (DBConnection.ConnectionError) tcp connect (db:5432): non-existing domain - :nxdomain
2025-09-30T14:41:59.236 application=db_connection [error] Postgrex.Protocol (#PID<0.195.0>) failed to connect: ** (DBConnection.ConnectionError) tcp connect (db:5432): non-existing domain - :nxdomain
2025-09-30T14:41:59.236 application=db_connection [error] Postgrex.Protocol (#PID<0.196.0>) failed to connect: ** (DBConnection.ConnectionError) tcp connect (db:5432): non-existing domain - :nxdomain
2025-09-30T14:41:59.235 [error] :gen_statem #PID<0.220.0> terminating
** (DBConnection.ConnectionError) tcp connect (db:5432): non-existing domain - :nxdomain
    (db_connection 2.8.0) lib/db_connection/connection.ex:104: DBConnection.Connection.handle_event/4
    (stdlib 6.2.2) gen_statem.erl:3737: :gen_statem.loop_state_callback/11
    (stdlib 6.2.2) proc_lib.erl:329: :proc_lib.init_p_do_apply/3
Queue: [internal: {:connect, :init}]
Postponed: []
State: Postgrex.Protocol
Callback mode: :handle_event_function, state_enter: false
2025-09-30T14:42:03.612 application=ecto_sql [error] Could not create schema migrations table. This error usually happens due to the following:

  * The database does not exist
  * The "schema_migrations" table, which Ecto uses for managing
    migrations, was defined by another library
  * There is a deadlock while migrating (such as using concurrent
    indexes with a migration_lock)

To fix the first issue, run "mix ecto.create" for the desired MIX_ENV.

To address the second, you can run "mix ecto.drop" followed by
"mix ecto.create", both for the desired MIX_ENV. Alternatively you may
configure Ecto to use another table and/or repository for managing
migrations:

    config :explorer, Explorer.Repo,
      migration_source: "some_other_table_for_schema_migrations",
      migration_repo: AnotherRepoForSchemaMigrations

The full error report is shown below.

2025-09-30T14:42:16.146 application=db_connection [error] Postgrex.Protocol (#PID<0.196.0>) failed to connect: ** (DBConnection.ConnectionError) tcp connect (db:5432): host is unreachable - :ehostunreach
2025-09-30T14:42:16.146 application=db_connection [error] Postgrex.Protocol (#PID<0.200.0>) failed to connect: ** (DBConnection.ConnectionError) tcp connect (db:5432): host is unreachable - :ehostunreach
2025-09-30T14:42:16.146 application=db_connection [error] Postgrex.Protocol (#PID<0.195.0>) failed to connect: ** (DBConnection.ConnectionError) tcp connect (db:5432): host is unreachable - :ehostunreach
2025-09-30T14:42:16.146 application=db_connection [error] Postgrex.Protocol (#PID<0.201.0>) failed to connect: ** (DBConnection.ConnectionError) tcp connect (db:5432): host is unreachable - :ehostunreach
2025-09-30T14:42:16.146 application=db_connection [error] Postgrex.Protocol (#PID<0.207.0>) failed to connect: ** (DBConnection.ConnectionError) tcp connect (db:5432): host is unreachable - :ehostunreach
2025-09-30T14:42:16.159 [error] :gen_statem #PID<0.207.0> terminating
** (DBConnection.ConnectionError) tcp connect (db:5432): host is unreachable - :ehostunreach
    (db_connection 2.8.0) lib/db_connection/connection.ex:104: DBConnection.Connection.handle_event/4
    (stdlib 6.2.2) gen_statem.erl:3737: :gen_statem.loop_state_callback/11
    (stdlib 6.2.2) proc_lib.erl:329: :proc_lib.init_p_do_apply/3
Queue: [internal: {:connect, :init}]
Postponed: []
State: Postgrex.Protocol
Callback mode: :handle_event_function, state_enter: false
2025-09-30T14:42:20.065 application=db_connection [error] Postgrex.Protocol (#PID<0.195.0>) failed to connect: ** (DBConnection.ConnectionError) tcp connect (db:5432): non-existing domain - :nxdomain
2025-09-30T14:42:20.065 application=db_connection [error] Postgrex.Protocol (#PID<0.212.0>) failed to connect: ** (DBConnection.ConnectionError) tcp connect (db:5432): non-existing domain - :nxdomain
2025-09-30T14:42:20.065 application=db_connection [error] Postgrex.Protocol (#PID<0.196.0>) failed to connect: ** (DBConnection.ConnectionError) tcp connect (db:5432): non-existing domain - :nxdomain
2025-09-30T14:42:20.065 application=db_connection [error] Postgrex.Protocol (#PID<0.201.0>) failed to connect: ** (DBConnection.ConnectionError) tcp connect (db:5432): non-existing domain - :nxdomain
2025-09-30T14:42:20.066 application=db_connection [error] Postgrex.Protocol (#PID<0.200.0>) failed to connect: ** (DBConnection.ConnectionError) tcp connect (db:5432): non-existing domain - :nxdomain
2025-09-30T14:42:20.065 [error] :gen_statem #PID<0.212.0> terminating
** (DBConnection.ConnectionError) tcp connect (db:5432): non-existing domain - :nxdomain
    (db_connection 2.8.0) lib/db_connection/connection.ex:104: DBConnection.Connection.handle_event/4
    (stdlib 6.2.2) gen_statem.erl:3737: :gen_statem.loop_state_callback/11
    (stdlib 6.2.2) proc_lib.erl:329: :proc_lib.init_p_do_apply/3
Queue: [internal: {:connect, :init}]
Postponed: []
State: Postgrex.Protocol
Callback mode: :handle_event_function, state_enter: false
2025-09-30T14:42:23.926 application=db_connection [error] Postgrex.Protocol (#PID<0.195.0>) failed to connect: ** (DBConnection.ConnectionError) tcp connect (db:5432): non-existing domain - :nxdomain
2025-09-30T14:42:23.926 application=db_connection [error] Postgrex.Protocol (#PID<0.216.0>) failed to connect: ** (DBConnection.ConnectionError) tcp connect (db:5432): non-existing domain - :nxdomain
2025-09-30T14:42:23.926 application=db_connection [error] Postgrex.Protocol (#PID<0.201.0>) failed to connect: ** (DBConnection.ConnectionError) tcp connect (db:5432): non-existing domain - :nxdomain
2025-09-30T14:42:23.926 [error] :gen_statem #PID<0.216.0> terminating
** (DBConnection.ConnectionError) tcp connect (db:5432): non-existing domain - :nxdomain
    (db_connection 2.8.0) lib/db_connection/connection.ex:104: DBConnection.Connection.handle_event/4
    (stdlib 6.2.2) gen_statem.erl:3737: :gen_statem.loop_state_callback/11
    (stdlib 6.2.2) proc_lib.erl:329: :proc_lib.init_p_do_apply/3
Queue: [internal: {:connect, :init}]
Postponed: []
State: Postgrex.Protocol
Callback mode: :handle_event_function, state_enter: false
2025-09-30T14:42:27.805 application=db_connection [error] Postgrex.Protocol (#PID<0.220.0>) failed to connect: ** (DBConnection.ConnectionError) tcp connect (db:5432): non-existing domain - :nxdomain
2025-09-30T14:42:27.806 application=db_connection [error] Postgrex.Protocol (#PID<0.200.0>) failed to connect: ** (DBConnection.ConnectionError) tcp connect (db:5432): non-existing domain - :nxdomain
2025-09-30T14:42:27.807 application=db_connection [error] Postgrex.Protocol (#PID<0.196.0>) failed to connect: ** (DBConnection.ConnectionError) tcp connect (db:5432): non-existing domain - :nxdomain
2025-09-30T14:42:27.805 [error] :gen_statem #PID<0.220.0> terminating
** (DBConnection.ConnectionError) tcp connect (db:5432): non-existing domain - :nxdomain
    (db_connection 2.8.0) lib/db_connection/connection.ex:104: DBConnection.Connection.handle_event/4
    (stdlib 6.2.2) gen_statem.erl:3737: :gen_statem.loop_state_callback/11
    (stdlib 6.2.2) proc_lib.erl:329: :proc_lib.init_p_do_apply/3
Queue: [internal: {:connect, :init}]
Postponed: []
State: Postgrex.Protocol
Callback mode: :handle_event_function, state_enter: false
2025-09-30T14:42:32.245 application=db_connection [error] Postgrex.Protocol (#PID<0.195.0>) failed to connect: ** (DBConnection.ConnectionError) tcp connect (db:5432): non-existing domain - :nxdomain
2025-09-30T14:42:32.246 application=db_connection [error] Postgrex.Protocol (#PID<0.201.0>) failed to connect: ** (DBConnection.ConnectionError) tcp connect (db:5432): non-existing domain - :nxdomain
2025-09-30T14:42:32.514 application=ecto_sql [error] Could not create schema migrations table. This error usually happens due to the following:

  * The database does not exist
  * The "schema_migrations" table, which Ecto uses for managing
    migrations, was defined by another library
  * There is a deadlock while migrating (such as using concurrent
    indexes with a migration_lock)

To fix the first issue, run "mix ecto.create" for the desired MIX_ENV.

To address the second, you can run "mix ecto.drop" followed by
"mix ecto.create", both for the desired MIX_ENV. Alternatively you may
configure Ecto to use another table and/or repository for managing
migrations:

    config :explorer, Explorer.Repo,
      migration_source: "some_other_table_for_schema_migrations",
      migration_repo: AnotherRepoForSchemaMigrations

The full error report is shown below.

2025-09-30T14:42:41.691 application=db_connection [error] Postgrex.Protocol (#PID<0.200.0>) failed to connect: ** (DBConnection.ConnectionError) tcp connect (db:5432): non-existing domain - :nxdomain
2025-09-30T14:42:41.691 application=db_connection [error] Postgrex.Protocol (#PID<0.196.0>) failed to connect: ** (DBConnection.ConnectionError) tcp connect (db:5432): non-existing domain - :nxdomain
2025-09-30T14:42:41.690 application=db_connection [error] Postgrex.Protocol (#PID<0.207.0>) failed to connect: ** (DBConnection.ConnectionError) tcp connect (db:5432): non-existing domain - :nxdomain
2025-09-30T14:42:41.691 application=db_connection [error] Postgrex.Protocol (#PID<0.195.0>) failed to connect: ** (DBConnection.ConnectionError) tcp connect (db:5432): non-existing domain - :nxdomain
2025-09-30T14:42:41.690 application=db_connection [error] Postgrex.Protocol (#PID<0.201.0>) failed to connect: ** (DBConnection.ConnectionError) tcp connect (db:5432): non-existing domain - :nxdomain
2025-09-30T14:42:41.698 [error] :gen_statem #PID<0.207.0> terminating
** (DBConnection.ConnectionError) tcp connect (db:5432): non-existing domain - :nxdomain
    (db_connection 2.8.0) lib/db_connection/connection.ex:104: DBConnection.Connection.handle_event/4
    (stdlib 6.2.2) gen_statem.erl:3737: :gen_statem.loop_state_callback/11
    (stdlib 6.2.2) proc_lib.erl:329: :proc_lib.init_p_do_apply/3
Queue: [internal: {:connect, :init}]
Postponed: []
State: Postgrex.Protocol
Callback mode: :handle_event_function, state_enter: false
2025-09-30T14:42:45.595 application=db_connection [error] Postgrex.Protocol (#PID<0.196.0>) failed to connect: ** (DBConnection.ConnectionError) tcp connect (db:5432): non-existing domain - :nxdomain
2025-09-30T14:42:45.596 application=db_connection [error] Postgrex.Protocol (#PID<0.212.0>) failed to connect: ** (DBConnection.ConnectionError) tcp connect (db:5432): non-existing domain - :nxdomain
2025-09-30T14:42:45.596 application=db_connection [error] Postgrex.Protocol (#PID<0.201.0>) failed to connect: ** (DBConnection.ConnectionError) tcp connect (db:5432): non-existing domain - :nxdomain
2025-09-30T14:42:45.596 application=db_connection [error] Postgrex.Protocol (#PID<0.200.0>) failed to connect: ** (DBConnection.ConnectionError) tcp connect (db:5432): non-existing domain - :nxdomain
2025-09-30T14:42:45.596 application=db_connection [error] Postgrex.Protocol (#PID<0.195.0>) failed to connect: ** (DBConnection.ConnectionError) tcp connect (db:5432): non-existing domain - :nxdomain
2025-09-30T14:42:45.596 [error] :gen_statem #PID<0.212.0> terminating
** (DBConnection.ConnectionError) tcp connect (db:5432): non-existing domain - :nxdomain
    (db_connection 2.8.0) lib/db_connection/connection.ex:104: DBConnection.Connection.handle_event/4
    (stdlib 6.2.2) gen_statem.erl:3737: :gen_statem.loop_state_callback/11
    (stdlib 6.2.2) proc_lib.erl:329: :proc_lib.init_p_do_apply/3
Queue: [internal: {:connect, :init}]
Postponed: []
State: Postgrex.Protocol
Callback mode: :handle_event_function, state_enter: false
2025-09-30T14:42:49.455 application=db_connection [error] Postgrex.Protocol (#PID<0.200.0>) failed to connect: ** (DBConnection.ConnectionError) tcp connect (db:5432): non-existing domain - :nxdomain
2025-09-30T14:42:49.455 application=db_connection [error] Postgrex.Protocol (#PID<0.216.0>) failed to connect: ** (DBConnection.ConnectionError) tcp connect (db:5432): non-existing domain - :nxdomain
2025-09-30T14:42:49.455 [error] :gen_statem #PID<0.216.0> terminating
** (DBConnection.ConnectionError) tcp connect (db:5432): non-existing domain - :nxdomain
    (db_connection 2.8.0) lib/db_connection/connection.ex:104: DBConnection.Connection.handle_event/4
    (stdlib 6.2.2) gen_statem.erl:3737: :gen_statem.loop_state_callback/11
    (stdlib 6.2.2) proc_lib.erl:329: :proc_lib.init_p_do_apply/3
Queue: [internal: {:connect, :init}]
Postponed: []
State: Postgrex.Protocol
Callback mode: :handle_event_function, state_enter: false
2025-09-30T14:42:53.329 application=db_connection [error] Postgrex.Protocol (#PID<0.220.0>) failed to connect: ** (DBConnection.ConnectionError) tcp connect (db:5432): non-existing domain - :nxdomain
2025-09-30T14:42:53.329 application=db_connection [error] Postgrex.Protocol (#PID<0.195.0>) failed to connect: ** (DBConnection.ConnectionError) tcp connect (db:5432): non-existing domain - :nxdomain
2025-09-30T14:42:53.329 application=db_connection [error] Postgrex.Protocol (#PID<0.196.0>) failed to connect: ** (DBConnection.ConnectionError) tcp connect (db:5432): non-existing domain - :nxdomain
2025-09-30T14:42:53.329 application=db_connection [error] Postgrex.Protocol (#PID<0.201.0>) failed to connect: ** (DBConnection.ConnectionError) tcp connect (db:5432): non-existing domain - :nxdomain
2025-09-30T14:42:53.329 [error] :gen_statem #PID<0.220.0> terminating
** (DBConnection.ConnectionError) tcp connect (db:5432): non-existing domain - :nxdomain
    (db_connection 2.8.0) lib/db_connection/connection.ex:104: DBConnection.Connection.handle_event/4
    (stdlib 6.2.2) gen_statem.erl:3737: :gen_statem.loop_state_callback/11
    (stdlib 6.2.2) proc_lib.erl:329: :proc_lib.init_p_do_apply/3
Queue: [internal: {:connect, :init}]
Postponed: []
State: Postgrex.Protocol
Callback mode: :handle_event_function, state_enter: false
2025-09-30T14:42:57.755 application=ecto_sql [error] Could not create schema migrations table. This error usually happens due to the following:

  * The database does not exist
  * The "schema_migrations" table, which Ecto uses for managing
    migrations, was defined by another library
  * There is a deadlock while migrating (such as using concurrent
    indexes with a migration_lock)

To fix the first issue, run "mix ecto.create" for the desired MIX_ENV.

To address the second, you can run "mix ecto.drop" followed by
"mix ecto.create", both for the desired MIX_ENV. Alternatively you may
configure Ecto to use another table and/or repository for managing
migrations:

    config :explorer, Explorer.Repo,
      migration_source: "some_other_table_for_schema_migrations",
      migration_repo: AnotherRepoForSchemaMigrations

The full error report is shown below.

2025-09-30T14:43:08.106 application=db_connection [error] Postgrex.Protocol (#PID<0.201.0>) failed to connect: ** (DBConnection.ConnectionError) tcp connect (db:5432): non-existing domain - :nxdomain
2025-09-30T14:43:08.106 application=db_connection [error] Postgrex.Protocol (#PID<0.207.0>) failed to connect: ** (DBConnection.ConnectionError) tcp connect (db:5432): non-existing domain - :nxdomain
2025-09-30T14:43:08.105 application=db_connection [error] Postgrex.Protocol (#PID<0.196.0>) failed to connect: ** (DBConnection.ConnectionError) tcp connect (db:5432): non-existing domain - :nxdomain
2025-09-30T14:43:08.105 application=db_connection [error] Postgrex.Protocol (#PID<0.200.0>) failed to connect: ** (DBConnection.ConnectionError) tcp connect (db:5432): non-existing domain - :nxdomain
2025-09-30T14:43:08.105 application=db_connection [error] Postgrex.Protocol (#PID<0.195.0>) failed to connect: ** (DBConnection.ConnectionError) tcp connect (db:5432): non-existing domain - :nxdomain
2025-09-30T14:43:08.177 [error] :gen_statem #PID<0.207.0> terminating
** (DBConnection.ConnectionError) tcp connect (db:5432): non-existing domain - :nxdomain
    (db_connection 2.8.0) lib/db_connection/connection.ex:104: DBConnection.Connection.handle_event/4
    (stdlib 6.2.2) gen_statem.erl:3737: :gen_statem.loop_state_callback/11
    (stdlib 6.2.2) proc_lib.erl:329: :proc_lib.init_p_do_apply/3
Queue: [internal: {:connect, :init}]
Postponed: []
State: Postgrex.Protocol
Callback mode: :handle_event_function, state_enter: false
2025-09-30T14:43:12.138 application=db_connection [error] Postgrex.Protocol (#PID<0.195.0>) failed to connect: ** (DBConnection.ConnectionError) tcp connect (db:5432): non-existing domain - :nxdomain
2025-09-30T14:43:12.152 application=db_connection [error] Postgrex.Protocol (#PID<0.212.0>) failed to connect: ** (DBConnection.ConnectionError) tcp connect (db:5432): non-existing domain - :nxdomain
2025-09-30T14:43:12.155 application=db_connection [error] Postgrex.Protocol (#PID<0.200.0>) failed to connect: ** (DBConnection.ConnectionError) tcp connect (db:5432): non-existing domain - :nxdomain
2025-09-30T14:43:12.156 application=db_connection [error] Postgrex.Protocol (#PID<0.201.0>) failed to connect: ** (DBConnection.ConnectionError) tcp connect (db:5432): non-existing domain - :nxdomain
2025-09-30T14:43:12.156 application=db_connection [error] Postgrex.Protocol (#PID<0.196.0>) failed to connect: ** (DBConnection.ConnectionError) tcp connect (db:5432): non-existing domain - :nxdomain
2025-09-30T14:43:12.153 [error] :gen_statem #PID<0.212.0> terminating
** (DBConnection.ConnectionError) tcp connect (db:5432): non-existing domain - :nxdomain
    (db_connection 2.8.0) lib/db_connection/connection.ex:104: DBConnection.Connection.handle_event/4
    (stdlib 6.2.2) gen_statem.erl:3737: :gen_statem.loop_state_callback/11
    (stdlib 6.2.2) proc_lib.erl:329: :proc_lib.init_p_do_apply/3
Queue: [internal: {:connect, :init}]
Postponed: []
State: Postgrex.Protocol
Callback mode: :handle_event_function, state_enter: false
2025-09-30T14:43:12.235 application=db_connection [error] Postgrex.Protocol (#PID<0.216.0>) failed to connect: ** (DBConnection.ConnectionError) tcp connect (db:5432): connection refused - :econnrefused
2025-09-30T14:43:12.235 [error] :gen_statem #PID<0.216.0> terminating
** (DBConnection.ConnectionError) tcp connect (db:5432): connection refused - :econnrefused
    (db_connection 2.8.0) lib/db_connection/connection.ex:104: DBConnection.Connection.handle_event/4
    (stdlib 6.2.2) gen_statem.erl:3737: :gen_statem.loop_state_callback/11
    (stdlib 6.2.2) proc_lib.erl:329: :proc_lib.init_p_do_apply/3
Queue: [internal: {:connect, :init}]
Postponed: []
State: Postgrex.Protocol
Callback mode: :handle_event_function, state_enter: false
2025-09-30T14:43:12.244 application=db_connection [error] Postgrex.Protocol (#PID<0.220.0>) failed to connect: ** (DBConnection.ConnectionError) tcp connect (db:5432): connection refused - :econnrefused
2025-09-30T14:43:12.244 [error] :gen_statem #PID<0.220.0> terminating
** (DBConnection.ConnectionError) tcp connect (db:5432): connection refused - :econnrefused
    (db_connection 2.8.0) lib/db_connection/connection.ex:104: DBConnection.Connection.handle_event/4
    (stdlib 6.2.2) gen_statem.erl:3737: :gen_statem.loop_state_callback/11
    (stdlib 6.2.2) proc_lib.erl:329: :proc_lib.init_p_do_apply/3
Queue: [internal: {:connect, :init}]
Postponed: []
State: Postgrex.Protocol
Callback mode: :handle_event_function, state_enter: false
2025-09-30T14:43:18.276 application=ecto_sql [error] Could not create schema migrations table. This error usually happens due to the following:

  * The database does not exist
  * The "schema_migrations" table, which Ecto uses for managing
    migrations, was defined by another library
  * There is a deadlock while migrating (such as using concurrent
    indexes with a migration_lock)

To fix the first issue, run "mix ecto.create" for the desired MIX_ENV.

To address the second, you can run "mix ecto.drop" followed by
"mix ecto.create", both for the desired MIX_ENV. Alternatively you may
configure Ecto to use another table and/or repository for managing
migrations:

    config :explorer, Explorer.Repo,
      migration_source: "some_other_table_for_schema_migrations",
      migration_repo: AnotherRepoForSchemaMigrations

The full error report is shown below.

2025-09-30T14:43:31.922 application=db_connection [error] Postgrex.Protocol (#PID<0.207.0>) failed to connect: ** (DBConnection.ConnectionError) tcp connect (db:5432): non-existing domain - :nxdomain
2025-09-30T14:43:31.922 application=db_connection [error] Postgrex.Protocol (#PID<0.195.0>) failed to connect: ** (DBConnection.ConnectionError) tcp connect (db:5432): non-existing domain - :nxdomain
2025-09-30T14:43:31.922 application=db_connection [error] Postgrex.Protocol (#PID<0.200.0>) failed to connect: ** (DBConnection.ConnectionError) tcp connect (db:5432): non-existing domain - :nxdomain
2025-09-30T14:43:31.922 application=db_connection [error] Postgrex.Protocol (#PID<0.201.0>) failed to connect: ** (DBConnection.ConnectionError) tcp connect (db:5432): non-existing domain - :nxdomain
2025-09-30T14:43:31.922 application=db_connection [error] Postgrex.Protocol (#PID<0.196.0>) failed to connect: ** (DBConnection.ConnectionError) tcp connect (db:5432): non-existing domain - :nxdomain
2025-09-30T14:43:31.936 [error] :gen_statem #PID<0.207.0> terminating
** (DBConnection.ConnectionError) tcp connect (db:5432): non-existing domain - :nxdomain
    (db_connection 2.8.0) lib/db_connection/connection.ex:104: DBConnection.Connection.handle_event/4
    (stdlib 6.2.2) gen_statem.erl:3737: :gen_statem.loop_state_callback/11
    (stdlib 6.2.2) proc_lib.erl:329: :proc_lib.init_p_do_apply/3
Queue: [internal: {:connect, :init}]
Postponed: []
State: Postgrex.Protocol
Callback mode: :handle_event_function, state_enter: false
2025-09-30T14:43:35.823 application=db_connection [error] Postgrex.Protocol (#PID<0.212.0>) failed to connect: ** (DBConnection.ConnectionError) tcp connect (db:5432): non-existing domain - :nxdomain
2025-09-30T14:43:35.823 application=db_connection [error] Postgrex.Protocol (#PID<0.200.0>) failed to connect: ** (DBConnection.ConnectionError) tcp connect (db:5432): non-existing domain - :nxdomain
2025-09-30T14:43:35.823 application=db_connection [error] Postgrex.Protocol (#PID<0.201.0>) failed to connect: ** (DBConnection.ConnectionError) tcp connect (db:5432): non-existing domain - :nxdomain
2025-09-30T14:43:35.823 application=db_connection [error] Postgrex.Protocol (#PID<0.196.0>) failed to connect: ** (DBConnection.ConnectionError) tcp connect (db:5432): non-existing domain - :nxdomain
2025-09-30T14:43:35.823 application=db_connection [error] Postgrex.Protocol (#PID<0.195.0>) failed to connect: ** (DBConnection.ConnectionError) tcp connect (db:5432): non-existing domain - :nxdomain
2025-09-30T14:43:35.823 [error] :gen_statem #PID<0.212.0> terminating
** (DBConnection.ConnectionError) tcp connect (db:5432): non-existing domain - :nxdomain
    (db_connection 2.8.0) lib/db_connection/connection.ex:104: DBConnection.Connection.handle_event/4
    (stdlib 6.2.2) gen_statem.erl:3737: :gen_statem.loop_state_callback/11
    (stdlib 6.2.2) proc_lib.erl:329: :proc_lib.init_p_do_apply/3
Queue: [internal: {:connect, :init}]
Postponed: []
State: Postgrex.Protocol
Callback mode: :handle_event_function, state_enter: false
2025-09-30T14:43:38.543 application=db_connection [error] Postgrex.Protocol (#PID<0.216.0>) failed to connect: ** (DBConnection.ConnectionError) tcp connect (db:5432): non-existing domain - :nxdomain
2025-09-30T14:43:38.545 application=db_connection [error] Postgrex.Protocol (#PID<0.200.0>) failed to connect: ** (DBConnection.ConnectionError) tcp connect (db:5432): non-existing domain - :nxdomain
2025-09-30T14:43:38.545 application=db_connection [error] Postgrex.Protocol (#PID<0.196.0>) failed to connect: ** (DBConnection.ConnectionError) tcp connect (db:5432): non-existing domain - :nxdomain
2025-09-30T14:43:38.545 application=db_connection [error] Postgrex.Protocol (#PID<0.195.0>) failed to connect: ** (DBConnection.ConnectionError) tcp connect (db:5432): non-existing domain - :nxdomain
2025-09-30T14:43:38.544 [error] :gen_statem #PID<0.216.0> terminating
** (DBConnection.ConnectionError) tcp connect (db:5432): non-existing domain - :nxdomain
    (db_connection 2.8.0) lib/db_connection/connection.ex:104: DBConnection.Connection.handle_event/4
    (stdlib 6.2.2) gen_statem.erl:3737: :gen_statem.loop_state_callback/11
    (stdlib 6.2.2) proc_lib.erl:329: :proc_lib.init_p_do_apply/3
Queue: [internal: {:connect, :init}]
Postponed: []
State: Postgrex.Protocol
Callback mode: :handle_event_function, state_enter: false
2025-09-30T14:43:42.425 application=db_connection [error] Postgrex.Protocol (#PID<0.220.0>) failed to connect: ** (DBConnection.ConnectionError) tcp connect (db:5432): non-existing domain - :nxdomain
2025-09-30T14:43:42.426 application=db_connection [error] Postgrex.Protocol (#PID<0.201.0>) failed to connect: ** (DBConnection.ConnectionError) tcp connect (db:5432): non-existing domain - :nxdomain
2025-09-30T14:43:42.425 [error] :gen_statem #PID<0.220.0> terminating
** (DBConnection.ConnectionError) tcp connect (db:5432): non-existing domain - :nxdomain
    (db_connection 2.8.0) lib/db_connection/connection.ex:104: DBConnection.Connection.handle_event/4
    (stdlib 6.2.2) gen_statem.erl:3737: :gen_statem.loop_state_callback/11
    (stdlib 6.2.2) proc_lib.erl:329: :proc_lib.init_p_do_apply/3
Queue: [internal: {:connect, :init}]
Postponed: []
State: Postgrex.Protocol
Callback mode: :handle_event_function, state_enter: false
2025-09-30T14:43:46.597 application=db_connection [error] Postgrex.Protocol (#PID<0.195.0>) failed to connect: ** (DBConnection.ConnectionError) tcp connect (db:5432): non-existing domain - :nxdomain
2025-09-30T14:43:46.597 application=db_connection [error] Postgrex.Protocol (#PID<0.196.0>) failed to connect: ** (DBConnection.ConnectionError) tcp connect (db:5432): non-existing domain - :nxdomain
2025-09-30T14:43:46.598 application=db_connection [error] Postgrex.Protocol (#PID<0.200.0>) failed to connect: ** (DBConnection.ConnectionError) tcp connect (db:5432): non-existing domain - :nxdomain
2025-09-30T14:43:46.838 application=ecto_sql [error] Could not create schema migrations table. This error usually happens due to the following:

  * The database does not exist
  * The "schema_migrations" table, which Ecto uses for managing
    migrations, was defined by another library
  * There is a deadlock while migrating (such as using concurrent
    indexes with a migration_lock)

To fix the first issue, run "mix ecto.create" for the desired MIX_ENV.

To address the second, you can run "mix ecto.drop" followed by
"mix ecto.create", both for the desired MIX_ENV. Alternatively you may
configure Ecto to use another table and/or repository for managing
migrations:

    config :explorer, Explorer.Repo,
      migration_source: "some_other_table_for_schema_migrations",
      migration_repo: AnotherRepoForSchemaMigrations

The full error report is shown below.

2025-09-30T14:43:57.586 application=db_connection [error] Postgrex.Protocol (#PID<0.201.0>) failed to connect: ** (DBConnection.ConnectionError) tcp connect (db:5432): non-existing domain - :nxdomain
2025-09-30T14:43:57.586 application=db_connection [error] Postgrex.Protocol (#PID<0.195.0>) failed to connect: ** (DBConnection.ConnectionError) tcp connect (db:5432): non-existing domain - :nxdomain
2025-09-30T14:43:57.586 application=db_connection [error] Postgrex.Protocol (#PID<0.196.0>) failed to connect: ** (DBConnection.ConnectionError) tcp connect (db:5432): non-existing domain - :nxdomain
2025-09-30T14:43:57.586 application=db_connection [error] Postgrex.Protocol (#PID<0.200.0>) failed to connect: ** (DBConnection.ConnectionError) tcp connect (db:5432): non-existing domain - :nxdomain
2025-09-30T14:43:57.586 application=db_connection [error] Postgrex.Protocol (#PID<0.207.0>) failed to connect: ** (DBConnection.ConnectionError) tcp connect (db:5432): non-existing domain - :nxdomain
2025-09-30T14:43:57.592 [error] :gen_statem #PID<0.207.0> terminating
** (DBConnection.ConnectionError) tcp connect (db:5432): non-existing domain - :nxdomain
    (db_connection 2.8.0) lib/db_connection/connection.ex:104: DBConnection.Connection.handle_event/4
    (stdlib 6.2.2) gen_statem.erl:3737: :gen_statem.loop_state_callback/11
    (stdlib 6.2.2) proc_lib.erl:329: :proc_lib.init_p_do_apply/3
Queue: [internal: {:connect, :init}]
Postponed: []
State: Postgrex.Protocol
Callback mode: :handle_event_function, state_enter: false
2025-09-30T14:44:01.463 application=db_connection [error] Postgrex.Protocol (#PID<0.200.0>) failed to connect: ** (DBConnection.ConnectionError) tcp connect (db:5432): non-existing domain - :nxdomain
2025-09-30T14:44:01.463 application=db_connection [error] Postgrex.Protocol (#PID<0.212.0>) failed to connect: ** (DBConnection.ConnectionError) tcp connect (db:5432): non-existing domain - :nxdomain
2025-09-30T14:44:01.463 application=db_connection [error] Postgrex.Protocol (#PID<0.195.0>) failed to connect: ** (DBConnection.ConnectionError) tcp connect (db:5432): non-existing domain - :nxdomain
2025-09-30T14:44:01.463 application=db_connection [error] Postgrex.Protocol (#PID<0.196.0>) failed to connect: ** (DBConnection.ConnectionError) tcp connect (db:5432): non-existing domain - :nxdomain
2025-09-30T14:44:01.463 application=db_connection [error] Postgrex.Protocol (#PID<0.201.0>) failed to connect: ** (DBConnection.ConnectionError) tcp connect (db:5432): non-existing domain - :nxdomain
2025-09-30T14:44:01.463 [error] :gen_statem #PID<0.212.0> terminating
** (DBConnection.ConnectionError) tcp connect (db:5432): non-existing domain - :nxdomain
    (db_connection 2.8.0) lib/db_connection/connection.ex:104: DBConnection.Connection.handle_event/4
    (stdlib 6.2.2) gen_statem.erl:3737: :gen_statem.loop_state_callback/11
    (stdlib 6.2.2) proc_lib.erl:329: :proc_lib.init_p_do_apply/3
Queue: [internal: {:connect, :init}]
Postponed: []
State: Postgrex.Protocol
Callback mode: :handle_event_function, state_enter: false
2025-09-30T14:44:05.327 application=db_connection [error] Postgrex.Protocol (#PID<0.216.0>) failed to connect: ** (DBConnection.ConnectionError) tcp connect (db:5432): non-existing domain - :nxdomain
2025-09-30T14:44:05.327 [error] :gen_statem #PID<0.216.0> terminating
** (DBConnection.ConnectionError) tcp connect (db:5432): non-existing domain - :nxdomain
    (db_connection 2.8.0) lib/db_connection/connection.ex:104: DBConnection.Connection.handle_event/4
    (stdlib 6.2.2) gen_statem.erl:3737: :gen_statem.loop_state_callback/11
    (stdlib 6.2.2) proc_lib.erl:329: :proc_lib.init_p_do_apply/3
Queue: [internal: {:connect, :init}]
Postponed: []
State: Postgrex.Protocol
Callback mode: :handle_event_function, state_enter: false
2025-09-30T14:44:05.329 application=db_connection [error] Postgrex.Protocol (#PID<0.196.0>) failed to connect: ** (DBConnection.ConnectionError) tcp connect (db:5432): non-existing domain - :nxdomain
2025-09-30T14:44:05.330 application=db_connection [error] Postgrex.Protocol (#PID<0.201.0>) failed to connect: ** (DBConnection.ConnectionError) tcp connect (db:5432): non-existing domain - :nxdomain
2025-09-30T14:44:05.330 application=db_connection [error] Postgrex.Protocol (#PID<0.200.0>) failed to connect: ** (DBConnection.ConnectionError) tcp connect (db:5432): non-existing domain - :nxdomain
2025-09-30T14:44:08.050 application=db_connection [error] Postgrex.Protocol (#PID<0.220.0>) failed to connect: ** (DBConnection.ConnectionError) tcp connect (db:5432): non-existing domain - :nxdomain
2025-09-30T14:44:08.050 application=db_connection [error] Postgrex.Protocol (#PID<0.195.0>) failed to connect: ** (DBConnection.ConnectionError) tcp connect (db:5432): non-existing domain - :nxdomain
2025-09-30T14:44:08.050 application=db_connection [error] Postgrex.Protocol (#PID<0.201.0>) failed to connect: ** (DBConnection.ConnectionError) tcp connect (db:5432): non-existing domain - :nxdomain
2025-09-30T14:44:08.050 [error] :gen_statem #PID<0.220.0> terminating
** (DBConnection.ConnectionError) tcp connect (db:5432): non-existing domain - :nxdomain
    (db_connection 2.8.0) lib/db_connection/connection.ex:104: DBConnection.Connection.handle_event/4
    (stdlib 6.2.2) gen_statem.erl:3737: :gen_statem.loop_state_callback/11
    (stdlib 6.2.2) proc_lib.erl:329: :proc_lib.init_p_do_apply/3
Queue: [internal: {:connect, :init}]
Postponed: []
State: Postgrex.Protocol
Callback mode: :handle_event_function, state_enter: false
2025-09-30T14:44:12.436 application=db_connection [error] Postgrex.Protocol (#PID<0.196.0>) failed to connect: ** (DBConnection.ConnectionError) tcp connect (db:5432): non-existing domain - :nxdomain
2025-09-30T14:44:12.436 application=db_connection [error] Postgrex.Protocol (#PID<0.200.0>) failed to connect: ** (DBConnection.ConnectionError) tcp connect (db:5432): non-existing domain - :nxdomain
2025-09-30T14:44:12.549 application=ecto_sql [error] Could not create schema migrations table. This error usually happens due to the following:

  * The database does not exist
  * The "schema_migrations" table, which Ecto uses for managing
    migrations, was defined by another library
  * There is a deadlock while migrating (such as using concurrent
    indexes with a migration_lock)

To fix the first issue, run "mix ecto.create" for the desired MIX_ENV.

To address the second, you can run "mix ecto.drop" followed by
"mix ecto.create", both for the desired MIX_ENV. Alternatively you may
configure Ecto to use another table and/or repository for managing
migrations:

    config :explorer, Explorer.Repo,
      migration_source: "some_other_table_for_schema_migrations",
      migration_repo: AnotherRepoForSchemaMigrations

The full error report is shown below.

2025-09-30T14:44:23.341 application=db_connection [error] Postgrex.Protocol (#PID<0.196.0>) failed to connect: ** (DBConnection.ConnectionError) tcp connect (db:5432): non-existing domain - :nxdomain
2025-09-30T14:44:23.341 application=db_connection [error] Postgrex.Protocol (#PID<0.201.0>) failed to connect: ** (DBConnection.ConnectionError) tcp connect (db:5432): non-existing domain - :nxdomain
2025-09-30T14:44:23.341 application=db_connection [error] Postgrex.Protocol (#PID<0.207.0>) failed to connect: ** (DBConnection.ConnectionError) tcp connect (db:5432): non-existing domain - :nxdomain
2025-09-30T14:44:23.341 application=db_connection [error] Postgrex.Protocol (#PID<0.195.0>) failed to connect: ** (DBConnection.ConnectionError) tcp connect (db:5432): non-existing domain - :nxdomain
2025-09-30T14:44:23.341 application=db_connection [error] Postgrex.Protocol (#PID<0.200.0>) failed to connect: ** (DBConnection.ConnectionError) tcp connect (db:5432): non-existing domain - :nxdomain
2025-09-30T14:44:23.355 [error] :gen_statem #PID<0.207.0> terminating
** (DBConnection.ConnectionError) tcp connect (db:5432): non-existing domain - :nxdomain
    (db_connection 2.8.0) lib/db_connection/connection.ex:104: DBConnection.Connection.handle_event/4
    (stdlib 6.2.2) gen_statem.erl:3737: :gen_statem.loop_state_callback/11
    (stdlib 6.2.2) proc_lib.erl:329: :proc_lib.init_p_do_apply/3
Queue: [internal: {:connect, :init}]
Postponed: []
State: Postgrex.Protocol
Callback mode: :handle_event_function, state_enter: false
2025-09-30T14:44:27.248 application=db_connection [error] Postgrex.Protocol (#PID<0.212.0>) failed to connect: ** (DBConnection.ConnectionError) tcp connect (db:5432): non-existing domain - :nxdomain
2025-09-30T14:44:27.248 application=db_connection [error] Postgrex.Protocol (#PID<0.201.0>) failed to connect: ** (DBConnection.ConnectionError) tcp connect (db:5432): non-existing domain - :nxdomain
2025-09-30T14:44:27.249 application=db_connection [error] Postgrex.Protocol (#PID<0.195.0>) failed to connect: ** (DBConnection.ConnectionError) tcp connect (db:5432): non-existing domain - :nxdomain
2025-09-30T14:44:27.249 application=db_connection [error] Postgrex.Protocol (#PID<0.200.0>) failed to connect: ** (DBConnection.ConnectionError) tcp connect (db:5432): non-existing domain - :nxdomain
2025-09-30T14:44:27.249 application=db_connection [error] Postgrex.Protocol (#PID<0.196.0>) failed to connect: ** (DBConnection.ConnectionError) tcp connect (db:5432): non-existing domain - :nxdomain
2025-09-30T14:44:27.248 [error] :gen_statem #PID<0.212.0> terminating
** (DBConnection.ConnectionError) tcp connect (db:5432): non-existing domain - :nxdomain
    (db_connection 2.8.0) lib/db_connection/connection.ex:104: DBConnection.Connection.handle_event/4
    (stdlib 6.2.2) gen_statem.erl:3737: :gen_statem.loop_state_callback/11
    (stdlib 6.2.2) proc_lib.erl:329: :proc_lib.init_p_do_apply/3
Queue: [internal: {:connect, :init}]
Postponed: []
State: Postgrex.Protocol
Callback mode: :handle_event_function, state_enter: false
2025-09-30T14:44:31.129 application=db_connection [error] Postgrex.Protocol (#PID<0.216.0>) failed to connect: ** (DBConnection.ConnectionError) tcp connect (db:5432): non-existing domain - :nxdomain
2025-09-30T14:44:31.132 application=db_connection [error] Postgrex.Protocol (#PID<0.200.0>) failed to connect: ** (DBConnection.ConnectionError) tcp connect (db:5432): non-existing domain - :nxdomain
2025-09-30T14:44:31.132 application=db_connection [error] Postgrex.Protocol (#PID<0.196.0>) failed to connect: ** (DBConnection.ConnectionError) tcp connect (db:5432): non-existing domain - :nxdomain
2025-09-30T14:44:31.132 application=db_connection [error] Postgrex.Protocol (#PID<0.195.0>) failed to connect: ** (DBConnection.ConnectionError) tcp connect (db:5432): non-existing domain - :nxdomain
2025-09-30T14:44:31.129 [error] :gen_statem #PID<0.216.0> terminating
** (DBConnection.ConnectionError) tcp connect (db:5432): non-existing domain - :nxdomain
    (db_connection 2.8.0) lib/db_connection/connection.ex:104: DBConnection.Connection.handle_event/4
    (stdlib 6.2.2) gen_statem.erl:3737: :gen_statem.loop_state_callback/11
    (stdlib 6.2.2) proc_lib.erl:329: :proc_lib.init_p_do_apply/3
Queue: [internal: {:connect, :init}]
Postponed: []
State: Postgrex.Protocol
Callback mode: :handle_event_function, state_enter: false
2025-09-30T14:44:35.012 application=db_connection [error] Postgrex.Protocol (#PID<0.220.0>) failed to connect: ** (DBConnection.ConnectionError) tcp connect (db:5432): non-existing domain - :nxdomain
2025-09-30T14:44:35.014 application=db_connection [error] Postgrex.Protocol (#PID<0.201.0>) failed to connect: ** (DBConnection.ConnectionError) tcp connect (db:5432): non-existing domain - :nxdomain
2025-09-30T14:44:35.014 application=db_connection [error] Postgrex.Protocol (#PID<0.196.0>) failed to connect: ** (DBConnection.ConnectionError) tcp connect (db:5432): non-existing domain - :nxdomain
2025-09-30T14:44:35.012 [error] :gen_statem #PID<0.220.0> terminating
** (DBConnection.ConnectionError) tcp connect (db:5432): non-existing domain - :nxdomain
    (db_connection 2.8.0) lib/db_connection/connection.ex:104: DBConnection.Connection.handle_event/4
    (stdlib 6.2.2) gen_statem.erl:3737: :gen_statem.loop_state_callback/11
    (stdlib 6.2.2) proc_lib.erl:329: :proc_lib.init_p_do_apply/3
Queue: [internal: {:connect, :init}]
Postponed: []
State: Postgrex.Protocol
Callback mode: :handle_event_function, state_enter: false
2025-09-30T14:44:38.289 application=ecto_sql [error] Could not create schema migrations table. This error usually happens due to the following:

  * The database does not exist
  * The "schema_migrations" table, which Ecto uses for managing
    migrations, was defined by another library
  * There is a deadlock while migrating (such as using concurrent
    indexes with a migration_lock)

To fix the first issue, run "mix ecto.create" for the desired MIX_ENV.

To address the second, you can run "mix ecto.drop" followed by
"mix ecto.create", both for the desired MIX_ENV. Alternatively you may
configure Ecto to use another table and/or repository for managing
migrations:

    config :explorer, Explorer.Repo,
      migration_source: "some_other_table_for_schema_migrations",
      migration_repo: AnotherRepoForSchemaMigrations

The full error report is shown below.

2025-09-30T14:44:48.404 application=db_connection [error] Postgrex.Protocol (#PID<0.201.0>) failed to connect: ** (DBConnection.ConnectionError) tcp connect (db:5432): non-existing domain - :nxdomain
2025-09-30T14:44:48.404 application=db_connection [error] Postgrex.Protocol (#PID<0.207.0>) failed to connect: ** (DBConnection.ConnectionError) tcp connect (db:5432): non-existing domain - :nxdomain
2025-09-30T14:44:48.404 application=db_connection [error] Postgrex.Protocol (#PID<0.196.0>) failed to connect: ** (DBConnection.ConnectionError) tcp connect (db:5432): non-existing domain - :nxdomain
2025-09-30T14:44:48.404 application=db_connection [error] Postgrex.Protocol (#PID<0.195.0>) failed to connect: ** (DBConnection.ConnectionError) tcp connect (db:5432): non-existing domain - :nxdomain
2025-09-30T14:44:48.404 application=db_connection [error] Postgrex.Protocol (#PID<0.200.0>) failed to connect: ** (DBConnection.ConnectionError) tcp connect (db:5432): non-existing domain - :nxdomain
2025-09-30T14:44:48.416 [error] :gen_statem #PID<0.207.0> terminating
** (DBConnection.ConnectionError) tcp connect (db:5432): non-existing domain - :nxdomain
    (db_connection 2.8.0) lib/db_connection/connection.ex:104: DBConnection.Connection.handle_event/4
    (stdlib 6.2.2) gen_statem.erl:3737: :gen_statem.loop_state_callback/11
    (stdlib 6.2.2) proc_lib.erl:329: :proc_lib.init_p_do_apply/3
Queue: [internal: {:connect, :init}]
Postponed: []
State: Postgrex.Protocol
Callback mode: :handle_event_function, state_enter: false
2025-09-30T14:44:52.291 application=db_connection [error] Postgrex.Protocol (#PID<0.195.0>) failed to connect: ** (DBConnection.ConnectionError) tcp connect (db:5432): non-existing domain - :nxdomain
2025-09-30T14:44:52.291 application=db_connection [error] Postgrex.Protocol (#PID<0.212.0>) failed to connect: ** (DBConnection.ConnectionError) tcp connect (db:5432): non-existing domain - :nxdomain
2025-09-30T14:44:52.291 application=db_connection [error] Postgrex.Protocol (#PID<0.201.0>) failed to connect: ** (DBConnection.ConnectionError) tcp connect (db:5432): non-existing domain - :nxdomain
2025-09-30T14:44:52.292 application=db_connection [error] Postgrex.Protocol (#PID<0.196.0>) failed to connect: ** (DBConnection.ConnectionError) tcp connect (db:5432): non-existing domain - :nxdomain
2025-09-30T14:44:52.292 application=db_connection [error] Postgrex.Protocol (#PID<0.200.0>) failed to connect: ** (DBConnection.ConnectionError) tcp connect (db:5432): non-existing domain - :nxdomain
2025-09-30T14:44:52.291 [error] :gen_statem #PID<0.212.0> terminating
** (DBConnection.ConnectionError) tcp connect (db:5432): non-existing domain - :nxdomain
    (db_connection 2.8.0) lib/db_connection/connection.ex:104: DBConnection.Connection.handle_event/4
    (stdlib 6.2.2) gen_statem.erl:3737: :gen_statem.loop_state_callback/11
    (stdlib 6.2.2) proc_lib.erl:329: :proc_lib.init_p_do_apply/3
Queue: [internal: {:connect, :init}]
Postponed: []
State: Postgrex.Protocol
Callback mode: :handle_event_function, state_enter: false
2025-09-30T14:44:56.155 application=db_connection [error] Postgrex.Protocol (#PID<0.216.0>) failed to connect: ** (DBConnection.ConnectionError) tcp connect (db:5432): non-existing domain - :nxdomain
2025-09-30T14:44:56.155 application=db_connection [error] Postgrex.Protocol (#PID<0.201.0>) failed to connect: ** (DBConnection.ConnectionError) tcp connect (db:5432): non-existing domain - :nxdomain
2025-09-30T14:44:56.155 application=db_connection [error] Postgrex.Protocol (#PID<0.195.0>) failed to connect: ** (DBConnection.ConnectionError) tcp connect (db:5432): non-existing domain - :nxdomain
2025-09-30T14:44:56.155 application=db_connection [error] Postgrex.Protocol (#PID<0.200.0>) failed to connect: ** (DBConnection.ConnectionError) tcp connect (db:5432): non-existing domain - :nxdomain
2025-09-30T14:44:56.155 [error] :gen_statem #PID<0.216.0> terminating
** (DBConnection.ConnectionError) tcp connect (db:5432): non-existing domain - :nxdomain
    (db_connection 2.8.0) lib/db_connection/connection.ex:104: DBConnection.Connection.handle_event/4
    (stdlib 6.2.2) gen_statem.erl:3737: :gen_statem.loop_state_callback/11
    (stdlib 6.2.2) proc_lib.erl:329: :proc_lib.init_p_do_apply/3
Queue: [internal: {:connect, :init}]
Postponed: []
State: Postgrex.Protocol
Callback mode: :handle_event_function, state_enter: false
2025-09-30T14:45:00.018 application=db_connection [error] Postgrex.Protocol (#PID<0.201.0>) failed to connect: ** (DBConnection.ConnectionError) tcp connect (db:5432): non-existing domain - :nxdomain
2025-09-30T14:45:00.018 application=db_connection [error] Postgrex.Protocol (#PID<0.220.0>) failed to connect: ** (DBConnection.ConnectionError) tcp connect (db:5432): non-existing domain - :nxdomain
2025-09-30T14:45:00.018 application=db_connection [error] Postgrex.Protocol (#PID<0.200.0>) failed to connect: ** (DBConnection.ConnectionError) tcp connect (db:5432): non-existing domain - :nxdomain
2025-09-30T14:45:00.019 application=db_connection [error] Postgrex.Protocol (#PID<0.196.0>) failed to connect: ** (DBConnection.ConnectionError) tcp connect (db:5432): non-existing domain - :nxdomain
2025-09-30T14:45:00.018 [error] :gen_statem #PID<0.220.0> terminating
** (DBConnection.ConnectionError) tcp connect (db:5432): non-existing domain - :nxdomain
    (db_connection 2.8.0) lib/db_connection/connection.ex:104: DBConnection.Connection.handle_event/4
    (stdlib 6.2.2) gen_statem.erl:3737: :gen_statem.loop_state_callback/11
    (stdlib 6.2.2) proc_lib.erl:329: :proc_lib.init_p_do_apply/3
Queue: [internal: {:connect, :init}]
Postponed: []
State: Postgrex.Protocol
Callback mode: :handle_event_function, state_enter: false
2025-09-30T14:45:03.355 application=ecto_sql [error] Could not create schema migrations table. This error usually happens due to the following:

  * The database does not exist
  * The "schema_migrations" table, which Ecto uses for managing
    migrations, was defined by another library
  * There is a deadlock while migrating (such as using concurrent
    indexes with a migration_lock)

To fix the first issue, run "mix ecto.create" for the desired MIX_ENV.

To address the second, you can run "mix ecto.drop" followed by
"mix ecto.create", both for the desired MIX_ENV. Alternatively you may
configure Ecto to use another table and/or repository for managing
migrations:

    config :explorer, Explorer.Repo,
      migration_source: "some_other_table_for_schema_migrations",
      migration_repo: AnotherRepoForSchemaMigrations

The full error report is shown below.

2025-09-30T14:45:13.996 application=db_connection [error] Postgrex.Protocol (#PID<0.201.0>) failed to connect: ** (DBConnection.ConnectionError) tcp connect (db:5432): non-existing domain - :nxdomain
2025-09-30T14:45:13.996 application=db_connection [error] Postgrex.Protocol (#PID<0.195.0>) failed to connect: ** (DBConnection.ConnectionError) tcp connect (db:5432): non-existing domain - :nxdomain
2025-09-30T14:45:13.996 application=db_connection [error] Postgrex.Protocol (#PID<0.207.0>) failed to connect: ** (DBConnection.ConnectionError) tcp connect (db:5432): non-existing domain - :nxdomain
2025-09-30T14:45:13.996 application=db_connection [error] Postgrex.Protocol (#PID<0.200.0>) failed to connect: ** (DBConnection.ConnectionError) tcp connect (db:5432): non-existing domain - :nxdomain
2025-09-30T14:45:13.996 application=db_connection [error] Postgrex.Protocol (#PID<0.196.0>) failed to connect: ** (DBConnection.ConnectionError) tcp connect (db:5432): non-existing domain - :nxdomain
2025-09-30T14:45:14.012 [error] :gen_statem #PID<0.207.0> terminating
** (DBConnection.ConnectionError) tcp connect (db:5432): non-existing domain - :nxdomain
    (db_connection 2.8.0) lib/db_connection/connection.ex:104: DBConnection.Connection.handle_event/4
    (stdlib 6.2.2) gen_statem.erl:3737: :gen_statem.loop_state_callback/11
    (stdlib 6.2.2) proc_lib.erl:329: :proc_lib.init_p_do_apply/3
Queue: [internal: {:connect, :init}]
Postponed: []
State: Postgrex.Protocol
Callback mode: :handle_event_function, state_enter: false
2025-09-30T14:45:17.918 application=db_connection [error] Postgrex.Protocol (#PID<0.200.0>) failed to connect: ** (DBConnection.ConnectionError) tcp connect (db:5432): non-existing domain - :nxdomain
2025-09-30T14:45:17.918 application=db_connection [error] Postgrex.Protocol (#PID<0.211.0>) failed to connect: ** (DBConnection.ConnectionError) tcp connect (db:5432): non-existing domain - :nxdomain
2025-09-30T14:45:17.918 application=db_connection [error] Postgrex.Protocol (#PID<0.195.0>) failed to connect: ** (DBConnection.ConnectionError) tcp connect (db:5432): non-existing domain - :nxdomain
2025-09-30T14:45:17.918 application=db_connection [error] Postgrex.Protocol (#PID<0.201.0>) failed to connect: ** (DBConnection.ConnectionError) tcp connect (db:5432): non-existing domain - :nxdomain
2025-09-30T14:45:17.918 application=db_connection [error] Postgrex.Protocol (#PID<0.196.0>) failed to connect: ** (DBConnection.ConnectionError) tcp connect (db:5432): non-existing domain - :nxdomain
2025-09-30T14:45:17.918 [error] :gen_statem #PID<0.211.0> terminating
** (DBConnection.ConnectionError) tcp connect (db:5432): non-existing domain - :nxdomain
    (db_connection 2.8.0) lib/db_connection/connection.ex:104: DBConnection.Connection.handle_event/4
    (stdlib 6.2.2) gen_statem.erl:3737: :gen_statem.loop_state_callback/11
    (stdlib 6.2.2) proc_lib.erl:329: :proc_lib.init_p_do_apply/3
Queue: [internal: {:connect, :init}]
Postponed: []
State: Postgrex.Protocol
Callback mode: :handle_event_function, state_enter: false
2025-09-30T14:45:21.777 application=db_connection [error] Postgrex.Protocol (#PID<0.201.0>) failed to connect: ** (DBConnection.ConnectionError) tcp connect (db:5432): non-existing domain - :nxdomain
2025-09-30T14:45:21.777 application=db_connection [error] Postgrex.Protocol (#PID<0.200.0>) failed to connect: ** (DBConnection.ConnectionError) tcp connect (db:5432): non-existing domain - :nxdomain
2025-09-30T14:45:21.777 application=db_connection [error] Postgrex.Protocol (#PID<0.216.0>) failed to connect: ** (DBConnection.ConnectionError) tcp connect (db:5432): non-existing domain - :nxdomain
2025-09-30T14:45:21.777 application=db_connection [error] Postgrex.Protocol (#PID<0.196.0>) failed to connect: ** (DBConnection.ConnectionError) tcp connect (db:5432): non-existing domain - :nxdomain
2025-09-30T14:45:21.777 [error] :gen_statem #PID<0.216.0> terminating
** (DBConnection.ConnectionError) tcp connect (db:5432): non-existing domain - :nxdomain
    (db_connection 2.8.0) lib/db_connection/connection.ex:104: DBConnection.Connection.handle_event/4
    (stdlib 6.2.2) gen_statem.erl:3737: :gen_statem.loop_state_callback/11
    (stdlib 6.2.2) proc_lib.erl:329: :proc_lib.init_p_do_apply/3
Queue: [internal: {:connect, :init}]
Postponed: []
State: Postgrex.Protocol
Callback mode: :handle_event_function, state_enter: false
2025-09-30T14:45:25.653 application=db_connection [error] Postgrex.Protocol (#PID<0.220.0>) failed to connect: ** (DBConnection.ConnectionError) tcp connect (db:5432): non-existing domain - :nxdomain
2025-09-30T14:45:25.653 application=db_connection [error] Postgrex.Protocol (#PID<0.195.0>) failed to connect: ** (DBConnection.ConnectionError) tcp connect (db:5432): non-existing domain - :nxdomain
2025-09-30T14:45:25.653 application=db_connection [error] Postgrex.Protocol (#PID<0.201.0>) failed to connect: ** (DBConnection.ConnectionError) tcp connect (db:5432): non-existing domain - :nxdomain
2025-09-30T14:45:25.653 application=db_connection [error] Postgrex.Protocol (#PID<0.200.0>) failed to connect: ** (DBConnection.ConnectionError) tcp connect (db:5432): non-existing domain - :nxdomain
2025-09-30T14:45:25.653 [error] :gen_statem #PID<0.220.0> terminating
** (DBConnection.ConnectionError) tcp connect (db:5432): non-existing domain - :nxdomain
    (db_connection 2.8.0) lib/db_connection/connection.ex:104: DBConnection.Connection.handle_event/4
    (stdlib 6.2.2) gen_statem.erl:3737: :gen_statem.loop_state_callback/11
    (stdlib 6.2.2) proc_lib.erl:329: :proc_lib.init_p_do_apply/3
Queue: [internal: {:connect, :init}]
Postponed: []
State: Postgrex.Protocol
Callback mode: :handle_event_function, state_enter: false
2025-09-30T14:45:29.524 application=db_connection [error] Postgrex.Protocol (#PID<0.196.0>) failed to connect: ** (DBConnection.ConnectionError) tcp connect (db:5432): non-existing domain - :nxdomain
2025-09-30T14:45:30.099 application=ecto_sql [error] Could not create schema migrations table. This error usually happens due to the following:

  * The database does not exist
  * The "schema_migrations" table, which Ecto uses for managing
    migrations, was defined by another library
  * There is a deadlock while migrating (such as using concurrent
    indexes with a migration_lock)

To fix the first issue, run "mix ecto.create" for the desired MIX_ENV.

To address the second, you can run "mix ecto.drop" followed by
"mix ecto.create", both for the desired MIX_ENV. Alternatively you may
configure Ecto to use another table and/or repository for managing
migrations:

    config :explorer, Explorer.Repo,
      migration_source: "some_other_table_for_schema_migrations",
      migration_repo: AnotherRepoForSchemaMigrations

The full error report is shown below.

2025-09-30T14:45:38.417 application=db_connection [error] Postgrex.Protocol (#PID<0.201.0>) failed to connect: ** (DBConnection.ConnectionError) tcp connect (db:5432): non-existing domain - :nxdomain
2025-09-30T14:45:38.417 application=db_connection [error] Postgrex.Protocol (#PID<0.200.0>) failed to connect: ** (DBConnection.ConnectionError) tcp connect (db:5432): non-existing domain - :nxdomain
2025-09-30T14:45:38.417 application=db_connection [error] Postgrex.Protocol (#PID<0.196.0>) failed to connect: ** (DBConnection.ConnectionError) tcp connect (db:5432): non-existing domain - :nxdomain
2025-09-30T14:45:38.417 application=db_connection [error] Postgrex.Protocol (#PID<0.195.0>) failed to connect: ** (DBConnection.ConnectionError) tcp connect (db:5432): non-existing domain - :nxdomain
2025-09-30T14:45:38.417 application=db_connection [error] Postgrex.Protocol (#PID<0.207.0>) failed to connect: ** (DBConnection.ConnectionError) tcp connect (db:5432): non-existing domain - :nxdomain
2025-09-30T14:45:38.423 [error] :gen_statem #PID<0.207.0> terminating
** (DBConnection.ConnectionError) tcp connect (db:5432): non-existing domain - :nxdomain
    (db_connection 2.8.0) lib/db_connection/connection.ex:104: DBConnection.Connection.handle_event/4
    (stdlib 6.2.2) gen_statem.erl:3737: :gen_statem.loop_state_callback/11
    (stdlib 6.2.2) proc_lib.erl:329: :proc_lib.init_p_do_apply/3
Queue: [internal: {:connect, :init}]
Postponed: []
State: Postgrex.Protocol
Callback mode: :handle_event_function, state_enter: false
2025-09-30T14:45:42.298 application=db_connection [error] Postgrex.Protocol (#PID<0.212.0>) failed to connect: ** (DBConnection.ConnectionError) tcp connect (db:5432): non-existing domain - :nxdomain
2025-09-30T14:45:42.298 application=db_connection [error] Postgrex.Protocol (#PID<0.195.0>) failed to connect: ** (DBConnection.ConnectionError) tcp connect (db:5432): non-existing domain - :nxdomain
2025-09-30T14:45:42.298 application=db_connection [error] Postgrex.Protocol (#PID<0.201.0>) failed to connect: ** (DBConnection.ConnectionError) tcp connect (db:5432): non-existing domain - :nxdomain
2025-09-30T14:45:42.298 application=db_connection [error] Postgrex.Protocol (#PID<0.196.0>) failed to connect: ** (DBConnection.ConnectionError) tcp connect (db:5432): non-existing domain - :nxdomain
2025-09-30T14:45:42.298 application=db_connection [error] Postgrex.Protocol (#PID<0.200.0>) failed to connect: ** (DBConnection.ConnectionError) tcp connect (db:5432): non-existing domain - :nxdomain
2025-09-30T14:45:42.298 [error] :gen_statem #PID<0.212.0> terminating
** (DBConnection.ConnectionError) tcp connect (db:5432): non-existing domain - :nxdomain
    (db_connection 2.8.0) lib/db_connection/connection.ex:104: DBConnection.Connection.handle_event/4
    (stdlib 6.2.2) gen_statem.erl:3737: :gen_statem.loop_state_callback/11
    (stdlib 6.2.2) proc_lib.erl:329: :proc_lib.init_p_do_apply/3
Queue: [internal: {:connect, :init}]
Postponed: []
State: Postgrex.Protocol
Callback mode: :handle_event_function, state_enter: false
2025-09-30T14:45:46.172 application=db_connection [error] Postgrex.Protocol (#PID<0.200.0>) failed to connect: ** (DBConnection.ConnectionError) tcp connect (db:5432): non-existing domain - :nxdomain
2025-09-30T14:45:46.172 application=db_connection [error] Postgrex.Protocol (#PID<0.216.0>) failed to connect: ** (DBConnection.ConnectionError) tcp connect (db:5432): non-existing domain - :nxdomain
2025-09-30T14:45:46.172 application=db_connection [error] Postgrex.Protocol (#PID<0.196.0>) failed to connect: ** (DBConnection.ConnectionError) tcp connect (db:5432): non-existing domain - :nxdomain
2025-09-30T14:45:46.172 [error] :gen_statem #PID<0.216.0> terminating
** (DBConnection.ConnectionError) tcp connect (db:5432): non-existing domain - :nxdomain
    (db_connection 2.8.0) lib/db_connection/connection.ex:104: DBConnection.Connection.handle_event/4
    (stdlib 6.2.2) gen_statem.erl:3737: :gen_statem.loop_state_callback/11
    (stdlib 6.2.2) proc_lib.erl:329: :proc_lib.init_p_do_apply/3
Queue: [internal: {:connect, :init}]
Postponed: []
State: Postgrex.Protocol
Callback mode: :handle_event_function, state_enter: false
2025-09-30T14:45:50.043 application=db_connection [error] Postgrex.Protocol (#PID<0.195.0>) failed to connect: ** (DBConnection.ConnectionError) tcp connect (db:5432): non-existing domain - :nxdomain
2025-09-30T14:45:50.043 application=db_connection [error] Postgrex.Protocol (#PID<0.220.0>) failed to connect: ** (DBConnection.ConnectionError) tcp connect (db:5432): non-existing domain - :nxdomain
2025-09-30T14:45:50.043 application=db_connection [error] Postgrex.Protocol (#PID<0.201.0>) failed to connect: ** (DBConnection.ConnectionError) tcp connect (db:5432): non-existing domain - :nxdomain
2025-09-30T14:45:50.043 [error] :gen_statem #PID<0.220.0> terminating
** (DBConnection.ConnectionError) tcp connect (db:5432): non-existing domain - :nxdomain
    (db_connection 2.8.0) lib/db_connection/connection.ex:104: DBConnection.Connection.handle_event/4
    (stdlib 6.2.2) gen_statem.erl:3737: :gen_statem.loop_state_callback/11
    (stdlib 6.2.2) proc_lib.erl:329: :proc_lib.init_p_do_apply/3
Queue: [internal: {:connect, :init}]
Postponed: []
State: Postgrex.Protocol
Callback mode: :handle_event_function, state_enter: false
2025-09-30T14:45:54.504 application=ecto_sql [error] Could not create schema migrations table. This error usually happens due to the following:

  * The database does not exist
  * The "schema_migrations" table, which Ecto uses for managing
    migrations, was defined by another library
  * There is a deadlock while migrating (such as using concurrent
    indexes with a migration_lock)

To fix the first issue, run "mix ecto.create" for the desired MIX_ENV.

To address the second, you can run "mix ecto.drop" followed by
"mix ecto.create", both for the desired MIX_ENV. Alternatively you may
configure Ecto to use another table and/or repository for managing
migrations:

    config :explorer, Explorer.Repo,
      migration_source: "some_other_table_for_schema_migrations",
      migration_repo: AnotherRepoForSchemaMigrations

The full error report is shown below.

2025-09-30T14:46:02.635 application=db_connection [error] Postgrex.Protocol (#PID<0.207.0>) failed to connect: ** (DBConnection.ConnectionError) tcp connect (db:5432): non-existing domain - :nxdomain
2025-09-30T14:46:02.635 application=db_connection [error] Postgrex.Protocol (#PID<0.201.0>) failed to connect: ** (DBConnection.ConnectionError) tcp connect (db:5432): non-existing domain - :nxdomain
2025-09-30T14:46:02.635 application=db_connection [error] Postgrex.Protocol (#PID<0.200.0>) failed to connect: ** (DBConnection.ConnectionError) tcp connect (db:5432): non-existing domain - :nxdomain
2025-09-30T14:46:02.635 application=db_connection [error] Postgrex.Protocol (#PID<0.196.0>) failed to connect: ** (DBConnection.ConnectionError) tcp connect (db:5432): non-existing domain - :nxdomain
2025-09-30T14:46:02.635 application=db_connection [error] Postgrex.Protocol (#PID<0.195.0>) failed to connect: ** (DBConnection.ConnectionError) tcp connect (db:5432): non-existing domain - :nxdomain
2025-09-30T14:46:02.642 [error] :gen_statem #PID<0.207.0> terminating
** (DBConnection.ConnectionError) tcp connect (db:5432): non-existing domain - :nxdomain
    (db_connection 2.8.0) lib/db_connection/connection.ex:104: DBConnection.Connection.handle_event/4
    (stdlib 6.2.2) gen_statem.erl:3737: :gen_statem.loop_state_callback/11
    (stdlib 6.2.2) proc_lib.erl:329: :proc_lib.init_p_do_apply/3
Queue: [internal: {:connect, :init}]
Postponed: []
State: Postgrex.Protocol
Callback mode: :handle_event_function, state_enter: false
2025-09-30T14:46:06.542 application=db_connection [error] Postgrex.Protocol (#PID<0.196.0>) failed to connect: ** (DBConnection.ConnectionError) tcp connect (db:5432): non-existing domain - :nxdomain
2025-09-30T14:46:06.542 application=db_connection [error] Postgrex.Protocol (#PID<0.212.0>) failed to connect: ** (DBConnection.ConnectionError) tcp connect (db:5432): non-existing domain - :nxdomain
2025-09-30T14:46:06.542 application=db_connection [error] Postgrex.Protocol (#PID<0.201.0>) failed to connect: ** (DBConnection.ConnectionError) tcp connect (db:5432): non-existing domain - :nxdomain
2025-09-30T14:46:06.542 application=db_connection [error] Postgrex.Protocol (#PID<0.200.0>) failed to connect: ** (DBConnection.ConnectionError) tcp connect (db:5432): non-existing domain - :nxdomain
2025-09-30T14:46:06.542 application=db_connection [error] Postgrex.Protocol (#PID<0.195.0>) failed to connect: ** (DBConnection.ConnectionError) tcp connect (db:5432): non-existing domain - :nxdomain
2025-09-30T14:46:06.542 [error] :gen_statem #PID<0.212.0> terminating
** (DBConnection.ConnectionError) tcp connect (db:5432): non-existing domain - :nxdomain
    (db_connection 2.8.0) lib/db_connection/connection.ex:104: DBConnection.Connection.handle_event/4
    (stdlib 6.2.2) gen_statem.erl:3737: :gen_statem.loop_state_callback/11
    (stdlib 6.2.2) proc_lib.erl:329: :proc_lib.init_p_do_apply/3
Queue: [internal: {:connect, :init}]
Postponed: []
State: Postgrex.Protocol
Callback mode: :handle_event_function, state_enter: false
2025-09-30T14:46:10.398 application=db_connection [error] Postgrex.Protocol (#PID<0.216.0>) failed to connect: ** (DBConnection.ConnectionError) tcp connect (db:5432): non-existing domain - :nxdomain
2025-09-30T14:46:10.398 application=db_connection [error] Postgrex.Protocol (#PID<0.195.0>) failed to connect: ** (DBConnection.ConnectionError) tcp connect (db:5432): non-existing domain - :nxdomain
2025-09-30T14:46:10.398 application=db_connection [error] Postgrex.Protocol (#PID<0.196.0>) failed to connect: ** (DBConnection.ConnectionError) tcp connect (db:5432): non-existing domain - :nxdomain
2025-09-30T14:46:10.398 application=db_connection [error] Postgrex.Protocol (#PID<0.201.0>) failed to connect: ** (DBConnection.ConnectionError) tcp connect (db:5432): non-existing domain - :nxdomain
2025-09-30T14:46:10.398 [error] :gen_statem #PID<0.216.0> terminating
** (DBConnection.ConnectionError) tcp connect (db:5432): non-existing domain - :nxdomain
    (db_connection 2.8.0) lib/db_connection/connection.ex:104: DBConnection.Connection.handle_event/4
    (stdlib 6.2.2) gen_statem.erl:3737: :gen_statem.loop_state_callback/11
    (stdlib 6.2.2) proc_lib.erl:329: :proc_lib.init_p_do_apply/3
Queue: [internal: {:connect, :init}]
Postponed: []
State: Postgrex.Protocol
Callback mode: :handle_event_function, state_enter: false
2025-09-30T14:46:14.271 application=db_connection [error] Postgrex.Protocol (#PID<0.220.0>) failed to connect: ** (DBConnection.ConnectionError) tcp connect (db:5432): non-existing domain - :nxdomain
2025-09-30T14:46:14.271 application=db_connection [error] Postgrex.Protocol (#PID<0.200.0>) failed to connect: ** (DBConnection.ConnectionError) tcp connect (db:5432): non-existing domain - :nxdomain
2025-09-30T14:46:14.271 [error] :gen_statem #PID<0.220.0> terminating
** (DBConnection.ConnectionError) tcp connect (db:5432): non-existing domain - :nxdomain
    (db_connection 2.8.0) lib/db_connection/connection.ex:104: DBConnection.Connection.handle_event/4
    (stdlib 6.2.2) gen_statem.erl:3737: :gen_statem.loop_state_callback/11
    (stdlib 6.2.2) proc_lib.erl:329: :proc_lib.init_p_do_apply/3
Queue: [internal: {:connect, :init}]
Postponed: []
State: Postgrex.Protocol
Callback mode: :handle_event_function, state_enter: false
2025-09-30T14:46:18.761 application=ecto_sql [error] Could not create schema migrations table. This error usually happens due to the following:

  * The database does not exist
  * The "schema_migrations" table, which Ecto uses for managing
    migrations, was defined by another library
  * There is a deadlock while migrating (such as using concurrent
    indexes with a migration_lock)

To fix the first issue, run "mix ecto.create" for the desired MIX_ENV.

To address the second, you can run "mix ecto.drop" followed by
"mix ecto.create", both for the desired MIX_ENV. Alternatively you may
configure Ecto to use another table and/or repository for managing
migrations:

    config :explorer, Explorer.Repo,
      migration_source: "some_other_table_for_schema_migrations",
      migration_repo: AnotherRepoForSchemaMigrations

The full error report is shown below.

2025-09-30T14:46:30.505 application=db_connection [error] Postgrex.Protocol (#PID<0.196.0>) failed to connect: ** (DBConnection.ConnectionError) tcp connect (db:5432): non-existing domain - :nxdomain
2025-09-30T14:46:30.505 application=db_connection [error] Postgrex.Protocol (#PID<0.207.0>) failed to connect: ** (DBConnection.ConnectionError) tcp connect (db:5432): non-existing domain - :nxdomain
2025-09-30T14:46:30.505 application=db_connection [error] Postgrex.Protocol (#PID<0.195.0>) failed to connect: ** (DBConnection.ConnectionError) tcp connect (db:5432): non-existing domain - :nxdomain
2025-09-30T14:46:30.505 application=db_connection [error] Postgrex.Protocol (#PID<0.200.0>) failed to connect: ** (DBConnection.ConnectionError) tcp connect (db:5432): non-existing domain - :nxdomain
2025-09-30T14:46:30.505 application=db_connection [error] Postgrex.Protocol (#PID<0.201.0>) failed to connect: ** (DBConnection.ConnectionError) tcp connect (db:5432): non-existing domain - :nxdomain
2025-09-30T14:46:30.514 [error] :gen_statem #PID<0.207.0> terminating
** (DBConnection.ConnectionError) tcp connect (db:5432): non-existing domain - :nxdomain
    (db_connection 2.8.0) lib/db_connection/connection.ex:104: DBConnection.Connection.handle_event/4
    (stdlib 6.2.2) gen_statem.erl:3737: :gen_statem.loop_state_callback/11
    (stdlib 6.2.2) proc_lib.erl:329: :proc_lib.init_p_do_apply/3
Queue: [internal: {:connect, :init}]
Postponed: []
State: Postgrex.Protocol
Callback mode: :handle_event_function, state_enter: false
2025-09-30T14:46:33.257 application=db_connection [error] Postgrex.Protocol (#PID<0.212.0>) failed to connect: ** (DBConnection.ConnectionError) tcp connect (db:5432): non-existing domain - :nxdomain
2025-09-30T14:46:33.257 application=db_connection [error] Postgrex.Protocol (#PID<0.195.0>) failed to connect: ** (DBConnection.ConnectionError) tcp connect (db:5432): non-existing domain - :nxdomain
2025-09-30T14:46:33.257 application=db_connection [error] Postgrex.Protocol (#PID<0.201.0>) failed to connect: ** (DBConnection.ConnectionError) tcp connect (db:5432): non-existing domain - :nxdomain
2025-09-30T14:46:33.257 application=db_connection [error] Postgrex.Protocol (#PID<0.200.0>) failed to connect: ** (DBConnection.ConnectionError) tcp connect (db:5432): non-existing domain - :nxdomain
2025-09-30T14:46:33.257 application=db_connection [error] Postgrex.Protocol (#PID<0.196.0>) failed to connect: ** (DBConnection.ConnectionError) tcp connect (db:5432): non-existing domain - :nxdomain
2025-09-30T14:46:33.257 [error] :gen_statem #PID<0.212.0> terminating
** (DBConnection.ConnectionError) tcp connect (db:5432): non-existing domain - :nxdomain
    (db_connection 2.8.0) lib/db_connection/connection.ex:104: DBConnection.Connection.handle_event/4
    (stdlib 6.2.2) gen_statem.erl:3737: :gen_statem.loop_state_callback/11
    (stdlib 6.2.2) proc_lib.erl:329: :proc_lib.init_p_do_apply/3
Queue: [internal: {:connect, :init}]
Postponed: []
State: Postgrex.Protocol
Callback mode: :handle_event_function, state_enter: false
2025-09-30T14:46:37.118 application=db_connection [error] Postgrex.Protocol (#PID<0.216.0>) failed to connect: ** (DBConnection.ConnectionError) tcp connect (db:5432): non-existing domain - :nxdomain
2025-09-30T14:46:37.118 application=db_connection [error] Postgrex.Protocol (#PID<0.195.0>) failed to connect: ** (DBConnection.ConnectionError) tcp connect (db:5432): non-existing domain - :nxdomain
2025-09-30T14:46:37.119 application=db_connection [error] Postgrex.Protocol (#PID<0.196.0>) failed to connect: ** (DBConnection.ConnectionError) tcp connect (db:5432): non-existing domain - :nxdomain
2025-09-30T14:46:37.118 [error] :gen_statem #PID<0.216.0> terminating
** (DBConnection.ConnectionError) tcp connect (db:5432): non-existing domain - :nxdomain
    (db_connection 2.8.0) lib/db_connection/connection.ex:104: DBConnection.Connection.handle_event/4
    (stdlib 6.2.2) gen_statem.erl:3737: :gen_statem.loop_state_callback/11
    (stdlib 6.2.2) proc_lib.erl:329: :proc_lib.init_p_do_apply/3
Queue: [internal: {:connect, :init}]
Postponed: []
State: Postgrex.Protocol
Callback mode: :handle_event_function, state_enter: false
2025-09-30T14:46:40.965 application=db_connection [error] Postgrex.Protocol (#PID<0.220.0>) failed to connect: ** (DBConnection.ConnectionError) tcp connect (db:5432): non-existing domain - :nxdomain
2025-09-30T14:46:40.966 application=db_connection [error] Postgrex.Protocol (#PID<0.201.0>) failed to connect: ** (DBConnection.ConnectionError) tcp connect (db:5432): non-existing domain - :nxdomain
2025-09-30T14:46:40.966 application=db_connection [error] Postgrex.Protocol (#PID<0.200.0>) failed to connect: ** (DBConnection.ConnectionError) tcp connect (db:5432): non-existing domain - :nxdomain
2025-09-30T14:46:40.965 [error] :gen_statem #PID<0.220.0> terminating
** (DBConnection.ConnectionError) tcp connect (db:5432): non-existing domain - :nxdomain
    (db_connection 2.8.0) lib/db_connection/connection.ex:104: DBConnection.Connection.handle_event/4
    (stdlib 6.2.2) gen_statem.erl:3737: :gen_statem.loop_state_callback/11
    (stdlib 6.2.2) proc_lib.erl:329: :proc_lib.init_p_do_apply/3
Queue: [internal: {:connect, :init}]
Postponed: []
State: Postgrex.Protocol
Callback mode: :handle_event_function, state_enter: false
2025-09-30T14:46:45.498 application=ecto_sql [error] Could not create schema migrations table. This error usually happens due to the following:

  * The database does not exist
  * The "schema_migrations" table, which Ecto uses for managing
    migrations, was defined by another library
  * There is a deadlock while migrating (such as using concurrent
    indexes with a migration_lock)

To fix the first issue, run "mix ecto.create" for the desired MIX_ENV.

To address the second, you can run "mix ecto.drop" followed by
"mix ecto.create", both for the desired MIX_ENV. Alternatively you may
configure Ecto to use another table and/or repository for managing
migrations:

    config :explorer, Explorer.Repo,
      migration_source: "some_other_table_for_schema_migrations",
      migration_repo: AnotherRepoForSchemaMigrations

The full error report is shown below.

2025-09-30T14:46:55.841 application=db_connection [error] Postgrex.Protocol (#PID<0.196.0>) failed to connect: ** (DBConnection.ConnectionError) tcp connect (db:5432): non-existing domain - :nxdomain
2025-09-30T14:46:55.841 application=db_connection [error] Postgrex.Protocol (#PID<0.201.0>) failed to connect: ** (DBConnection.ConnectionError) tcp connect (db:5432): non-existing domain - :nxdomain
2025-09-30T14:46:55.841 application=db_connection [error] Postgrex.Protocol (#PID<0.195.0>) failed to connect: ** (DBConnection.ConnectionError) tcp connect (db:5432): non-existing domain - :nxdomain
2025-09-30T14:46:55.841 application=db_connection [error] Postgrex.Protocol (#PID<0.200.0>) failed to connect: ** (DBConnection.ConnectionError) tcp connect (db:5432): non-existing domain - :nxdomain
2025-09-30T14:46:55.841 application=db_connection [error] Postgrex.Protocol (#PID<0.207.0>) failed to connect: ** (DBConnection.ConnectionError) tcp connect (db:5432): non-existing domain - :nxdomain
2025-09-30T14:46:55.848 [error] :gen_statem #PID<0.207.0> terminating
** (DBConnection.ConnectionError) tcp connect (db:5432): non-existing domain - :nxdomain
    (db_connection 2.8.0) lib/db_connection/connection.ex:104: DBConnection.Connection.handle_event/4
    (stdlib 6.2.2) gen_statem.erl:3737: :gen_statem.loop_state_callback/11
    (stdlib 6.2.2) proc_lib.erl:329: :proc_lib.init_p_do_apply/3
Queue: [internal: {:connect, :init}]
Postponed: []
State: Postgrex.Protocol
Callback mode: :handle_event_function, state_enter: false
2025-09-30T14:46:59.148 application=db_connection [error] Postgrex.Protocol (#PID<0.212.0>) failed to connect: ** (DBConnection.ConnectionError) tcp connect (db:5432): non-existing domain - :nxdomain
2025-09-30T14:46:59.148 application=db_connection [error] Postgrex.Protocol (#PID<0.201.0>) failed to connect: ** (DBConnection.ConnectionError) tcp connect (db:5432): non-existing domain - :nxdomain
2025-09-30T14:46:59.149 application=db_connection [error] Postgrex.Protocol (#PID<0.195.0>) failed to connect: ** (DBConnection.ConnectionError) tcp connect (db:5432): non-existing domain - :nxdomain
2025-09-30T14:46:59.149 application=db_connection [error] Postgrex.Protocol (#PID<0.200.0>) failed to connect: ** (DBConnection.ConnectionError) tcp connect (db:5432): non-existing domain - :nxdomain
2025-09-30T14:46:59.149 application=db_connection [error] Postgrex.Protocol (#PID<0.196.0>) failed to connect: ** (DBConnection.ConnectionError) tcp connect (db:5432): non-existing domain - :nxdomain
2025-09-30T14:46:59.149 [error] :gen_statem #PID<0.212.0> terminating
** (DBConnection.ConnectionError) tcp connect (db:5432): non-existing domain - :nxdomain
    (db_connection 2.8.0) lib/db_connection/connection.ex:104: DBConnection.Connection.handle_event/4
    (stdlib 6.2.2) gen_statem.erl:3737: :gen_statem.loop_state_callback/11
    (stdlib 6.2.2) proc_lib.erl:329: :proc_lib.init_p_do_apply/3
Queue: [internal: {:connect, :init}]
Postponed: []
State: Postgrex.Protocol
Callback mode: :handle_event_function, state_enter: false
2025-09-30T14:47:02.419 application=db_connection [error] Postgrex.Protocol (#PID<0.216.0>) failed to connect: ** (DBConnection.ConnectionError) tcp connect (db:5432): non-existing domain - :nxdomain
2025-09-30T14:47:02.419 application=db_connection [error] Postgrex.Protocol (#PID<0.200.0>) failed to connect: ** (DBConnection.ConnectionError) tcp connect (db:5432): non-existing domain - :nxdomain
2025-09-30T14:47:02.419 application=db_connection [error] Postgrex.Protocol (#PID<0.195.0>) failed to connect: ** (DBConnection.ConnectionError) tcp connect (db:5432): non-existing domain - :nxdomain
2025-09-30T14:47:02.419 application=db_connection [error] Postgrex.Protocol (#PID<0.196.0>) failed to connect: ** (DBConnection.ConnectionError) tcp connect (db:5432): non-existing domain - :nxdomain
2025-09-30T14:47:02.419 [error] :gen_statem #PID<0.216.0> terminating
** (DBConnection.ConnectionError) tcp connect (db:5432): non-existing domain - :nxdomain
    (db_connection 2.8.0) lib/db_connection/connection.ex:104: DBConnection.Connection.handle_event/4
    (stdlib 6.2.2) gen_statem.erl:3737: :gen_statem.loop_state_callback/11
    (stdlib 6.2.2) proc_lib.erl:329: :proc_lib.init_p_do_apply/3
Queue: [internal: {:connect, :init}]
Postponed: []
State: Postgrex.Protocol
Callback mode: :handle_event_function, state_enter: false
2025-09-30T14:47:06.288 application=db_connection [error] Postgrex.Protocol (#PID<0.220.0>) failed to connect: ** (DBConnection.ConnectionError) tcp connect (db:5432): non-existing domain - :nxdomain
2025-09-30T14:47:06.288 application=db_connection [error] Postgrex.Protocol (#PID<0.201.0>) failed to connect: ** (DBConnection.ConnectionError) tcp connect (db:5432): non-existing domain - :nxdomain
2025-09-30T14:47:06.288 [error] :gen_statem #PID<0.220.0> terminating
** (DBConnection.ConnectionError) tcp connect (db:5432): non-existing domain - :nxdomain
    (db_connection 2.8.0) lib/db_connection/connection.ex:104: DBConnection.Connection.handle_event/4
    (stdlib 6.2.2) gen_statem.erl:3737: :gen_statem.loop_state_callback/11
    (stdlib 6.2.2) proc_lib.erl:329: :proc_lib.init_p_do_apply/3
Queue: [internal: {:connect, :init}]
Postponed: []
State: Postgrex.Protocol
Callback mode: :handle_event_function, state_enter: false
2025-09-30T14:47:10.762 application=ecto_sql [error] Could not create schema migrations table. This error usually happens due to the following:

  * The database does not exist
  * The "schema_migrations" table, which Ecto uses for managing
    migrations, was defined by another library
  * There is a deadlock while migrating (such as using concurrent
    indexes with a migration_lock)

To fix the first issue, run "mix ecto.create" for the desired MIX_ENV.

To address the second, you can run "mix ecto.drop" followed by
"mix ecto.create", both for the desired MIX_ENV. Alternatively you may
configure Ecto to use another table and/or repository for managing
migrations:

    config :explorer, Explorer.Repo,
      migration_source: "some_other_table_for_schema_migrations",
      migration_repo: AnotherRepoForSchemaMigrations

The full error report is shown below.

2025-09-30T14:47:21.446 application=db_connection [error] Postgrex.Protocol (#PID<0.207.0>) failed to connect: ** (DBConnection.ConnectionError) tcp connect (db:5432): non-existing domain - :nxdomain
2025-09-30T14:47:21.446 application=db_connection [error] Postgrex.Protocol (#PID<0.203.0>) failed to connect: ** (DBConnection.ConnectionError) tcp connect (db:5432): non-existing domain - :nxdomain
2025-09-30T14:47:21.446 application=db_connection [error] Postgrex.Protocol (#PID<0.196.0>) failed to connect: ** (DBConnection.ConnectionError) tcp connect (db:5432): non-existing domain - :nxdomain
2025-09-30T14:47:21.446 application=db_connection [error] Postgrex.Protocol (#PID<0.195.0>) failed to connect: ** (DBConnection.ConnectionError) tcp connect (db:5432): non-existing domain - :nxdomain
2025-09-30T14:47:21.446 application=db_connection [error] Postgrex.Protocol (#PID<0.200.0>) failed to connect: ** (DBConnection.ConnectionError) tcp connect (db:5432): non-existing domain - :nxdomain
2025-09-30T14:47:21.456 [error] :gen_statem #PID<0.207.0> terminating
** (DBConnection.ConnectionError) tcp connect (db:5432): non-existing domain - :nxdomain
    (db_connection 2.8.0) lib/db_connection/connection.ex:104: DBConnection.Connection.handle_event/4
    (stdlib 6.2.2) gen_statem.erl:3737: :gen_statem.loop_state_callback/11
    (stdlib 6.2.2) proc_lib.erl:329: :proc_lib.init_p_do_apply/3
Queue: [internal: {:connect, :init}]
Postponed: []
State: Postgrex.Protocol
Callback mode: :handle_event_function, state_enter: false
2025-09-30T14:47:25.379 application=db_connection [error] Postgrex.Protocol (#PID<0.196.0>) failed to connect: ** (DBConnection.ConnectionError) tcp connect (db:5432): non-existing domain - :nxdomain
2025-09-30T14:47:25.381 application=db_connection [error] Postgrex.Protocol (#PID<0.212.0>) failed to connect: ** (DBConnection.ConnectionError) tcp connect (db:5432): non-existing domain - :nxdomain
2025-09-30T14:47:25.381 [error] :gen_statem #PID<0.212.0> terminating
** (DBConnection.ConnectionError) tcp connect (db:5432): non-existing domain - :nxdomain
    (db_connection 2.8.0) lib/db_connection/connection.ex:104: DBConnection.Connection.handle_event/4
    (stdlib 6.2.2) gen_statem.erl:3737: :gen_statem.loop_state_callback/11
    (stdlib 6.2.2) proc_lib.erl:329: :proc_lib.init_p_do_apply/3
Queue: [internal: {:connect, :init}]
Postponed: []
State: Postgrex.Protocol
Callback mode: :handle_event_function, state_enter: false
2025-09-30T14:47:25.384 application=db_connection [error] Postgrex.Protocol (#PID<0.195.0>) failed to connect: ** (DBConnection.ConnectionError) tcp connect (db:5432): non-existing domain - :nxdomain
2025-09-30T14:47:25.384 application=db_connection [error] Postgrex.Protocol (#PID<0.203.0>) failed to connect: ** (DBConnection.ConnectionError) tcp connect (db:5432): non-existing domain - :nxdomain
2025-09-30T14:47:25.385 application=db_connection [error] Postgrex.Protocol (#PID<0.200.0>) failed to connect: ** (DBConnection.ConnectionError) tcp connect (db:5432): non-existing domain - :nxdomain
2025-09-30T14:47:28.149 application=db_connection [error] Postgrex.Protocol (#PID<0.216.0>) failed to connect: ** (DBConnection.ConnectionError) tcp connect (db:5432): non-existing domain - :nxdomain
2025-09-30T14:47:28.149 application=db_connection [error] Postgrex.Protocol (#PID<0.200.0>) failed to connect: ** (DBConnection.ConnectionError) tcp connect (db:5432): non-existing domain - :nxdomain
2025-09-30T14:47:28.149 application=db_connection [error] Postgrex.Protocol (#PID<0.195.0>) failed to connect: ** (DBConnection.ConnectionError) tcp connect (db:5432): non-existing domain - :nxdomain
2025-09-30T14:47:28.149 application=db_connection [error] Postgrex.Protocol (#PID<0.203.0>) failed to connect: ** (DBConnection.ConnectionError) tcp connect (db:5432): non-existing domain - :nxdomain
2025-09-30T14:47:28.149 [error] :gen_statem #PID<0.216.0> terminating
** (DBConnection.ConnectionError) tcp connect (db:5432): non-existing domain - :nxdomain
    (db_connection 2.8.0) lib/db_connection/connection.ex:104: DBConnection.Connection.handle_event/4
    (stdlib 6.2.2) gen_statem.erl:3737: :gen_statem.loop_state_callback/11
    (stdlib 6.2.2) proc_lib.erl:329: :proc_lib.init_p_do_apply/3
Queue: [internal: {:connect, :init}]
Postponed: []
State: Postgrex.Protocol
Callback mode: :handle_event_function, state_enter: false
2025-09-30T14:47:32.017 application=db_connection [error] Postgrex.Protocol (#PID<0.220.0>) failed to connect: ** (DBConnection.ConnectionError) tcp connect (db:5432): non-existing domain - :nxdomain
2025-09-30T14:47:32.017 application=db_connection [error] Postgrex.Protocol (#PID<0.195.0>) failed to connect: ** (DBConnection.ConnectionError) tcp connect (db:5432): non-existing domain - :nxdomain
2025-09-30T14:47:32.018 application=db_connection [error] Postgrex.Protocol (#PID<0.196.0>) failed to connect: ** (DBConnection.ConnectionError) tcp connect (db:5432): non-existing domain - :nxdomain
2025-09-30T14:47:32.017 [error] :gen_statem #PID<0.220.0> terminating
** (DBConnection.ConnectionError) tcp connect (db:5432): non-existing domain - :nxdomain
    (db_connection 2.8.0) lib/db_connection/connection.ex:104: DBConnection.Connection.handle_event/4
    (stdlib 6.2.2) gen_statem.erl:3737: :gen_statem.loop_state_callback/11
    (stdlib 6.2.2) proc_lib.erl:329: :proc_lib.init_p_do_apply/3
Queue: [internal: {:connect, :init}]
Postponed: []
State: Postgrex.Protocol
Callback mode: :handle_event_function, state_enter: false
2025-09-30T14:47:36.400 application=ecto_sql [error] Could not create schema migrations table. This error usually happens due to the following:

  * The database does not exist
  * The "schema_migrations" table, which Ecto uses for managing
    migrations, was defined by another library
  * There is a deadlock while migrating (such as using concurrent
    indexes with a migration_lock)

To fix the first issue, run "mix ecto.create" for the desired MIX_ENV.

To address the second, you can run "mix ecto.drop" followed by
"mix ecto.create", both for the desired MIX_ENV. Alternatively you may
configure Ecto to use another table and/or repository for managing
migrations:

    config :explorer, Explorer.Repo,
      migration_source: "some_other_table_for_schema_migrations",
      migration_repo: AnotherRepoForSchemaMigrations

The full error report is shown below.

2025-09-30T14:47:48.757 application=db_connection [error] Postgrex.Protocol (#PID<0.200.0>) failed to connect: ** (DBConnection.ConnectionError) tcp connect (db:5432): non-existing domain - :nxdomain
2025-09-30T14:47:48.757 application=db_connection [error] Postgrex.Protocol (#PID<0.201.0>) failed to connect: ** (DBConnection.ConnectionError) tcp connect (db:5432): non-existing domain - :nxdomain
2025-09-30T14:47:48.757 application=db_connection [error] Postgrex.Protocol (#PID<0.207.0>) failed to connect: ** (DBConnection.ConnectionError) tcp connect (db:5432): non-existing domain - :nxdomain
2025-09-30T14:47:48.757 application=db_connection [error] Postgrex.Protocol (#PID<0.196.0>) failed to connect: ** (DBConnection.ConnectionError) tcp connect (db:5432): non-existing domain - :nxdomain
2025-09-30T14:47:48.756 application=db_connection [error] Postgrex.Protocol (#PID<0.195.0>) failed to connect: ** (DBConnection.ConnectionError) tcp connect (db:5432): non-existing domain - :nxdomain
2025-09-30T14:47:48.772 [error] :gen_statem #PID<0.207.0> terminating
** (DBConnection.ConnectionError) tcp connect (db:5432): non-existing domain - :nxdomain
    (db_connection 2.8.0) lib/db_connection/connection.ex:104: DBConnection.Connection.handle_event/4
    (stdlib 6.2.2) gen_statem.erl:3737: :gen_statem.loop_state_callback/11
    (stdlib 6.2.2) proc_lib.erl:329: :proc_lib.init_p_do_apply/3
Queue: [internal: {:connect, :init}]
Postponed: []
State: Postgrex.Protocol
Callback mode: :handle_event_function, state_enter: false
2025-09-30T14:47:52.672 application=db_connection [error] Postgrex.Protocol (#PID<0.212.0>) failed to connect: ** (DBConnection.ConnectionError) tcp connect (db:5432): non-existing domain - :nxdomain
2025-09-30T14:47:52.673 application=db_connection [error] Postgrex.Protocol (#PID<0.196.0>) failed to connect: ** (DBConnection.ConnectionError) tcp connect (db:5432): non-existing domain - :nxdomain
2025-09-30T14:47:52.673 application=db_connection [error] Postgrex.Protocol (#PID<0.200.0>) failed to connect: ** (DBConnection.ConnectionError) tcp connect (db:5432): non-existing domain - :nxdomain
2025-09-30T14:47:52.673 application=db_connection [error] Postgrex.Protocol (#PID<0.201.0>) failed to connect: ** (DBConnection.ConnectionError) tcp connect (db:5432): non-existing domain - :nxdomain
2025-09-30T14:47:52.673 application=db_connection [error] Postgrex.Protocol (#PID<0.195.0>) failed to connect: ** (DBConnection.ConnectionError) tcp connect (db:5432): non-existing domain - :nxdomain
2025-09-30T14:47:52.672 [error] :gen_statem #PID<0.212.0> terminating
** (DBConnection.ConnectionError) tcp connect (db:5432): non-existing domain - :nxdomain
    (db_connection 2.8.0) lib/db_connection/connection.ex:104: DBConnection.Connection.handle_event/4
    (stdlib 6.2.2) gen_statem.erl:3737: :gen_statem.loop_state_callback/11
    (stdlib 6.2.2) proc_lib.erl:329: :proc_lib.init_p_do_apply/3
Queue: [internal: {:connect, :init}]
Postponed: []
State: Postgrex.Protocol
Callback mode: :handle_event_function, state_enter: false
2025-09-30T14:47:56.544 application=db_connection [error] Postgrex.Protocol (#PID<0.216.0>) failed to connect: ** (DBConnection.ConnectionError) tcp connect (db:5432): non-existing domain - :nxdomain
2025-09-30T14:47:56.545 application=db_connection [error] Postgrex.Protocol (#PID<0.196.0>) failed to connect: ** (DBConnection.ConnectionError) tcp connect (db:5432): non-existing domain - :nxdomain
2025-09-30T14:47:56.546 application=db_connection [error] Postgrex.Protocol (#PID<0.201.0>) failed to connect: ** (DBConnection.ConnectionError) tcp connect (db:5432): non-existing domain - :nxdomain
2025-09-30T14:47:56.545 [error] :gen_statem #PID<0.216.0> terminating
** (DBConnection.ConnectionError) tcp connect (db:5432): non-existing domain - :nxdomain
    (db_connection 2.8.0) lib/db_connection/connection.ex:104: DBConnection.Connection.handle_event/4
    (stdlib 6.2.2) gen_statem.erl:3737: :gen_statem.loop_state_callback/11
    (stdlib 6.2.2) proc_lib.erl:329: :proc_lib.init_p_do_apply/3
Queue: [internal: {:connect, :init}]
Postponed: []
State: Postgrex.Protocol
Callback mode: :handle_event_function, state_enter: false
2025-09-30T14:47:59.271 application=db_connection [error] Postgrex.Protocol (#PID<0.220.0>) failed to connect: ** (DBConnection.ConnectionError) tcp connect (db:5432): non-existing domain - :nxdomain
2025-09-30T14:47:59.271 application=db_connection [error] Postgrex.Protocol (#PID<0.196.0>) failed to connect: ** (DBConnection.ConnectionError) tcp connect (db:5432): non-existing domain - :nxdomain
2025-09-30T14:47:59.272 application=db_connection [error] Postgrex.Protocol (#PID<0.200.0>) failed to connect: ** (DBConnection.ConnectionError) tcp connect (db:5432): non-existing domain - :nxdomain
2025-09-30T14:47:59.272 application=db_connection [error] Postgrex.Protocol (#PID<0.195.0>) failed to connect: ** (DBConnection.ConnectionError) tcp connect (db:5432): non-existing domain - :nxdomain
2025-09-30T14:47:59.272 [error] :gen_statem #PID<0.220.0> terminating
** (DBConnection.ConnectionError) tcp connect (db:5432): non-existing domain - :nxdomain
    (db_connection 2.8.0) lib/db_connection/connection.ex:104: DBConnection.Connection.handle_event/4
    (stdlib 6.2.2) gen_statem.erl:3737: :gen_statem.loop_state_callback/11
    (stdlib 6.2.2) proc_lib.erl:329: :proc_lib.init_p_do_apply/3
Queue: [internal: {:connect, :init}]
Postponed: []
State: Postgrex.Protocol
Callback mode: :handle_event_function, state_enter: false
2025-09-30T14:48:03.695 application=ecto_sql [error] Could not create schema migrations table. This error usually happens due to the following:

  * The database does not exist
  * The "schema_migrations" table, which Ecto uses for managing
    migrations, was defined by another library
  * There is a deadlock while migrating (such as using concurrent
    indexes with a migration_lock)

To fix the first issue, run "mix ecto.create" for the desired MIX_ENV.

To address the second, you can run "mix ecto.drop" followed by
"mix ecto.create", both for the desired MIX_ENV. Alternatively you may
configure Ecto to use another table and/or repository for managing
migrations:

    config :explorer, Explorer.Repo,
      migration_source: "some_other_table_for_schema_migrations",
      migration_repo: AnotherRepoForSchemaMigrations

The full error report is shown below.

2025-09-30T14:48:13.949 application=db_connection [error] Postgrex.Protocol (#PID<0.195.0>) failed to connect: ** (DBConnection.ConnectionError) tcp connect (db:5432): non-existing domain - :nxdomain
2025-09-30T14:48:13.949 application=db_connection [error] Postgrex.Protocol (#PID<0.200.0>) failed to connect: ** (DBConnection.ConnectionError) tcp connect (db:5432): non-existing domain - :nxdomain
2025-09-30T14:48:13.949 application=db_connection [error] Postgrex.Protocol (#PID<0.201.0>) failed to connect: ** (DBConnection.ConnectionError) tcp connect (db:5432): non-existing domain - :nxdomain
2025-09-30T14:48:13.949 application=db_connection [error] Postgrex.Protocol (#PID<0.196.0>) failed to connect: ** (DBConnection.ConnectionError) tcp connect (db:5432): non-existing domain - :nxdomain
2025-09-30T14:48:13.949 application=db_connection [error] Postgrex.Protocol (#PID<0.207.0>) failed to connect: ** (DBConnection.ConnectionError) tcp connect (db:5432): non-existing domain - :nxdomain
2025-09-30T14:48:13.955 [error] :gen_statem #PID<0.207.0> terminating
** (DBConnection.ConnectionError) tcp connect (db:5432): non-existing domain - :nxdomain
    (db_connection 2.8.0) lib/db_connection/connection.ex:104: DBConnection.Connection.handle_event/4
    (stdlib 6.2.2) gen_statem.erl:3737: :gen_statem.loop_state_callback/11
    (stdlib 6.2.2) proc_lib.erl:329: :proc_lib.init_p_do_apply/3
Queue: [internal: {:connect, :init}]
Postponed: []
State: Postgrex.Protocol
Callback mode: :handle_event_function, state_enter: false
2025-09-30T14:48:17.836 application=db_connection [error] Postgrex.Protocol (#PID<0.212.0>) failed to connect: ** (DBConnection.ConnectionError) tcp connect (db:5432): non-existing domain - :nxdomain
2025-09-30T14:48:17.836 application=db_connection [error] Postgrex.Protocol (#PID<0.195.0>) failed to connect: ** (DBConnection.ConnectionError) tcp connect (db:5432): non-existing domain - :nxdomain
2025-09-30T14:48:17.836 application=db_connection [error] Postgrex.Protocol (#PID<0.200.0>) failed to connect: ** (DBConnection.ConnectionError) tcp connect (db:5432): non-existing domain - :nxdomain
2025-09-30T14:48:17.837 application=db_connection [error] Postgrex.Protocol (#PID<0.201.0>) failed to connect: ** (DBConnection.ConnectionError) tcp connect (db:5432): non-existing domain - :nxdomain
2025-09-30T14:48:17.837 application=db_connection [error] Postgrex.Protocol (#PID<0.196.0>) failed to connect: ** (DBConnection.ConnectionError) tcp connect (db:5432): non-existing domain - :nxdomain
2025-09-30T14:48:17.836 [error] :gen_statem #PID<0.212.0> terminating
** (DBConnection.ConnectionError) tcp connect (db:5432): non-existing domain - :nxdomain
    (db_connection 2.8.0) lib/db_connection/connection.ex:104: DBConnection.Connection.handle_event/4
    (stdlib 6.2.2) gen_statem.erl:3737: :gen_statem.loop_state_callback/11
    (stdlib 6.2.2) proc_lib.erl:329: :proc_lib.init_p_do_apply/3
Queue: [internal: {:connect, :init}]
Postponed: []
State: Postgrex.Protocol
Callback mode: :handle_event_function, state_enter: false
2025-09-30T14:48:21.717 application=db_connection [error] Postgrex.Protocol (#PID<0.195.0>) failed to connect: ** (DBConnection.ConnectionError) tcp connect (db:5432): non-existing domain - :nxdomain
2025-09-30T14:48:21.717 application=db_connection [error] Postgrex.Protocol (#PID<0.216.0>) failed to connect: ** (DBConnection.ConnectionError) tcp connect (db:5432): non-existing domain - :nxdomain
2025-09-30T14:48:21.717 application=db_connection [error] Postgrex.Protocol (#PID<0.200.0>) failed to connect: ** (DBConnection.ConnectionError) tcp connect (db:5432): non-existing domain - :nxdomain
2025-09-30T14:48:21.717 application=db_connection [error] Postgrex.Protocol (#PID<0.201.0>) failed to connect: ** (DBConnection.ConnectionError) tcp connect (db:5432): non-existing domain - :nxdomain
2025-09-30T14:48:21.717 [error] :gen_statem #PID<0.216.0> terminating
** (DBConnection.ConnectionError) tcp connect (db:5432): non-existing domain - :nxdomain
    (db_connection 2.8.0) lib/db_connection/connection.ex:104: DBConnection.Connection.handle_event/4
    (stdlib 6.2.2) gen_statem.erl:3737: :gen_statem.loop_state_callback/11
    (stdlib 6.2.2) proc_lib.erl:329: :proc_lib.init_p_do_apply/3
Queue: [internal: {:connect, :init}]
Postponed: []
State: Postgrex.Protocol
Callback mode: :handle_event_function, state_enter: false
2025-09-30T14:48:25.569 application=db_connection [error] Postgrex.Protocol (#PID<0.220.0>) failed to connect: ** (DBConnection.ConnectionError) tcp connect (db:5432): non-existing domain - :nxdomain
2025-09-30T14:48:25.569 application=db_connection [error] Postgrex.Protocol (#PID<0.196.0>) failed to connect: ** (DBConnection.ConnectionError) tcp connect (db:5432): non-existing domain - :nxdomain
2025-09-30T14:48:25.569 [error] :gen_statem #PID<0.220.0> terminating
** (DBConnection.ConnectionError) tcp connect (db:5432): non-existing domain - :nxdomain
    (db_connection 2.8.0) lib/db_connection/connection.ex:104: DBConnection.Connection.handle_event/4
    (stdlib 6.2.2) gen_statem.erl:3737: :gen_statem.loop_state_callback/11
    (stdlib 6.2.2) proc_lib.erl:329: :proc_lib.init_p_do_apply/3
Queue: [internal: {:connect, :init}]
Postponed: []
State: Postgrex.Protocol
Callback mode: :handle_event_function, state_enter: false
2025-09-30T14:48:28.920 application=ecto_sql [error] Could not create schema migrations table. This error usually happens due to the following:

  * The database does not exist
  * The "schema_migrations" table, which Ecto uses for managing
    migrations, was defined by another library
  * There is a deadlock while migrating (such as using concurrent
    indexes with a migration_lock)

To fix the first issue, run "mix ecto.create" for the desired MIX_ENV.

To address the second, you can run "mix ecto.drop" followed by
"mix ecto.create", both for the desired MIX_ENV. Alternatively you may
configure Ecto to use another table and/or repository for managing
migrations:

    config :explorer, Explorer.Repo,
      migration_source: "some_other_table_for_schema_migrations",
      migration_repo: AnotherRepoForSchemaMigrations

The full error report is shown below.

2025-09-30T14:48:39.181 application=db_connection [error] Postgrex.Protocol (#PID<0.195.0>) failed to connect: ** (DBConnection.ConnectionError) tcp connect (db:5432): non-existing domain - :nxdomain
2025-09-30T14:48:39.181 application=db_connection [error] Postgrex.Protocol (#PID<0.207.0>) failed to connect: ** (DBConnection.ConnectionError) tcp connect (db:5432): non-existing domain - :nxdomain
2025-09-30T14:48:39.181 application=db_connection [error] Postgrex.Protocol (#PID<0.200.0>) failed to connect: ** (DBConnection.ConnectionError) tcp connect (db:5432): non-existing domain - :nxdomain
2025-09-30T14:48:39.181 application=db_connection [error] Postgrex.Protocol (#PID<0.196.0>) failed to connect: ** (DBConnection.ConnectionError) tcp connect (db:5432): non-existing domain - :nxdomain
2025-09-30T14:48:39.181 application=db_connection [error] Postgrex.Protocol (#PID<0.201.0>) failed to connect: ** (DBConnection.ConnectionError) tcp connect (db:5432): non-existing domain - :nxdomain
2025-09-30T14:48:39.186 [error] :gen_statem #PID<0.207.0> terminating
** (DBConnection.ConnectionError) tcp connect (db:5432): non-existing domain - :nxdomain
    (db_connection 2.8.0) lib/db_connection/connection.ex:104: DBConnection.Connection.handle_event/4
    (stdlib 6.2.2) gen_statem.erl:3737: :gen_statem.loop_state_callback/11
    (stdlib 6.2.2) proc_lib.erl:329: :proc_lib.init_p_do_apply/3
Queue: [internal: {:connect, :init}]
Postponed: []
State: Postgrex.Protocol
Callback mode: :handle_event_function, state_enter: false
2025-09-30T14:48:43.067 application=db_connection [error] Postgrex.Protocol (#PID<0.212.0>) failed to connect: ** (DBConnection.ConnectionError) tcp connect (db:5432): non-existing domain - :nxdomain
2025-09-30T14:48:43.067 application=db_connection [error] Postgrex.Protocol (#PID<0.196.0>) failed to connect: ** (DBConnection.ConnectionError) tcp connect (db:5432): non-existing domain - :nxdomain
2025-09-30T14:48:43.067 application=db_connection [error] Postgrex.Protocol (#PID<0.200.0>) failed to connect: ** (DBConnection.ConnectionError) tcp connect (db:5432): non-existing domain - :nxdomain
2025-09-30T14:48:43.067 application=db_connection [error] Postgrex.Protocol (#PID<0.195.0>) failed to connect: ** (DBConnection.ConnectionError) tcp connect (db:5432): non-existing domain - :nxdomain
2025-09-30T14:48:43.067 application=db_connection [error] Postgrex.Protocol (#PID<0.201.0>) failed to connect: ** (DBConnection.ConnectionError) tcp connect (db:5432): non-existing domain - :nxdomain
2025-09-30T14:48:43.067 [error] :gen_statem #PID<0.212.0> terminating
** (DBConnection.ConnectionError) tcp connect (db:5432): non-existing domain - :nxdomain
    (db_connection 2.8.0) lib/db_connection/connection.ex:104: DBConnection.Connection.handle_event/4
    (stdlib 6.2.2) gen_statem.erl:3737: :gen_statem.loop_state_callback/11
    (stdlib 6.2.2) proc_lib.erl:329: :proc_lib.init_p_do_apply/3
Queue: [internal: {:connect, :init}]
Postponed: []
State: Postgrex.Protocol
Callback mode: :handle_event_function, state_enter: false
2025-09-30T14:48:46.959 application=db_connection [error] Postgrex.Protocol (#PID<0.201.0>) failed to connect: ** (DBConnection.ConnectionError) tcp connect (db:5432): non-existing domain - :nxdomain
2025-09-30T14:48:46.959 application=db_connection [error] Postgrex.Protocol (#PID<0.216.0>) failed to connect: ** (DBConnection.ConnectionError) tcp connect (db:5432): non-existing domain - :nxdomain
2025-09-30T14:48:46.960 application=db_connection [error] Postgrex.Protocol (#PID<0.200.0>) failed to connect: ** (DBConnection.ConnectionError) tcp connect (db:5432): non-existing domain - :nxdomain
2025-09-30T14:48:46.960 [error] :gen_statem #PID<0.216.0> terminating
** (DBConnection.ConnectionError) tcp connect (db:5432): non-existing domain - :nxdomain
    (db_connection 2.8.0) lib/db_connection/connection.ex:104: DBConnection.Connection.handle_event/4
    (stdlib 6.2.2) gen_statem.erl:3737: :gen_statem.loop_state_callback/11
    (stdlib 6.2.2) proc_lib.erl:329: :proc_lib.init_p_do_apply/3
Queue: [internal: {:connect, :init}]
Postponed: []
State: Postgrex.Protocol
Callback mode: :handle_event_function, state_enter: false
2025-09-30T14:48:50.821 application=db_connection [error] Postgrex.Protocol (#PID<0.196.0>) failed to connect: ** (DBConnection.ConnectionError) tcp connect (db:5432): non-existing domain - :nxdomain
2025-09-30T14:48:50.821 application=db_connection [error] Postgrex.Protocol (#PID<0.220.0>) failed to connect: ** (DBConnection.ConnectionError) tcp connect (db:5432): non-existing domain - :nxdomain
2025-09-30T14:48:50.822 application=db_connection [error] Postgrex.Protocol (#PID<0.195.0>) failed to connect: ** (DBConnection.ConnectionError) tcp connect (db:5432): non-existing domain - :nxdomain
2025-09-30T14:48:50.821 [error] :gen_statem #PID<0.220.0> terminating
** (DBConnection.ConnectionError) tcp connect (db:5432): non-existing domain - :nxdomain
    (db_connection 2.8.0) lib/db_connection/connection.ex:104: DBConnection.Connection.handle_event/4
    (stdlib 6.2.2) gen_statem.erl:3737: :gen_statem.loop_state_callback/11
    (stdlib 6.2.2) proc_lib.erl:329: :proc_lib.init_p_do_apply/3
Queue: [internal: {:connect, :init}]
Postponed: []
State: Postgrex.Protocol
Callback mode: :handle_event_function, state_enter: false
2025-09-30T14:48:54.749 application=ecto_sql [error] Could not create schema migrations table. This error usually happens due to the following:

  * The database does not exist
  * The "schema_migrations" table, which Ecto uses for managing
    migrations, was defined by another library
  * There is a deadlock while migrating (such as using concurrent
    indexes with a migration_lock)

To fix the first issue, run "mix ecto.create" for the desired MIX_ENV.

To address the second, you can run "mix ecto.drop" followed by
"mix ecto.create", both for the desired MIX_ENV. Alternatively you may
configure Ecto to use another table and/or repository for managing
migrations:

    config :explorer, Explorer.Repo,
      migration_source: "some_other_table_for_schema_migrations",
      migration_repo: AnotherRepoForSchemaMigrations

The full error report is shown below.

2025-09-30T14:49:02.546 application=db_connection [error] Postgrex.Protocol (#PID<0.207.0>) failed to connect: ** (DBConnection.ConnectionError) tcp connect (db:5432): connection refused - :econnrefused
2025-09-30T14:49:02.546 application=db_connection [error] Postgrex.Protocol (#PID<0.196.0>) failed to connect: ** (DBConnection.ConnectionError) tcp connect (db:5432): connection refused - :econnrefused
2025-09-30T14:49:02.546 application=db_connection [error] Postgrex.Protocol (#PID<0.201.0>) failed to connect: ** (DBConnection.ConnectionError) tcp connect (db:5432): connection refused - :econnrefused
2025-09-30T14:49:02.546 application=db_connection [error] Postgrex.Protocol (#PID<0.195.0>) failed to connect: ** (DBConnection.ConnectionError) tcp connect (db:5432): connection refused - :econnrefused
2025-09-30T14:49:02.546 application=db_connection [error] Postgrex.Protocol (#PID<0.200.0>) failed to connect: ** (DBConnection.ConnectionError) tcp connect (db:5432): connection refused - :econnrefused
2025-09-30T14:49:02.569 [error] :gen_statem #PID<0.207.0> terminating
** (DBConnection.ConnectionError) tcp connect (db:5432): connection refused - :econnrefused
    (db_connection 2.8.0) lib/db_connection/connection.ex:104: DBConnection.Connection.handle_event/4
    (stdlib 6.2.2) gen_statem.erl:3737: :gen_statem.loop_state_callback/11
    (stdlib 6.2.2) proc_lib.erl:329: :proc_lib.init_p_do_apply/3
Queue: [internal: {:connect, :init}]
Postponed: []
State: Postgrex.Protocol
Callback mode: :handle_event_function, state_enter: false
2025-09-30T14:49:07.780 application=db_connection [error] Postgrex.Protocol (#PID<0.195.0>) failed to connect: ** (DBConnection.ConnectionError) tcp connect (db:5432): non-existing domain - :nxdomain
2025-09-30T14:49:07.780 application=db_connection [error] Postgrex.Protocol (#PID<0.201.0>) failed to connect: ** (DBConnection.ConnectionError) tcp connect (db:5432): non-existing domain - :nxdomain
2025-09-30T14:49:07.781 application=db_connection [error] Postgrex.Protocol (#PID<0.200.0>) failed to connect: ** (DBConnection.ConnectionError) tcp connect (db:5432): non-existing domain - :nxdomain
2025-09-30T14:49:07.781 application=db_connection [error] Postgrex.Protocol (#PID<0.196.0>) failed to connect: ** (DBConnection.ConnectionError) tcp connect (db:5432): non-existing domain - :nxdomain
2025-09-30T14:49:14.224 application=db_connection [error] Postgrex.Protocol (#PID<0.200.0>) failed to connect: ** (DBConnection.ConnectionError) tcp connect (db:5432): non-existing domain - :nxdomain
2025-09-30T14:49:14.224 application=db_connection [error] Postgrex.Protocol (#PID<0.196.0>) failed to connect: ** (DBConnection.ConnectionError) tcp connect (db:5432): non-existing domain - :nxdomain
2025-09-30T14:49:14.225 application=db_connection [error] Postgrex.Protocol (#PID<0.195.0>) failed to connect: ** (DBConnection.ConnectionError) tcp connect (db:5432): non-existing domain - :nxdomain
2025-09-30T14:49:14.225 application=db_connection [error] Postgrex.Protocol (#PID<0.201.0>) failed to connect: ** (DBConnection.ConnectionError) tcp connect (db:5432): non-existing domain - :nxdomain
2025-09-30T14:49:14.225 application=db_connection [error] Postgrex.Protocol (#PID<0.216.0>) failed to connect: ** (DBConnection.ConnectionError) tcp connect (db:5432): non-existing domain - :nxdomain
2025-09-30T14:49:14.225 [error] :gen_statem #PID<0.216.0> terminating
** (DBConnection.ConnectionError) tcp connect (db:5432): non-existing domain - :nxdomain
    (db_connection 2.8.0) lib/db_connection/connection.ex:104: DBConnection.Connection.handle_event/4
    (stdlib 6.2.2) gen_statem.erl:3737: :gen_statem.loop_state_callback/11
    (stdlib 6.2.2) proc_lib.erl:329: :proc_lib.init_p_do_apply/3
Queue: [internal: {:connect, :init}]
Postponed: []
State: Postgrex.Protocol
Callback mode: :handle_event_function, state_enter: false
2025-09-30T14:49:18.104 application=db_connection [error] Postgrex.Protocol (#PID<0.220.0>) failed to connect: ** (DBConnection.ConnectionError) tcp connect (db:5432): non-existing domain - :nxdomain
2025-09-30T14:49:18.105 application=db_connection [error] Postgrex.Protocol (#PID<0.195.0>) failed to connect: ** (DBConnection.ConnectionError) tcp connect (db:5432): non-existing domain - :nxdomain
2025-09-30T14:49:18.104 [error] :gen_statem #PID<0.220.0> terminating
** (DBConnection.ConnectionError) tcp connect (db:5432): non-existing domain - :nxdomain
    (db_connection 2.8.0) lib/db_connection/connection.ex:104: DBConnection.Connection.handle_event/4
    (stdlib 6.2.2) gen_statem.erl:3737: :gen_statem.loop_state_callback/11
    (stdlib 6.2.2) proc_lib.erl:329: :proc_lib.init_p_do_apply/3
Queue: [internal: {:connect, :init}]
Postponed: []
State: Postgrex.Protocol
Callback mode: :handle_event_function, state_enter: false
2025-09-30T14:49:23.783 application=db_connection [error] Postgrex.Protocol (#PID<0.201.0>) failed to connect: ** (DBConnection.ConnectionError) tcp connect (db:5432): non-existing domain - :nxdomain
2025-09-30T14:49:23.782 application=db_connection [error] Postgrex.Protocol (#PID<0.196.0>) failed to connect: ** (DBConnection.ConnectionError) tcp connect (db:5432): non-existing domain - :nxdomain
2025-09-30T14:49:23.460 application=ecto_sql [error] Could not create schema migrations table. This error usually happens due to the following:

  * The database does not exist
  * The "schema_migrations" table, which Ecto uses for managing
    migrations, was defined by another library
  * There is a deadlock while migrating (such as using concurrent
    indexes with a migration_lock)

To fix the first issue, run "mix ecto.create" for the desired MIX_ENV.

To address the second, you can run "mix ecto.drop" followed by
"mix ecto.create", both for the desired MIX_ENV. Alternatively you may
configure Ecto to use another table and/or repository for managing
migrations:

    config :explorer, Explorer.Repo,
      migration_source: "some_other_table_for_schema_migrations",
      migration_repo: AnotherRepoForSchemaMigrations

The full error report is shown below.

2025-09-30T14:49:32.665 application=db_connection [error] Postgrex.Protocol (#PID<0.200.0>) failed to connect: ** (DBConnection.ConnectionError) tcp connect (db:5432): non-existing domain - :nxdomain
2025-09-30T14:49:32.665 application=db_connection [error] Postgrex.Protocol (#PID<0.201.0>) failed to connect: ** (DBConnection.ConnectionError) tcp connect (db:5432): non-existing domain - :nxdomain
2025-09-30T14:49:32.665 application=db_connection [error] Postgrex.Protocol (#PID<0.207.0>) failed to connect: ** (DBConnection.ConnectionError) tcp connect (db:5432): non-existing domain - :nxdomain
2025-09-30T14:49:32.665 application=db_connection [error] Postgrex.Protocol (#PID<0.195.0>) failed to connect: ** (DBConnection.ConnectionError) tcp connect (db:5432): non-existing domain - :nxdomain
2025-09-30T14:49:32.665 application=db_connection [error] Postgrex.Protocol (#PID<0.196.0>) failed to connect: ** (DBConnection.ConnectionError) tcp connect (db:5432): non-existing domain - :nxdomain
2025-09-30T14:49:32.673 [error] :gen_statem #PID<0.207.0> terminating
** (DBConnection.ConnectionError) tcp connect (db:5432): non-existing domain - :nxdomain
    (db_connection 2.8.0) lib/db_connection/connection.ex:104: DBConnection.Connection.handle_event/4
    (stdlib 6.2.2) gen_statem.erl:3737: :gen_statem.loop_state_callback/11
    (stdlib 6.2.2) proc_lib.erl:329: :proc_lib.init_p_do_apply/3
Queue: [internal: {:connect, :init}]
Postponed: []
State: Postgrex.Protocol
Callback mode: :handle_event_function, state_enter: false
2025-09-30T14:49:36.562 application=db_connection [error] Postgrex.Protocol (#PID<0.201.0>) failed to connect: ** (DBConnection.ConnectionError) tcp connect (db:5432): non-existing domain - :nxdomain
2025-09-30T14:49:36.562 application=db_connection [error] Postgrex.Protocol (#PID<0.212.0>) failed to connect: ** (DBConnection.ConnectionError) tcp connect (db:5432): non-existing domain - :nxdomain
2025-09-30T14:49:36.562 application=db_connection [error] Postgrex.Protocol (#PID<0.196.0>) failed to connect: ** (DBConnection.ConnectionError) tcp connect (db:5432): non-existing domain - :nxdomain
2025-09-30T14:49:36.562 application=db_connection [error] Postgrex.Protocol (#PID<0.195.0>) failed to connect: ** (DBConnection.ConnectionError) tcp connect (db:5432): non-existing domain - :nxdomain
2025-09-30T14:49:36.562 application=db_connection [error] Postgrex.Protocol (#PID<0.200.0>) failed to connect: ** (DBConnection.ConnectionError) tcp connect (db:5432): non-existing domain - :nxdomain
2025-09-30T14:49:36.562 [error] :gen_statem #PID<0.212.0> terminating
** (DBConnection.ConnectionError) tcp connect (db:5432): non-existing domain - :nxdomain
    (db_connection 2.8.0) lib/db_connection/connection.ex:104: DBConnection.Connection.handle_event/4
    (stdlib 6.2.2) gen_statem.erl:3737: :gen_statem.loop_state_callback/11
    (stdlib 6.2.2) proc_lib.erl:329: :proc_lib.init_p_do_apply/3
Queue: [internal: {:connect, :init}]
Postponed: []
State: Postgrex.Protocol
Callback mode: :handle_event_function, state_enter: false
2025-09-30T14:49:40.423 application=db_connection [error] Postgrex.Protocol (#PID<0.216.0>) failed to connect: ** (DBConnection.ConnectionError) tcp connect (db:5432): non-existing domain - :nxdomain
2025-09-30T14:49:40.424 application=db_connection [error] Postgrex.Protocol (#PID<0.201.0>) failed to connect: ** (DBConnection.ConnectionError) tcp connect (db:5432): non-existing domain - :nxdomain
2025-09-30T14:49:40.423 [error] :gen_statem #PID<0.216.0> terminating
** (DBConnection.ConnectionError) tcp connect (db:5432): non-existing domain - :nxdomain
    (db_connection 2.8.0) lib/db_connection/connection.ex:104: DBConnection.Connection.handle_event/4
    (stdlib 6.2.2) gen_statem.erl:3737: :gen_statem.loop_state_callback/11
    (stdlib 6.2.2) proc_lib.erl:329: :proc_lib.init_p_do_apply/3
Queue: [internal: {:connect, :init}]
Postponed: []
State: Postgrex.Protocol
Callback mode: :handle_event_function, state_enter: false
2025-09-30T14:49:44.290 application=db_connection [error] Postgrex.Protocol (#PID<0.220.0>) failed to connect: ** (DBConnection.ConnectionError) tcp connect (db:5432): non-existing domain - :nxdomain
2025-09-30T14:49:44.293 application=db_connection [error] Postgrex.Protocol (#PID<0.195.0>) failed to connect: ** (DBConnection.ConnectionError) tcp connect (db:5432): non-existing domain - :nxdomain
2025-09-30T14:49:44.293 application=db_connection [error] Postgrex.Protocol (#PID<0.196.0>) failed to connect: ** (DBConnection.ConnectionError) tcp connect (db:5432): non-existing domain - :nxdomain
2025-09-30T14:49:44.293 application=db_connection [error] Postgrex.Protocol (#PID<0.200.0>) failed to connect: ** (DBConnection.ConnectionError) tcp connect (db:5432): non-existing domain - :nxdomain
2025-09-30T14:49:44.290 [error] :gen_statem #PID<0.220.0> terminating
** (DBConnection.ConnectionError) tcp connect (db:5432): non-existing domain - :nxdomain
    (db_connection 2.8.0) lib/db_connection/connection.ex:104: DBConnection.Connection.handle_event/4
    (stdlib 6.2.2) gen_statem.erl:3737: :gen_statem.loop_state_callback/11
    (stdlib 6.2.2) proc_lib.erl:329: :proc_lib.init_p_do_apply/3
Queue: [internal: {:connect, :init}]
Postponed: []
State: Postgrex.Protocol
Callback mode: :handle_event_function, state_enter: false
2025-09-30T14:49:48.796 application=ecto_sql [error] Could not create schema migrations table. This error usually happens due to the following:

  * The database does not exist
  * The "schema_migrations" table, which Ecto uses for managing
    migrations, was defined by another library
  * There is a deadlock while migrating (such as using concurrent
    indexes with a migration_lock)

To fix the first issue, run "mix ecto.create" for the desired MIX_ENV.

To address the second, you can run "mix ecto.drop" followed by
"mix ecto.create", both for the desired MIX_ENV. Alternatively you may
configure Ecto to use another table and/or repository for managing
migrations:

    config :explorer, Explorer.Repo,
      migration_source: "some_other_table_for_schema_migrations",
      migration_repo: AnotherRepoForSchemaMigrations

The full error report is shown below.

2025-09-30T14:49:56.474 application=db_connection [error] Postgrex.Protocol (#PID<0.207.0>) failed to connect: ** (DBConnection.ConnectionError) tcp connect (db:5432): non-existing domain - :nxdomain
2025-09-30T14:49:56.474 application=db_connection [error] Postgrex.Protocol (#PID<0.201.0>) failed to connect: ** (DBConnection.ConnectionError) tcp connect (db:5432): non-existing domain - :nxdomain
2025-09-30T14:49:56.474 application=db_connection [error] Postgrex.Protocol (#PID<0.196.0>) failed to connect: ** (DBConnection.ConnectionError) tcp connect (db:5432): non-existing domain - :nxdomain
2025-09-30T14:49:56.474 application=db_connection [error] Postgrex.Protocol (#PID<0.200.0>) failed to connect: ** (DBConnection.ConnectionError) tcp connect (db:5432): non-existing domain - :nxdomain
2025-09-30T14:49:56.474 application=db_connection [error] Postgrex.Protocol (#PID<0.195.0>) failed to connect: ** (DBConnection.ConnectionError) tcp connect (db:5432): non-existing domain - :nxdomain
2025-09-30T14:49:56.480 [error] :gen_statem #PID<0.207.0> terminating
** (DBConnection.ConnectionError) tcp connect (db:5432): non-existing domain - :nxdomain
    (db_connection 2.8.0) lib/db_connection/connection.ex:104: DBConnection.Connection.handle_event/4
    (stdlib 6.2.2) gen_statem.erl:3737: :gen_statem.loop_state_callback/11
    (stdlib 6.2.2) proc_lib.erl:329: :proc_lib.init_p_do_apply/3
Queue: [internal: {:connect, :init}]
Postponed: []
State: Postgrex.Protocol
Callback mode: :handle_event_function, state_enter: false
2025-09-30T14:50:00.348 application=db_connection [error] Postgrex.Protocol (#PID<0.196.0>) failed to connect: ** (DBConnection.ConnectionError) tcp connect (db:5432): non-existing domain - :nxdomain
2025-09-30T14:50:00.348 application=db_connection [error] Postgrex.Protocol (#PID<0.212.0>) failed to connect: ** (DBConnection.ConnectionError) tcp connect (db:5432): non-existing domain - :nxdomain
2025-09-30T14:50:00.348 application=db_connection [error] Postgrex.Protocol (#PID<0.201.0>) failed to connect: ** (DBConnection.ConnectionError) tcp connect (db:5432): non-existing domain - :nxdomain
2025-09-30T14:50:00.348 application=db_connection [error] Postgrex.Protocol (#PID<0.200.0>) failed to connect: ** (DBConnection.ConnectionError) tcp connect (db:5432): non-existing domain - :nxdomain
2025-09-30T14:50:00.348 application=db_connection [error] Postgrex.Protocol (#PID<0.195.0>) failed to connect: ** (DBConnection.ConnectionError) tcp connect (db:5432): non-existing domain - :nxdomain
2025-09-30T14:50:00.348 [error] :gen_statem #PID<0.212.0> terminating
** (DBConnection.ConnectionError) tcp connect (db:5432): non-existing domain - :nxdomain
    (db_connection 2.8.0) lib/db_connection/connection.ex:104: DBConnection.Connection.handle_event/4
    (stdlib 6.2.2) gen_statem.erl:3737: :gen_statem.loop_state_callback/11
    (stdlib 6.2.2) proc_lib.erl:329: :proc_lib.init_p_do_apply/3
Queue: [internal: {:connect, :init}]
Postponed: []
State: Postgrex.Protocol
Callback mode: :handle_event_function, state_enter: false
2025-09-30T14:50:00.398 application=db_connection [error] Postgrex.Protocol (#PID<0.216.0>) failed to connect: ** (DBConnection.ConnectionError) tcp connect (db:5432): connection refused - :econnrefused
2025-09-30T14:50:00.398 [error] :gen_statem #PID<0.216.0> terminating
** (DBConnection.ConnectionError) tcp connect (db:5432): connection refused - :econnrefused
    (db_connection 2.8.0) lib/db_connection/connection.ex:104: DBConnection.Connection.handle_event/4
    (stdlib 6.2.2) gen_statem.erl:3737: :gen_statem.loop_state_callback/11
    (stdlib 6.2.2) proc_lib.erl:329: :proc_lib.init_p_do_apply/3
Queue: [internal: {:connect, :init}]
Postponed: []
State: Postgrex.Protocol
Callback mode: :handle_event_function, state_enter: false
2025-09-30T14:50:00.403 application=db_connection [error] Postgrex.Protocol (#PID<0.220.0>) failed to connect: ** (DBConnection.ConnectionError) tcp connect (db:5432): connection refused - :econnrefused
2025-09-30T14:50:00.403 [error] :gen_statem #PID<0.220.0> terminating
** (DBConnection.ConnectionError) tcp connect (db:5432): connection refused - :econnrefused
    (db_connection 2.8.0) lib/db_connection/connection.ex:104: DBConnection.Connection.handle_event/4
    (stdlib 6.2.2) gen_statem.erl:3737: :gen_statem.loop_state_callback/11
    (stdlib 6.2.2) proc_lib.erl:329: :proc_lib.init_p_do_apply/3
Queue: [internal: {:connect, :init}]
Postponed: []
State: Postgrex.Protocol
Callback mode: :handle_event_function, state_enter: false
2025-09-30T14:50:04.572 application=ecto_sql [error] Could not create schema migrations table. This error usually happens due to the following:

  * The database does not exist
  * The "schema_migrations" table, which Ecto uses for managing
    migrations, was defined by another library
  * There is a deadlock while migrating (such as using concurrent
    indexes with a migration_lock)

To fix the first issue, run "mix ecto.create" for the desired MIX_ENV.

To address the second, you can run "mix ecto.drop" followed by
"mix ecto.create", both for the desired MIX_ENV. Alternatively you may
configure Ecto to use another table and/or repository for managing
migrations:

    config :explorer, Explorer.Repo,
      migration_source: "some_other_table_for_schema_migrations",
      migration_repo: AnotherRepoForSchemaMigrations

The full error report is shown below.

2025-09-30T14:50:14.560 application=db_connection [error] Postgrex.Protocol (#PID<0.200.0>) failed to connect: ** (DBConnection.ConnectionError) tcp connect (db:5432): non-existing domain - :nxdomain
2025-09-30T14:50:14.560 application=db_connection [error] Postgrex.Protocol (#PID<0.201.0>) failed to connect: ** (DBConnection.ConnectionError) tcp connect (db:5432): non-existing domain - :nxdomain
2025-09-30T14:50:14.559 application=db_connection [error] Postgrex.Protocol (#PID<0.207.0>) failed to connect: ** (DBConnection.ConnectionError) tcp connect (db:5432): non-existing domain - :nxdomain
2025-09-30T14:50:14.559 application=db_connection [error] Postgrex.Protocol (#PID<0.196.0>) failed to connect: ** (DBConnection.ConnectionError) tcp connect (db:5432): non-existing domain - :nxdomain
2025-09-30T14:50:14.559 application=db_connection [error] Postgrex.Protocol (#PID<0.195.0>) failed to connect: ** (DBConnection.ConnectionError) tcp connect (db:5432): non-existing domain - :nxdomain
2025-09-30T14:50:14.568 [error] :gen_statem #PID<0.207.0> terminating
** (DBConnection.ConnectionError) tcp connect (db:5432): non-existing domain - :nxdomain
    (db_connection 2.8.0) lib/db_connection/connection.ex:104: DBConnection.Connection.handle_event/4
    (stdlib 6.2.2) gen_statem.erl:3737: :gen_statem.loop_state_callback/11
    (stdlib 6.2.2) proc_lib.erl:329: :proc_lib.init_p_do_apply/3
Queue: [internal: {:connect, :init}]
Postponed: []
State: Postgrex.Protocol
Callback mode: :handle_event_function, state_enter: false
2025-09-30T14:50:18.442 application=db_connection [error] Postgrex.Protocol (#PID<0.212.0>) failed to connect: ** (DBConnection.ConnectionError) tcp connect (db:5432): non-existing domain - :nxdomain
2025-09-30T14:50:18.442 application=db_connection [error] Postgrex.Protocol (#PID<0.201.0>) failed to connect: ** (DBConnection.ConnectionError) tcp connect (db:5432): non-existing domain - :nxdomain
2025-09-30T14:50:18.442 application=db_connection [error] Postgrex.Protocol (#PID<0.195.0>) failed to connect: ** (DBConnection.ConnectionError) tcp connect (db:5432): non-existing domain - :nxdomain
2025-09-30T14:50:18.442 application=db_connection [error] Postgrex.Protocol (#PID<0.200.0>) failed to connect: ** (DBConnection.ConnectionError) tcp connect (db:5432): non-existing domain - :nxdomain
2025-09-30T14:50:18.442 application=db_connection [error] Postgrex.Protocol (#PID<0.196.0>) failed to connect: ** (DBConnection.ConnectionError) tcp connect (db:5432): non-existing domain - :nxdomain
2025-09-30T14:50:18.442 [error] :gen_statem #PID<0.212.0> terminating
** (DBConnection.ConnectionError) tcp connect (db:5432): non-existing domain - :nxdomain
    (db_connection 2.8.0) lib/db_connection/connection.ex:104: DBConnection.Connection.handle_event/4
    (stdlib 6.2.2) gen_statem.erl:3737: :gen_statem.loop_state_callback/11
    (stdlib 6.2.2) proc_lib.erl:329: :proc_lib.init_p_do_apply/3
Queue: [internal: {:connect, :init}]
Postponed: []
State: Postgrex.Protocol
Callback mode: :handle_event_function, state_enter: false
2025-09-30T14:50:21.151 application=db_connection [error] Postgrex.Protocol (#PID<0.216.0>) failed to connect: ** (DBConnection.ConnectionError) tcp connect (db:5432): non-existing domain - :nxdomain
2025-09-30T14:50:21.151 application=db_connection [error] Postgrex.Protocol (#PID<0.200.0>) failed to connect: ** (DBConnection.ConnectionError) tcp connect (db:5432): non-existing domain - :nxdomain
2025-09-30T14:50:21.151 [error] :gen_statem #PID<0.216.0> terminating
** (DBConnection.ConnectionError) tcp connect (db:5432): non-existing domain - :nxdomain
    (db_connection 2.8.0) lib/db_connection/connection.ex:104: DBConnection.Connection.handle_event/4
    (stdlib 6.2.2) gen_statem.erl:3737: :gen_statem.loop_state_callback/11
    (stdlib 6.2.2) proc_lib.erl:329: :proc_lib.init_p_do_apply/3
Queue: [internal: {:connect, :init}]
Postponed: []
State: Postgrex.Protocol
Callback mode: :handle_event_function, state_enter: false
2025-09-30T14:50:25.004 application=db_connection [error] Postgrex.Protocol (#PID<0.195.0>) failed to connect: ** (DBConnection.ConnectionError) tcp connect (db:5432): non-existing domain - :nxdomain
2025-09-30T14:50:25.004 application=db_connection [error] Postgrex.Protocol (#PID<0.201.0>) failed to connect: ** (DBConnection.ConnectionError) tcp connect (db:5432): non-existing domain - :nxdomain
2025-09-30T14:50:25.004 application=db_connection [error] Postgrex.Protocol (#PID<0.196.0>) failed to connect: ** (DBConnection.ConnectionError) tcp connect (db:5432): non-existing domain - :nxdomain
2025-09-30T14:50:25.004 application=db_connection [error] Postgrex.Protocol (#PID<0.220.0>) failed to connect: ** (DBConnection.ConnectionError) tcp connect (db:5432): non-existing domain - :nxdomain
2025-09-30T14:50:25.004 [error] :gen_statem #PID<0.220.0> terminating
** (DBConnection.ConnectionError) tcp connect (db:5432): non-existing domain - :nxdomain
    (db_connection 2.8.0) lib/db_connection/connection.ex:104: DBConnection.Connection.handle_event/4
    (stdlib 6.2.2) gen_statem.erl:3737: :gen_statem.loop_state_callback/11
    (stdlib 6.2.2) proc_lib.erl:329: :proc_lib.init_p_do_apply/3
Queue: [internal: {:connect, :init}]
Postponed: []
State: Postgrex.Protocol
Callback mode: :handle_event_function, state_enter: false
2025-09-30T14:50:29.540 application=ecto_sql [error] Could not create schema migrations table. This error usually happens due to the following:

  * The database does not exist
  * The "schema_migrations" table, which Ecto uses for managing
    migrations, was defined by another library
  * There is a deadlock while migrating (such as using concurrent
    indexes with a migration_lock)

To fix the first issue, run "mix ecto.create" for the desired MIX_ENV.

To address the second, you can run "mix ecto.drop" followed by
"mix ecto.create", both for the desired MIX_ENV. Alternatively you may
configure Ecto to use another table and/or repository for managing
migrations:

    config :explorer, Explorer.Repo,
      migration_source: "some_other_table_for_schema_migrations",
      migration_repo: AnotherRepoForSchemaMigrations

The full error report is shown below.

2025-09-30T14:50:40.254 application=db_connection [error] Postgrex.Protocol (#PID<0.196.0>) failed to connect: ** (DBConnection.ConnectionError) tcp connect (db:5432): non-existing domain - :nxdomain
2025-09-30T14:50:40.254 application=db_connection [error] Postgrex.Protocol (#PID<0.201.0>) failed to connect: ** (DBConnection.ConnectionError) tcp connect (db:5432): non-existing domain - :nxdomain
2025-09-30T14:50:40.254 application=db_connection [error] Postgrex.Protocol (#PID<0.207.0>) failed to connect: ** (DBConnection.ConnectionError) tcp connect (db:5432): non-existing domain - :nxdomain
2025-09-30T14:50:40.254 application=db_connection [error] Postgrex.Protocol (#PID<0.195.0>) failed to connect: ** (DBConnection.ConnectionError) tcp connect (db:5432): non-existing domain - :nxdomain
2025-09-30T14:50:40.254 application=db_connection [error] Postgrex.Protocol (#PID<0.200.0>) failed to connect: ** (DBConnection.ConnectionError) tcp connect (db:5432): non-existing domain - :nxdomain
2025-09-30T14:50:40.261 [error] :gen_statem #PID<0.207.0> terminating
** (DBConnection.ConnectionError) tcp connect (db:5432): non-existing domain - :nxdomain
    (db_connection 2.8.0) lib/db_connection/connection.ex:104: DBConnection.Connection.handle_event/4
    (stdlib 6.2.2) gen_statem.erl:3737: :gen_statem.loop_state_callback/11
    (stdlib 6.2.2) proc_lib.erl:329: :proc_lib.init_p_do_apply/3
Queue: [internal: {:connect, :init}]
Postponed: []
State: Postgrex.Protocol
Callback mode: :handle_event_function, state_enter: false
2025-09-30T14:50:44.122 application=db_connection [error] Postgrex.Protocol (#PID<0.212.0>) failed to connect: ** (DBConnection.ConnectionError) tcp connect (db:5432): non-existing domain - :nxdomain
2025-09-30T14:50:44.122 application=db_connection [error] Postgrex.Protocol (#PID<0.201.0>) failed to connect: ** (DBConnection.ConnectionError) tcp connect (db:5432): non-existing domain - :nxdomain
2025-09-30T14:50:44.123 application=db_connection [error] Postgrex.Protocol (#PID<0.195.0>) failed to connect: ** (DBConnection.ConnectionError) tcp connect (db:5432): non-existing domain - :nxdomain
2025-09-30T14:50:44.123 application=db_connection [error] Postgrex.Protocol (#PID<0.200.0>) failed to connect: ** (DBConnection.ConnectionError) tcp connect (db:5432): non-existing domain - :nxdomain
2025-09-30T14:50:44.123 application=db_connection [error] Postgrex.Protocol (#PID<0.196.0>) failed to connect: ** (DBConnection.ConnectionError) tcp connect (db:5432): non-existing domain - :nxdomain
2025-09-30T14:50:44.122 [error] :gen_statem #PID<0.212.0> terminating
** (DBConnection.ConnectionError) tcp connect (db:5432): non-existing domain - :nxdomain
    (db_connection 2.8.0) lib/db_connection/connection.ex:104: DBConnection.Connection.handle_event/4
    (stdlib 6.2.2) gen_statem.erl:3737: :gen_statem.loop_state_callback/11
    (stdlib 6.2.2) proc_lib.erl:329: :proc_lib.init_p_do_apply/3
Queue: [internal: {:connect, :init}]
Postponed: []
State: Postgrex.Protocol
Callback mode: :handle_event_function, state_enter: false
2025-09-30T14:50:47.975 application=db_connection [error] Postgrex.Protocol (#PID<0.216.0>) failed to connect: ** (DBConnection.ConnectionError) tcp connect (db:5432): non-existing domain - :nxdomain
2025-09-30T14:50:47.975 application=db_connection [error] Postgrex.Protocol (#PID<0.201.0>) failed to connect: ** (DBConnection.ConnectionError) tcp connect (db:5432): non-existing domain - :nxdomain
2025-09-30T14:50:47.976 application=db_connection [error] Postgrex.Protocol (#PID<0.195.0>) failed to connect: ** (DBConnection.ConnectionError) tcp connect (db:5432): non-existing domain - :nxdomain
2025-09-30T14:50:47.976 application=db_connection [error] Postgrex.Protocol (#PID<0.200.0>) failed to connect: ** (DBConnection.ConnectionError) tcp connect (db:5432): non-existing domain - :nxdomain
2025-09-30T14:50:47.976 [error] :gen_statem #PID<0.216.0> terminating
** (DBConnection.ConnectionError) tcp connect (db:5432): non-existing domain - :nxdomain
    (db_connection 2.8.0) lib/db_connection/connection.ex:104: DBConnection.Connection.handle_event/4
    (stdlib 6.2.2) gen_statem.erl:3737: :gen_statem.loop_state_callback/11
    (stdlib 6.2.2) proc_lib.erl:329: :proc_lib.init_p_do_apply/3
Queue: [internal: {:connect, :init}]
Postponed: []
State: Postgrex.Protocol
Callback mode: :handle_event_function, state_enter: false
2025-09-30T14:50:50.724 application=db_connection [error] Postgrex.Protocol (#PID<0.220.0>) failed to connect: ** (DBConnection.ConnectionError) tcp connect (db:5432): non-existing domain - :nxdomain
2025-09-30T14:50:50.724 application=db_connection [error] Postgrex.Protocol (#PID<0.196.0>) failed to connect: ** (DBConnection.ConnectionError) tcp connect (db:5432): non-existing domain - :nxdomain
2025-09-30T14:50:50.724 application=db_connection [error] Postgrex.Protocol (#PID<0.195.0>) failed to connect: ** (DBConnection.ConnectionError) tcp connect (db:5432): non-existing domain - :nxdomain
2025-09-30T14:50:50.724 [error] :gen_statem #PID<0.220.0> terminating
** (DBConnection.ConnectionError) tcp connect (db:5432): non-existing domain - :nxdomain
    (db_connection 2.8.0) lib/db_connection/connection.ex:104: DBConnection.Connection.handle_event/4
    (stdlib 6.2.2) gen_statem.erl:3737: :gen_statem.loop_state_callback/11
    (stdlib 6.2.2) proc_lib.erl:329: :proc_lib.init_p_do_apply/3
Queue: [internal: {:connect, :init}]
Postponed: []
State: Postgrex.Protocol
Callback mode: :handle_event_function, state_enter: false
2025-09-30T14:50:55.220 application=ecto_sql [error] Could not create schema migrations table. This error usually happens due to the following:

  * The database does not exist
  * The "schema_migrations" table, which Ecto uses for managing
    migrations, was defined by another library
  * There is a deadlock while migrating (such as using concurrent
    indexes with a migration_lock)

To fix the first issue, run "mix ecto.create" for the desired MIX_ENV.

To address the second, you can run "mix ecto.drop" followed by
"mix ecto.create", both for the desired MIX_ENV. Alternatively you may
configure Ecto to use another table and/or repository for managing
migrations:

    config :explorer, Explorer.Repo,
      migration_source: "some_other_table_for_schema_migrations",
      migration_repo: AnotherRepoForSchemaMigrations

The full error report is shown below.

2025-09-30T14:51:05.830 application=db_connection [error] Postgrex.Protocol (#PID<0.196.0>) failed to connect: ** (DBConnection.ConnectionError) tcp connect (db:5432): non-existing domain - :nxdomain
2025-09-30T14:51:05.830 application=db_connection [error] Postgrex.Protocol (#PID<0.200.0>) failed to connect: ** (DBConnection.ConnectionError) tcp connect (db:5432): non-existing domain - :nxdomain
2025-09-30T14:51:05.830 application=db_connection [error] Postgrex.Protocol (#PID<0.207.0>) failed to connect: ** (DBConnection.ConnectionError) tcp connect (db:5432): non-existing domain - :nxdomain
2025-09-30T14:51:05.830 application=db_connection [error] Postgrex.Protocol (#PID<0.201.0>) failed to connect: ** (DBConnection.ConnectionError) tcp connect (db:5432): non-existing domain - :nxdomain
2025-09-30T14:51:05.830 application=db_connection [error] Postgrex.Protocol (#PID<0.195.0>) failed to connect: ** (DBConnection.ConnectionError) tcp connect (db:5432): non-existing domain - :nxdomain
2025-09-30T14:51:05.839 [error] :gen_statem #PID<0.207.0> terminating
** (DBConnection.ConnectionError) tcp connect (db:5432): non-existing domain - :nxdomain
    (db_connection 2.8.0) lib/db_connection/connection.ex:104: DBConnection.Connection.handle_event/4
    (stdlib 6.2.2) gen_statem.erl:3737: :gen_statem.loop_state_callback/11
    (stdlib 6.2.2) proc_lib.erl:329: :proc_lib.init_p_do_apply/3
Queue: [internal: {:connect, :init}]
Postponed: []
State: Postgrex.Protocol
Callback mode: :handle_event_function, state_enter: false
2025-09-30T14:51:09.738 application=db_connection [error] Postgrex.Protocol (#PID<0.212.0>) failed to connect: ** (DBConnection.ConnectionError) tcp connect (db:5432): non-existing domain - :nxdomain
2025-09-30T14:51:09.738 application=db_connection [error] Postgrex.Protocol (#PID<0.201.0>) failed to connect: ** (DBConnection.ConnectionError) tcp connect (db:5432): non-existing domain - :nxdomain
2025-09-30T14:51:09.739 application=db_connection [error] Postgrex.Protocol (#PID<0.195.0>) failed to connect: ** (DBConnection.ConnectionError) tcp connect (db:5432): non-existing domain - :nxdomain
2025-09-30T14:51:09.739 application=db_connection [error] Postgrex.Protocol (#PID<0.200.0>) failed to connect: ** (DBConnection.ConnectionError) tcp connect (db:5432): non-existing domain - :nxdomain
2025-09-30T14:51:09.740 application=db_connection [error] Postgrex.Protocol (#PID<0.196.0>) failed to connect: ** (DBConnection.ConnectionError) tcp connect (db:5432): non-existing domain - :nxdomain
2025-09-30T14:51:09.739 [error] :gen_statem #PID<0.212.0> terminating
** (DBConnection.ConnectionError) tcp connect (db:5432): non-existing domain - :nxdomain
    (db_connection 2.8.0) lib/db_connection/connection.ex:104: DBConnection.Connection.handle_event/4
    (stdlib 6.2.2) gen_statem.erl:3737: :gen_statem.loop_state_callback/11
    (stdlib 6.2.2) proc_lib.erl:329: :proc_lib.init_p_do_apply/3
Queue: [internal: {:connect, :init}]
Postponed: []
State: Postgrex.Protocol
Callback mode: :handle_event_function, state_enter: false
2025-09-30T14:51:13.614 application=db_connection [error] Postgrex.Protocol (#PID<0.216.0>) failed to connect: ** (DBConnection.ConnectionError) tcp connect (db:5432): non-existing domain - :nxdomain
2025-09-30T14:51:13.616 application=db_connection [error] Postgrex.Protocol (#PID<0.201.0>) failed to connect: ** (DBConnection.ConnectionError) tcp connect (db:5432): non-existing domain - :nxdomain
2025-09-30T14:51:13.614 [error] :gen_statem #PID<0.216.0> terminating
** (DBConnection.ConnectionError) tcp connect (db:5432): non-existing domain - :nxdomain
    (db_connection 2.8.0) lib/db_connection/connection.ex:104: DBConnection.Connection.handle_event/4
    (stdlib 6.2.2) gen_statem.erl:3737: :gen_statem.loop_state_callback/11
    (stdlib 6.2.2) proc_lib.erl:329: :proc_lib.init_p_do_apply/3
Queue: [internal: {:connect, :init}]
Postponed: []
State: Postgrex.Protocol
Callback mode: :handle_event_function, state_enter: false
2025-09-30T14:51:17.516 application=db_connection [error] Postgrex.Protocol (#PID<0.220.0>) failed to connect: ** (DBConnection.ConnectionError) tcp connect (db:5432): non-existing domain - :nxdomain
2025-09-30T14:51:17.519 application=db_connection [error] Postgrex.Protocol (#PID<0.200.0>) failed to connect: ** (DBConnection.ConnectionError) tcp connect (db:5432): non-existing domain - :nxdomain
2025-09-30T14:51:17.519 application=db_connection [error] Postgrex.Protocol (#PID<0.195.0>) failed to connect: ** (DBConnection.ConnectionError) tcp connect (db:5432): non-existing domain - :nxdomain
2025-09-30T14:51:17.519 application=db_connection [error] Postgrex.Protocol (#PID<0.196.0>) failed to connect: ** (DBConnection.ConnectionError) tcp connect (db:5432): non-existing domain - :nxdomain
2025-09-30T14:51:17.516 [error] :gen_statem #PID<0.220.0> terminating
** (DBConnection.ConnectionError) tcp connect (db:5432): non-existing domain - :nxdomain
    (db_connection 2.8.0) lib/db_connection/connection.ex:104: DBConnection.Connection.handle_event/4
    (stdlib 6.2.2) gen_statem.erl:3737: :gen_statem.loop_state_callback/11
    (stdlib 6.2.2) proc_lib.erl:329: :proc_lib.init_p_do_apply/3
Queue: [internal: {:connect, :init}]
Postponed: []
State: Postgrex.Protocol
Callback mode: :handle_event_function, state_enter: false
2025-09-30T14:51:20.708 application=ecto_sql [error] Could not create schema migrations table. This error usually happens due to the following:

  * The database does not exist
  * The "schema_migrations" table, which Ecto uses for managing
    migrations, was defined by another library
  * There is a deadlock while migrating (such as using concurrent
    indexes with a migration_lock)

To fix the first issue, run "mix ecto.create" for the desired MIX_ENV.

To address the second, you can run "mix ecto.drop" followed by
"mix ecto.create", both for the desired MIX_ENV. Alternatively you may
configure Ecto to use another table and/or repository for managing
migrations:

    config :explorer, Explorer.Repo,
      migration_source: "some_other_table_for_schema_migrations",
      migration_repo: AnotherRepoForSchemaMigrations

The full error report is shown below.

2025-09-30T14:51:29.430 application=db_connection [error] Postgrex.Protocol (#PID<0.195.0>) failed to connect: ** (DBConnection.ConnectionError) tcp connect (db:5432): non-existing domain - :nxdomain
2025-09-30T14:51:29.430 application=db_connection [error] Postgrex.Protocol (#PID<0.207.0>) failed to connect: ** (DBConnection.ConnectionError) tcp connect (db:5432): non-existing domain - :nxdomain
2025-09-30T14:51:29.430 application=db_connection [error] Postgrex.Protocol (#PID<0.200.0>) failed to connect: ** (DBConnection.ConnectionError) tcp connect (db:5432): non-existing domain - :nxdomain
2025-09-30T14:51:29.430 application=db_connection [error] Postgrex.Protocol (#PID<0.196.0>) failed to connect: ** (DBConnection.ConnectionError) tcp connect (db:5432): non-existing domain - :nxdomain
2025-09-30T14:51:29.430 application=db_connection [error] Postgrex.Protocol (#PID<0.202.0>) failed to connect: ** (DBConnection.ConnectionError) tcp connect (db:5432): non-existing domain - :nxdomain
2025-09-30T14:51:29.442 [error] :gen_statem #PID<0.207.0> terminating
** (DBConnection.ConnectionError) tcp connect (db:5432): non-existing domain - :nxdomain
    (db_connection 2.8.0) lib/db_connection/connection.ex:104: DBConnection.Connection.handle_event/4
    (stdlib 6.2.2) gen_statem.erl:3737: :gen_statem.loop_state_callback/11
    (stdlib 6.2.2) proc_lib.erl:329: :proc_lib.init_p_do_apply/3
Queue: [internal: {:connect, :init}]
Postponed: []
State: Postgrex.Protocol
Callback mode: :handle_event_function, state_enter: false
2025-09-30T14:51:33.330 application=db_connection [error] Postgrex.Protocol (#PID<0.212.0>) failed to connect: ** (DBConnection.ConnectionError) tcp connect (db:5432): non-existing domain - :nxdomain
2025-09-30T14:51:33.330 application=db_connection [error] Postgrex.Protocol (#PID<0.200.0>) failed to connect: ** (DBConnection.ConnectionError) tcp connect (db:5432): non-existing domain - :nxdomain
2025-09-30T14:51:33.330 application=db_connection [error] Postgrex.Protocol (#PID<0.195.0>) failed to connect: ** (DBConnection.ConnectionError) tcp connect (db:5432): non-existing domain - :nxdomain
2025-09-30T14:51:33.330 application=db_connection [error] Postgrex.Protocol (#PID<0.202.0>) failed to connect: ** (DBConnection.ConnectionError) tcp connect (db:5432): non-existing domain - :nxdomain
2025-09-30T14:51:33.331 application=db_connection [error] Postgrex.Protocol (#PID<0.196.0>) failed to connect: ** (DBConnection.ConnectionError) tcp connect (db:5432): non-existing domain - :nxdomain
2025-09-30T14:51:33.330 [error] :gen_statem #PID<0.212.0> terminating
** (DBConnection.ConnectionError) tcp connect (db:5432): non-existing domain - :nxdomain
    (db_connection 2.8.0) lib/db_connection/connection.ex:104: DBConnection.Connection.handle_event/4
    (stdlib 6.2.2) gen_statem.erl:3737: :gen_statem.loop_state_callback/11
    (stdlib 6.2.2) proc_lib.erl:329: :proc_lib.init_p_do_apply/3
Queue: [internal: {:connect, :init}]
Postponed: []
State: Postgrex.Protocol
Callback mode: :handle_event_function, state_enter: false
2025-09-30T14:51:37.202 application=db_connection [error] Postgrex.Protocol (#PID<0.216.0>) failed to connect: ** (DBConnection.ConnectionError) tcp connect (db:5432): non-existing domain - :nxdomain
2025-09-30T14:51:37.203 application=db_connection [error] Postgrex.Protocol (#PID<0.200.0>) failed to connect: ** (DBConnection.ConnectionError) tcp connect (db:5432): non-existing domain - :nxdomain
2025-09-30T14:51:37.202 [error] :gen_statem #PID<0.216.0> terminating
** (DBConnection.ConnectionError) tcp connect (db:5432): non-existing domain - :nxdomain
    (db_connection 2.8.0) lib/db_connection/connection.ex:104: DBConnection.Connection.handle_event/4
    (stdlib 6.2.2) gen_statem.erl:3737: :gen_statem.loop_state_callback/11
    (stdlib 6.2.2) proc_lib.erl:329: :proc_lib.init_p_do_apply/3
Queue: [internal: {:connect, :init}]
Postponed: []
State: Postgrex.Protocol
Callback mode: :handle_event_function, state_enter: false
2025-09-30T14:51:41.057 application=db_connection [error] Postgrex.Protocol (#PID<0.220.0>) failed to connect: ** (DBConnection.ConnectionError) tcp connect (db:5432): non-existing domain - :nxdomain
2025-09-30T14:51:41.058 application=db_connection [error] Postgrex.Protocol (#PID<0.196.0>) failed to connect: ** (DBConnection.ConnectionError) tcp connect (db:5432): non-existing domain - :nxdomain
2025-09-30T14:51:41.058 application=db_connection [error] Postgrex.Protocol (#PID<0.202.0>) failed to connect: ** (DBConnection.ConnectionError) tcp connect (db:5432): non-existing domain - :nxdomain
2025-09-30T14:51:41.058 application=db_connection [error] Postgrex.Protocol (#PID<0.195.0>) failed to connect: ** (DBConnection.ConnectionError) tcp connect (db:5432): non-existing domain - :nxdomain
2025-09-30T14:51:41.057 [error] :gen_statem #PID<0.220.0> terminating
** (DBConnection.ConnectionError) tcp connect (db:5432): non-existing domain - :nxdomain
    (db_connection 2.8.0) lib/db_connection/connection.ex:104: DBConnection.Connection.handle_event/4
    (stdlib 6.2.2) gen_statem.erl:3737: :gen_statem.loop_state_callback/11
    (stdlib 6.2.2) proc_lib.erl:329: :proc_lib.init_p_do_apply/3
Queue: [internal: {:connect, :init}]
Postponed: []
State: Postgrex.Protocol
Callback mode: :handle_event_function, state_enter: false
2025-09-30T14:51:45.565 application=ecto_sql [error] Could not create schema migrations table. This error usually happens due to the following:

  * The database does not exist
  * The "schema_migrations" table, which Ecto uses for managing
    migrations, was defined by another library
  * There is a deadlock while migrating (such as using concurrent
    indexes with a migration_lock)

To fix the first issue, run "mix ecto.create" for the desired MIX_ENV.

To address the second, you can run "mix ecto.drop" followed by
"mix ecto.create", both for the desired MIX_ENV. Alternatively you may
configure Ecto to use another table and/or repository for managing
migrations:

    config :explorer, Explorer.Repo,
      migration_source: "some_other_table_for_schema_migrations",
      migration_repo: AnotherRepoForSchemaMigrations

The full error report is shown below.

2025-09-30T14:51:56.386 application=db_connection [error] Postgrex.Protocol (#PID<0.196.0>) failed to connect: ** (DBConnection.ConnectionError) tcp connect (db:5432): non-existing domain - :nxdomain
2025-09-30T14:51:56.386 application=db_connection [error] Postgrex.Protocol (#PID<0.207.0>) failed to connect: ** (DBConnection.ConnectionError) tcp connect (db:5432): non-existing domain - :nxdomain
2025-09-30T14:51:56.386 application=db_connection [error] Postgrex.Protocol (#PID<0.200.0>) failed to connect: ** (DBConnection.ConnectionError) tcp connect (db:5432): non-existing domain - :nxdomain
2025-09-30T14:51:56.386 application=db_connection [error] Postgrex.Protocol (#PID<0.195.0>) failed to connect: ** (DBConnection.ConnectionError) tcp connect (db:5432): non-existing domain - :nxdomain
2025-09-30T14:51:56.386 application=db_connection [error] Postgrex.Protocol (#PID<0.201.0>) failed to connect: ** (DBConnection.ConnectionError) tcp connect (db:5432): non-existing domain - :nxdomain
2025-09-30T14:51:56.404 [error] :gen_statem #PID<0.207.0> terminating
** (DBConnection.ConnectionError) tcp connect (db:5432): non-existing domain - :nxdomain
    (db_connection 2.8.0) lib/db_connection/connection.ex:104: DBConnection.Connection.handle_event/4
    (stdlib 6.2.2) gen_statem.erl:3737: :gen_statem.loop_state_callback/11
    (stdlib 6.2.2) proc_lib.erl:329: :proc_lib.init_p_do_apply/3
Queue: [internal: {:connect, :init}]
Postponed: []
State: Postgrex.Protocol
Callback mode: :handle_event_function, state_enter: false
2025-09-30T14:52:00.314 application=db_connection [error] Postgrex.Protocol (#PID<0.212.0>) failed to connect: ** (DBConnection.ConnectionError) tcp connect (db:5432): non-existing domain - :nxdomain
2025-09-30T14:52:00.314 application=db_connection [error] Postgrex.Protocol (#PID<0.200.0>) failed to connect: ** (DBConnection.ConnectionError) tcp connect (db:5432): non-existing domain - :nxdomain
2025-09-30T14:52:00.314 application=db_connection [error] Postgrex.Protocol (#PID<0.201.0>) failed to connect: ** (DBConnection.ConnectionError) tcp connect (db:5432): non-existing domain - :nxdomain
2025-09-30T14:52:00.314 application=db_connection [error] Postgrex.Protocol (#PID<0.196.0>) failed to connect: ** (DBConnection.ConnectionError) tcp connect (db:5432): non-existing domain - :nxdomain
2025-09-30T14:52:00.315 application=db_connection [error] Postgrex.Protocol (#PID<0.195.0>) failed to connect: ** (DBConnection.ConnectionError) tcp connect (db:5432): non-existing domain - :nxdomain
2025-09-30T14:52:00.314 [error] :gen_statem #PID<0.212.0> terminating
** (DBConnection.ConnectionError) tcp connect (db:5432): non-existing domain - :nxdomain
    (db_connection 2.8.0) lib/db_connection/connection.ex:104: DBConnection.Connection.handle_event/4
    (stdlib 6.2.2) gen_statem.erl:3737: :gen_statem.loop_state_callback/11
    (stdlib 6.2.2) proc_lib.erl:329: :proc_lib.init_p_do_apply/3
Queue: [internal: {:connect, :init}]
Postponed: []
State: Postgrex.Protocol
Callback mode: :handle_event_function, state_enter: false
2025-09-30T14:52:04.191 application=db_connection [error] Postgrex.Protocol (#PID<0.216.0>) failed to connect: ** (DBConnection.ConnectionError) tcp connect (db:5432): non-existing domain - :nxdomain
2025-09-30T14:52:04.191 application=db_connection [error] Postgrex.Protocol (#PID<0.195.0>) failed to connect: ** (DBConnection.ConnectionError) tcp connect (db:5432): non-existing domain - :nxdomain
2025-09-30T14:52:04.191 application=db_connection [error] Postgrex.Protocol (#PID<0.201.0>) failed to connect: ** (DBConnection.ConnectionError) tcp connect (db:5432): non-existing domain - :nxdomain
2025-09-30T14:52:04.191 [error] :gen_statem #PID<0.216.0> terminating
** (DBConnection.ConnectionError) tcp connect (db:5432): non-existing domain - :nxdomain
    (db_connection 2.8.0) lib/db_connection/connection.ex:104: DBConnection.Connection.handle_event/4
    (stdlib 6.2.2) gen_statem.erl:3737: :gen_statem.loop_state_callback/11
    (stdlib 6.2.2) proc_lib.erl:329: :proc_lib.init_p_do_apply/3
Queue: [internal: {:connect, :init}]
Postponed: []
State: Postgrex.Protocol
Callback mode: :handle_event_function, state_enter: false
2025-09-30T14:52:08.057 application=db_connection [error] Postgrex.Protocol (#PID<0.220.0>) failed to connect: ** (DBConnection.ConnectionError) tcp connect (db:5432): non-existing domain - :nxdomain
2025-09-30T14:52:08.057 application=db_connection [error] Postgrex.Protocol (#PID<0.200.0>) failed to connect: ** (DBConnection.ConnectionError) tcp connect (db:5432): non-existing domain - :nxdomain
2025-09-30T14:52:08.057 application=db_connection [error] Postgrex.Protocol (#PID<0.196.0>) failed to connect: ** (DBConnection.ConnectionError) tcp connect (db:5432): non-existing domain - :nxdomain
2025-09-30T14:52:08.057 application=db_connection [error] Postgrex.Protocol (#PID<0.201.0>) failed to connect: ** (DBConnection.ConnectionError) tcp connect (db:5432): non-existing domain - :nxdomain
2025-09-30T14:52:08.057 [error] :gen_statem #PID<0.220.0> terminating
** (DBConnection.ConnectionError) tcp connect (db:5432): non-existing domain - :nxdomain
    (db_connection 2.8.0) lib/db_connection/connection.ex:104: DBConnection.Connection.handle_event/4
    (stdlib 6.2.2) gen_statem.erl:3737: :gen_statem.loop_state_callback/11
    (stdlib 6.2.2) proc_lib.erl:329: :proc_lib.init_p_do_apply/3
Queue: [internal: {:connect, :init}]
Postponed: []
State: Postgrex.Protocol
Callback mode: :handle_event_function, state_enter: false
2025-09-30T14:52:12.165 application=db_connection [error] Postgrex.Protocol (#PID<0.195.0>) failed to connect: ** (DBConnection.ConnectionError) tcp connect (db:5432): non-existing domain - :nxdomain
2025-09-30T14:52:12.500 application=ecto_sql [error] Could not create schema migrations table. This error usually happens due to the following:

  * The database does not exist
  * The "schema_migrations" table, which Ecto uses for managing
    migrations, was defined by another library
  * There is a deadlock while migrating (such as using concurrent
    indexes with a migration_lock)

To fix the first issue, run "mix ecto.create" for the desired MIX_ENV.

To address the second, you can run "mix ecto.drop" followed by
"mix ecto.create", both for the desired MIX_ENV. Alternatively you may
configure Ecto to use another table and/or repository for managing
migrations:

    config :explorer, Explorer.Repo,
      migration_source: "some_other_table_for_schema_migrations",
      migration_repo: AnotherRepoForSchemaMigrations

The full error report is shown below.

2025-09-30T14:52:20.419 application=db_connection [error] Postgrex.Protocol (#PID<0.201.0>) failed to connect: ** (DBConnection.ConnectionError) tcp connect (db:5432): non-existing domain - :nxdomain
2025-09-30T14:52:20.419 application=db_connection [error] Postgrex.Protocol (#PID<0.200.0>) failed to connect: ** (DBConnection.ConnectionError) tcp connect (db:5432): non-existing domain - :nxdomain
2025-09-30T14:52:20.419 application=db_connection [error] Postgrex.Protocol (#PID<0.195.0>) failed to connect: ** (DBConnection.ConnectionError) tcp connect (db:5432): non-existing domain - :nxdomain
2025-09-30T14:52:20.419 application=db_connection [error] Postgrex.Protocol (#PID<0.207.0>) failed to connect: ** (DBConnection.ConnectionError) tcp connect (db:5432): non-existing domain - :nxdomain
2025-09-30T14:52:20.419 application=db_connection [error] Postgrex.Protocol (#PID<0.196.0>) failed to connect: ** (DBConnection.ConnectionError) tcp connect (db:5432): non-existing domain - :nxdomain
2025-09-30T14:52:20.446 [error] :gen_statem #PID<0.207.0> terminating
** (DBConnection.ConnectionError) tcp connect (db:5432): non-existing domain - :nxdomain
    (db_connection 2.8.0) lib/db_connection/connection.ex:104: DBConnection.Connection.handle_event/4
    (stdlib 6.2.2) gen_statem.erl:3737: :gen_statem.loop_state_callback/11
    (stdlib 6.2.2) proc_lib.erl:329: :proc_lib.init_p_do_apply/3
Queue: [internal: {:connect, :init}]
Postponed: []
State: Postgrex.Protocol
Callback mode: :handle_event_function, state_enter: false
2025-09-30T14:52:24.382 application=db_connection [error] Postgrex.Protocol (#PID<0.211.0>) failed to connect: ** (DBConnection.ConnectionError) tcp connect (db:5432): non-existing domain - :nxdomain
2025-09-30T14:52:24.382 application=db_connection [error] Postgrex.Protocol (#PID<0.196.0>) failed to connect: ** (DBConnection.ConnectionError) tcp connect (db:5432): non-existing domain - :nxdomain
2025-09-30T14:52:24.383 application=db_connection [error] Postgrex.Protocol (#PID<0.201.0>) failed to connect: ** (DBConnection.ConnectionError) tcp connect (db:5432): non-existing domain - :nxdomain
2025-09-30T14:52:24.383 application=db_connection [error] Postgrex.Protocol (#PID<0.200.0>) failed to connect: ** (DBConnection.ConnectionError) tcp connect (db:5432): non-existing domain - :nxdomain
2025-09-30T14:52:24.383 application=db_connection [error] Postgrex.Protocol (#PID<0.195.0>) failed to connect: ** (DBConnection.ConnectionError) tcp connect (db:5432): non-existing domain - :nxdomain
2025-09-30T14:52:24.382 [error] :gen_statem #PID<0.211.0> terminating
** (DBConnection.ConnectionError) tcp connect (db:5432): non-existing domain - :nxdomain
    (db_connection 2.8.0) lib/db_connection/connection.ex:104: DBConnection.Connection.handle_event/4
    (stdlib 6.2.2) gen_statem.erl:3737: :gen_statem.loop_state_callback/11
    (stdlib 6.2.2) proc_lib.erl:329: :proc_lib.init_p_do_apply/3
Queue: [internal: {:connect, :init}]
Postponed: []
State: Postgrex.Protocol
Callback mode: :handle_event_function, state_enter: false
2025-09-30T14:52:28.249 application=db_connection [error] Postgrex.Protocol (#PID<0.216.0>) failed to connect: ** (DBConnection.ConnectionError) tcp connect (db:5432): non-existing domain - :nxdomain
2025-09-30T14:52:28.250 application=db_connection [error] Postgrex.Protocol (#PID<0.196.0>) failed to connect: ** (DBConnection.ConnectionError) tcp connect (db:5432): non-existing domain - :nxdomain
2025-09-30T14:52:28.249 [error] :gen_statem #PID<0.216.0> terminating
** (DBConnection.ConnectionError) tcp connect (db:5432): non-existing domain - :nxdomain
    (db_connection 2.8.0) lib/db_connection/connection.ex:104: DBConnection.Connection.handle_event/4
    (stdlib 6.2.2) gen_statem.erl:3737: :gen_statem.loop_state_callback/11
    (stdlib 6.2.2) proc_lib.erl:329: :proc_lib.init_p_do_apply/3
Queue: [internal: {:connect, :init}]
Postponed: []
State: Postgrex.Protocol
Callback mode: :handle_event_function, state_enter: false
2025-09-30T14:52:32.119 application=db_connection [error] Postgrex.Protocol (#PID<0.220.0>) failed to connect: ** (DBConnection.ConnectionError) tcp connect (db:5432): non-existing domain - :nxdomain
2025-09-30T14:52:32.120 application=db_connection [error] Postgrex.Protocol (#PID<0.201.0>) failed to connect: ** (DBConnection.ConnectionError) tcp connect (db:5432): non-existing domain - :nxdomain
2025-09-30T14:52:32.121 application=db_connection [error] Postgrex.Protocol (#PID<0.200.0>) failed to connect: ** (DBConnection.ConnectionError) tcp connect (db:5432): non-existing domain - :nxdomain
2025-09-30T14:52:32.121 application=db_connection [error] Postgrex.Protocol (#PID<0.195.0>) failed to connect: ** (DBConnection.ConnectionError) tcp connect (db:5432): non-existing domain - :nxdomain
2025-09-30T14:52:32.119 [error] :gen_statem #PID<0.220.0> terminating
** (DBConnection.ConnectionError) tcp connect (db:5432): non-existing domain - :nxdomain
    (db_connection 2.8.0) lib/db_connection/connection.ex:104: DBConnection.Connection.handle_event/4
    (stdlib 6.2.2) gen_statem.erl:3737: :gen_statem.loop_state_callback/11
    (stdlib 6.2.2) proc_lib.erl:329: :proc_lib.init_p_do_apply/3
Queue: [internal: {:connect, :init}]
Postponed: []
State: Postgrex.Protocol
Callback mode: :handle_event_function, state_enter: false
2025-09-30T14:52:36.456 application=ecto_sql [error] Could not create schema migrations table. This error usually happens due to the following:

  * The database does not exist
  * The "schema_migrations" table, which Ecto uses for managing
    migrations, was defined by another library
  * There is a deadlock while migrating (such as using concurrent
    indexes with a migration_lock)

To fix the first issue, run "mix ecto.create" for the desired MIX_ENV.

To address the second, you can run "mix ecto.drop" followed by
"mix ecto.create", both for the desired MIX_ENV. Alternatively you may
configure Ecto to use another table and/or repository for managing
migrations:

    config :explorer, Explorer.Repo,
      migration_source: "some_other_table_for_schema_migrations",
      migration_repo: AnotherRepoForSchemaMigrations

The full error report is shown below.

2025-09-30T14:52:46.080 application=db_connection [error] Postgrex.Protocol (#PID<0.195.0>) failed to connect: ** (DBConnection.ConnectionError) tcp connect (db:5432): non-existing domain - :nxdomain
2025-09-30T14:52:46.080 application=db_connection [error] Postgrex.Protocol (#PID<0.201.0>) failed to connect: ** (DBConnection.ConnectionError) tcp connect (db:5432): non-existing domain - :nxdomain
2025-09-30T14:52:46.080 application=db_connection [error] Postgrex.Protocol (#PID<0.200.0>) failed to connect: ** (DBConnection.ConnectionError) tcp connect (db:5432): non-existing domain - :nxdomain
2025-09-30T14:52:46.080 application=db_connection [error] Postgrex.Protocol (#PID<0.196.0>) failed to connect: ** (DBConnection.ConnectionError) tcp connect (db:5432): non-existing domain - :nxdomain
2025-09-30T14:52:46.080 application=db_connection [error] Postgrex.Protocol (#PID<0.207.0>) failed to connect: ** (DBConnection.ConnectionError) tcp connect (db:5432): non-existing domain - :nxdomain
2025-09-30T14:52:46.087 [error] :gen_statem #PID<0.207.0> terminating
** (DBConnection.ConnectionError) tcp connect (db:5432): non-existing domain - :nxdomain
    (db_connection 2.8.0) lib/db_connection/connection.ex:104: DBConnection.Connection.handle_event/4
    (stdlib 6.2.2) gen_statem.erl:3737: :gen_statem.loop_state_callback/11
    (stdlib 6.2.2) proc_lib.erl:329: :proc_lib.init_p_do_apply/3
Queue: [internal: {:connect, :init}]
Postponed: []
State: Postgrex.Protocol
Callback mode: :handle_event_function, state_enter: false
2025-09-30T14:52:49.988 application=db_connection [error] Postgrex.Protocol (#PID<0.201.0>) failed to connect: ** (DBConnection.ConnectionError) tcp connect (db:5432): non-existing domain - :nxdomain
2025-09-30T14:52:49.988 application=db_connection [error] Postgrex.Protocol (#PID<0.211.0>) failed to connect: ** (DBConnection.ConnectionError) tcp connect (db:5432): non-existing domain - :nxdomain
2025-09-30T14:52:49.988 application=db_connection [error] Postgrex.Protocol (#PID<0.200.0>) failed to connect: ** (DBConnection.ConnectionError) tcp connect (db:5432): non-existing domain - :nxdomain
2025-09-30T14:52:49.988 application=db_connection [error] Postgrex.Protocol (#PID<0.196.0>) failed to connect: ** (DBConnection.ConnectionError) tcp connect (db:5432): non-existing domain - :nxdomain
2025-09-30T14:52:49.988 application=db_connection [error] Postgrex.Protocol (#PID<0.195.0>) failed to connect: ** (DBConnection.ConnectionError) tcp connect (db:5432): non-existing domain - :nxdomain
2025-09-30T14:52:49.988 [error] :gen_statem #PID<0.211.0> terminating
** (DBConnection.ConnectionError) tcp connect (db:5432): non-existing domain - :nxdomain
    (db_connection 2.8.0) lib/db_connection/connection.ex:104: DBConnection.Connection.handle_event/4
    (stdlib 6.2.2) gen_statem.erl:3737: :gen_statem.loop_state_callback/11
    (stdlib 6.2.2) proc_lib.erl:329: :proc_lib.init_p_do_apply/3
Queue: [internal: {:connect, :init}]
Postponed: []
State: Postgrex.Protocol
Callback mode: :handle_event_function, state_enter: false
2025-09-30T14:52:53.863 application=db_connection [error] Postgrex.Protocol (#PID<0.216.0>) failed to connect: ** (DBConnection.ConnectionError) tcp connect (db:5432): non-existing domain - :nxdomain
2025-09-30T14:52:53.863 application=db_connection [error] Postgrex.Protocol (#PID<0.201.0>) failed to connect: ** (DBConnection.ConnectionError) tcp connect (db:5432): non-existing domain - :nxdomain
2025-09-30T14:52:53.863 application=db_connection [error] Postgrex.Protocol (#PID<0.195.0>) failed to connect: ** (DBConnection.ConnectionError) tcp connect (db:5432): non-existing domain - :nxdomain
2025-09-30T14:52:53.863 [error] :gen_statem #PID<0.216.0> terminating
** (DBConnection.ConnectionError) tcp connect (db:5432): non-existing domain - :nxdomain
    (db_connection 2.8.0) lib/db_connection/connection.ex:104: DBConnection.Connection.handle_event/4
    (stdlib 6.2.2) gen_statem.erl:3737: :gen_statem.loop_state_callback/11
    (stdlib 6.2.2) proc_lib.erl:329: :proc_lib.init_p_do_apply/3
Queue: [internal: {:connect, :init}]
Postponed: []
State: Postgrex.Protocol
Callback mode: :handle_event_function, state_enter: false
2025-09-30T14:52:57.717 application=db_connection [error] Postgrex.Protocol (#PID<0.196.0>) failed to connect: ** (DBConnection.ConnectionError) tcp connect (db:5432): non-existing domain - :nxdomain
2025-09-30T14:52:57.717 application=db_connection [error] Postgrex.Protocol (#PID<0.220.0>) failed to connect: ** (DBConnection.ConnectionError) tcp connect (db:5432): non-existing domain - :nxdomain
2025-09-30T14:52:57.718 application=db_connection [error] Postgrex.Protocol (#PID<0.200.0>) failed to connect: ** (DBConnection.ConnectionError) tcp connect (db:5432): non-existing domain - :nxdomain
2025-09-30T14:52:57.718 [error] :gen_statem #PID<0.220.0> terminating
** (DBConnection.ConnectionError) tcp connect (db:5432): non-existing domain - :nxdomain
    (db_connection 2.8.0) lib/db_connection/connection.ex:104: DBConnection.Connection.handle_event/4
    (stdlib 6.2.2) gen_statem.erl:3737: :gen_statem.loop_state_callback/11
    (stdlib 6.2.2) proc_lib.erl:329: :proc_lib.init_p_do_apply/3
Queue: [internal: {:connect, :init}]
Postponed: []
State: Postgrex.Protocol
Callback mode: :handle_event_function, state_enter: false
2025-09-30T14:53:02.188 application=ecto_sql [error] Could not create schema migrations table. This error usually happens due to the following:

  * The database does not exist
  * The "schema_migrations" table, which Ecto uses for managing
    migrations, was defined by another library
  * There is a deadlock while migrating (such as using concurrent
    indexes with a migration_lock)

To fix the first issue, run "mix ecto.create" for the desired MIX_ENV.

To address the second, you can run "mix ecto.drop" followed by
"mix ecto.create", both for the desired MIX_ENV. Alternatively you may
configure Ecto to use another table and/or repository for managing
migrations:

    config :explorer, Explorer.Repo,
      migration_source: "some_other_table_for_schema_migrations",
      migration_repo: AnotherRepoForSchemaMigrations

The full error report is shown below.

2025-09-30T14:53:11.641 application=db_connection [error] Postgrex.Protocol (#PID<0.207.0>) failed to connect: ** (DBConnection.ConnectionError) tcp connect (db:5432): non-existing domain - :nxdomain
2025-09-30T14:53:11.641 application=db_connection [error] Postgrex.Protocol (#PID<0.195.0>) failed to connect: ** (DBConnection.ConnectionError) tcp connect (db:5432): non-existing domain - :nxdomain
2025-09-30T14:53:11.641 application=db_connection [error] Postgrex.Protocol (#PID<0.196.0>) failed to connect: ** (DBConnection.ConnectionError) tcp connect (db:5432): non-existing domain - :nxdomain
2025-09-30T14:53:11.640 application=db_connection [error] Postgrex.Protocol (#PID<0.200.0>) failed to connect: ** (DBConnection.ConnectionError) tcp connect (db:5432): non-existing domain - :nxdomain
2025-09-30T14:53:11.640 application=db_connection [error] Postgrex.Protocol (#PID<0.201.0>) failed to connect: ** (DBConnection.ConnectionError) tcp connect (db:5432): non-existing domain - :nxdomain
2025-09-30T14:53:11.654 [error] :gen_statem #PID<0.207.0> terminating
** (DBConnection.ConnectionError) tcp connect (db:5432): non-existing domain - :nxdomain
    (db_connection 2.8.0) lib/db_connection/connection.ex:104: DBConnection.Connection.handle_event/4
    (stdlib 6.2.2) gen_statem.erl:3737: :gen_statem.loop_state_callback/11
    (stdlib 6.2.2) proc_lib.erl:329: :proc_lib.init_p_do_apply/3
Queue: [internal: {:connect, :init}]
Postponed: []
State: Postgrex.Protocol
Callback mode: :handle_event_function, state_enter: false
2025-09-30T14:53:14.425 application=db_connection [error] Postgrex.Protocol (#PID<0.195.0>) failed to connect: ** (DBConnection.ConnectionError) tcp connect (db:5432): non-existing domain - :nxdomain
2025-09-30T14:53:14.425 application=db_connection [error] Postgrex.Protocol (#PID<0.200.0>) failed to connect: ** (DBConnection.ConnectionError) tcp connect (db:5432): non-existing domain - :nxdomain
2025-09-30T14:53:14.425 application=db_connection [error] Postgrex.Protocol (#PID<0.201.0>) failed to connect: ** (DBConnection.ConnectionError) tcp connect (db:5432): non-existing domain - :nxdomain
2025-09-30T14:53:14.424 application=db_connection [error] Postgrex.Protocol (#PID<0.212.0>) failed to connect: ** (DBConnection.ConnectionError) tcp connect (db:5432): non-existing domain - :nxdomain
2025-09-30T14:53:14.429 application=db_connection [error] Postgrex.Protocol (#PID<0.196.0>) failed to connect: ** (DBConnection.ConnectionError) tcp connect (db:5432): non-existing domain - :nxdomain
2025-09-30T14:53:14.428 [error] :gen_statem #PID<0.212.0> terminating
** (DBConnection.ConnectionError) tcp connect (db:5432): non-existing domain - :nxdomain
    (db_connection 2.8.0) lib/db_connection/connection.ex:104: DBConnection.Connection.handle_event/4
    (stdlib 6.2.2) gen_statem.erl:3737: :gen_statem.loop_state_callback/11
    (stdlib 6.2.2) proc_lib.erl:329: :proc_lib.init_p_do_apply/3
Queue: [internal: {:connect, :init}]
Postponed: []
State: Postgrex.Protocol
Callback mode: :handle_event_function, state_enter: false
2025-09-30T14:53:18.298 application=db_connection [error] Postgrex.Protocol (#PID<0.195.0>) failed to connect: ** (DBConnection.ConnectionError) tcp connect (db:5432): non-existing domain - :nxdomain
2025-09-30T14:53:18.298 application=db_connection [error] Postgrex.Protocol (#PID<0.216.0>) failed to connect: ** (DBConnection.ConnectionError) tcp connect (db:5432): non-existing domain - :nxdomain
2025-09-30T14:53:18.298 application=db_connection [error] Postgrex.Protocol (#PID<0.201.0>) failed to connect: ** (DBConnection.ConnectionError) tcp connect (db:5432): non-existing domain - :nxdomain
2025-09-30T14:53:18.298 [error] :gen_statem #PID<0.216.0> terminating
** (DBConnection.ConnectionError) tcp connect (db:5432): non-existing domain - :nxdomain
    (db_connection 2.8.0) lib/db_connection/connection.ex:104: DBConnection.Connection.handle_event/4
    (stdlib 6.2.2) gen_statem.erl:3737: :gen_statem.loop_state_callback/11
    (stdlib 6.2.2) proc_lib.erl:329: :proc_lib.init_p_do_apply/3
Queue: [internal: {:connect, :init}]
Postponed: []
State: Postgrex.Protocol
Callback mode: :handle_event_function, state_enter: false
2025-09-30T14:53:22.161 application=db_connection [error] Postgrex.Protocol (#PID<0.196.0>) failed to connect: ** (DBConnection.ConnectionError) tcp connect (db:5432): non-existing domain - :nxdomain
2025-09-30T14:53:22.161 application=db_connection [error] Postgrex.Protocol (#PID<0.220.0>) failed to connect: ** (DBConnection.ConnectionError) tcp connect (db:5432): non-existing domain - :nxdomain
2025-09-30T14:53:22.161 application=db_connection [error] Postgrex.Protocol (#PID<0.200.0>) failed to connect: ** (DBConnection.ConnectionError) tcp connect (db:5432): non-existing domain - :nxdomain
2025-09-30T14:53:22.161 application=db_connection [error] Postgrex.Protocol (#PID<0.195.0>) failed to connect: ** (DBConnection.ConnectionError) tcp connect (db:5432): non-existing domain - :nxdomain
2025-09-30T14:53:22.161 [error] :gen_statem #PID<0.220.0> terminating
** (DBConnection.ConnectionError) tcp connect (db:5432): non-existing domain - :nxdomain
    (db_connection 2.8.0) lib/db_connection/connection.ex:104: DBConnection.Connection.handle_event/4
    (stdlib 6.2.2) gen_statem.erl:3737: :gen_statem.loop_state_callback/11
    (stdlib 6.2.2) proc_lib.erl:329: :proc_lib.init_p_do_apply/3
Queue: [internal: {:connect, :init}]
Postponed: []
State: Postgrex.Protocol
Callback mode: :handle_event_function, state_enter: false
2025-09-30T14:53:26.186 application=db_connection [error] Postgrex.Protocol (#PID<0.201.0>) failed to connect: ** (DBConnection.ConnectionError) tcp connect (db:5432): non-existing domain - :nxdomain
2025-09-30T14:53:26.646 application=ecto_sql [error] Could not create schema migrations table. This error usually happens due to the following:

  * The database does not exist
  * The "schema_migrations" table, which Ecto uses for managing
    migrations, was defined by another library
  * There is a deadlock while migrating (such as using concurrent
    indexes with a migration_lock)

To fix the first issue, run "mix ecto.create" for the desired MIX_ENV.

To address the second, you can run "mix ecto.drop" followed by
"mix ecto.create", both for the desired MIX_ENV. Alternatively you may
configure Ecto to use another table and/or repository for managing
migrations:

    config :explorer, Explorer.Repo,
      migration_source: "some_other_table_for_schema_migrations",
      migration_repo: AnotherRepoForSchemaMigrations

The full error report is shown below.

2025-09-30T14:53:37.673 application=db_connection [error] Postgrex.Protocol (#PID<0.195.0>) failed to connect: ** (DBConnection.ConnectionError) tcp connect (db:5432): non-existing domain - :nxdomain
2025-09-30T14:53:37.673 application=db_connection [error] Postgrex.Protocol (#PID<0.207.0>) failed to connect: ** (DBConnection.ConnectionError) tcp connect (db:5432): non-existing domain - :nxdomain
2025-09-30T14:53:37.673 application=db_connection [error] Postgrex.Protocol (#PID<0.196.0>) failed to connect: ** (DBConnection.ConnectionError) tcp connect (db:5432): non-existing domain - :nxdomain
2025-09-30T14:53:37.673 application=db_connection [error] Postgrex.Protocol (#PID<0.200.0>) failed to connect: ** (DBConnection.ConnectionError) tcp connect (db:5432): non-existing domain - :nxdomain
2025-09-30T14:53:37.673 application=db_connection [error] Postgrex.Protocol (#PID<0.201.0>) failed to connect: ** (DBConnection.ConnectionError) tcp connect (db:5432): non-existing domain - :nxdomain
2025-09-30T14:53:37.691 [error] :gen_statem #PID<0.207.0> terminating
** (DBConnection.ConnectionError) tcp connect (db:5432): non-existing domain - :nxdomain
    (db_connection 2.8.0) lib/db_connection/connection.ex:104: DBConnection.Connection.handle_event/4
    (stdlib 6.2.2) gen_statem.erl:3737: :gen_statem.loop_state_callback/11
    (stdlib 6.2.2) proc_lib.erl:329: :proc_lib.init_p_do_apply/3
Queue: [internal: {:connect, :init}]
Postponed: []
State: Postgrex.Protocol
Callback mode: :handle_event_function, state_enter: false
2025-09-30T14:53:41.570 application=db_connection [error] Postgrex.Protocol (#PID<0.212.0>) failed to connect: ** (DBConnection.ConnectionError) tcp connect (db:5432): non-existing domain - :nxdomain
2025-09-30T14:53:41.570 application=db_connection [error] Postgrex.Protocol (#PID<0.200.0>) failed to connect: ** (DBConnection.ConnectionError) tcp connect (db:5432): non-existing domain - :nxdomain
2025-09-30T14:53:41.571 application=db_connection [error] Postgrex.Protocol (#PID<0.201.0>) failed to connect: ** (DBConnection.ConnectionError) tcp connect (db:5432): non-existing domain - :nxdomain
2025-09-30T14:53:41.571 application=db_connection [error] Postgrex.Protocol (#PID<0.196.0>) failed to connect: ** (DBConnection.ConnectionError) tcp connect (db:5432): non-existing domain - :nxdomain
2025-09-30T14:53:41.571 application=db_connection [error] Postgrex.Protocol (#PID<0.195.0>) failed to connect: ** (DBConnection.ConnectionError) tcp connect (db:5432): non-existing domain - :nxdomain
2025-09-30T14:53:41.570 [error] :gen_statem #PID<0.212.0> terminating
** (DBConnection.ConnectionError) tcp connect (db:5432): non-existing domain - :nxdomain
    (db_connection 2.8.0) lib/db_connection/connection.ex:104: DBConnection.Connection.handle_event/4
    (stdlib 6.2.2) gen_statem.erl:3737: :gen_statem.loop_state_callback/11
    (stdlib 6.2.2) proc_lib.erl:329: :proc_lib.init_p_do_apply/3
Queue: [internal: {:connect, :init}]
Postponed: []
State: Postgrex.Protocol
Callback mode: :handle_event_function, state_enter: false
2025-09-30T14:53:44.275 application=db_connection [error] Postgrex.Protocol (#PID<0.200.0>) failed to connect: ** (DBConnection.ConnectionError) tcp connect (db:5432): non-existing domain - :nxdomain
2025-09-30T14:53:44.275 application=db_connection [error] Postgrex.Protocol (#PID<0.201.0>) failed to connect: ** (DBConnection.ConnectionError) tcp connect (db:5432): non-existing domain - :nxdomain
2025-09-30T14:53:44.275 application=db_connection [error] Postgrex.Protocol (#PID<0.216.0>) failed to connect: ** (DBConnection.ConnectionError) tcp connect (db:5432): non-existing domain - :nxdomain
2025-09-30T14:53:44.275 [error] :gen_statem #PID<0.216.0> terminating
** (DBConnection.ConnectionError) tcp connect (db:5432): non-existing domain - :nxdomain
    (db_connection 2.8.0) lib/db_connection/connection.ex:104: DBConnection.Connection.handle_event/4
    (stdlib 6.2.2) gen_statem.erl:3737: :gen_statem.loop_state_callback/11
    (stdlib 6.2.2) proc_lib.erl:329: :proc_lib.init_p_do_apply/3
Queue: [internal: {:connect, :init}]
Postponed: []
State: Postgrex.Protocol
Callback mode: :handle_event_function, state_enter: false
2025-09-30T14:53:48.147 application=db_connection [error] Postgrex.Protocol (#PID<0.220.0>) failed to connect: ** (DBConnection.ConnectionError) tcp connect (db:5432): non-existing domain - :nxdomain
2025-09-30T14:53:48.148 application=db_connection [error] Postgrex.Protocol (#PID<0.196.0>) failed to connect: ** (DBConnection.ConnectionError) tcp connect (db:5432): non-existing domain - :nxdomain
2025-09-30T14:53:48.148 application=db_connection [error] Postgrex.Protocol (#PID<0.200.0>) failed to connect: ** (DBConnection.ConnectionError) tcp connect (db:5432): non-existing domain - :nxdomain
2025-09-30T14:53:48.148 application=db_connection [error] Postgrex.Protocol (#PID<0.201.0>) failed to connect: ** (DBConnection.ConnectionError) tcp connect (db:5432): non-existing domain - :nxdomain
2025-09-30T14:53:48.147 [error] :gen_statem #PID<0.220.0> terminating
** (DBConnection.ConnectionError) tcp connect (db:5432): non-existing domain - :nxdomain
    (db_connection 2.8.0) lib/db_connection/connection.ex:104: DBConnection.Connection.handle_event/4
    (stdlib 6.2.2) gen_statem.erl:3737: :gen_statem.loop_state_callback/11
    (stdlib 6.2.2) proc_lib.erl:329: :proc_lib.init_p_do_apply/3
Queue: [internal: {:connect, :init}]
Postponed: []
State: Postgrex.Protocol
Callback mode: :handle_event_function, state_enter: false
2025-09-30T14:53:48.151 application=db_connection [error] Postgrex.Protocol (#PID<0.195.0>) failed to connect: ** (DBConnection.ConnectionError) tcp connect (db:5432): non-existing domain - :nxdomain
2025-09-30T14:53:52.662 application=ecto_sql [error] Could not create schema migrations table. This error usually happens due to the following:

  * The database does not exist
  * The "schema_migrations" table, which Ecto uses for managing
    migrations, was defined by another library
  * There is a deadlock while migrating (such as using concurrent
    indexes with a migration_lock)

To fix the first issue, run "mix ecto.create" for the desired MIX_ENV.

To address the second, you can run "mix ecto.drop" followed by
"mix ecto.create", both for the desired MIX_ENV. Alternatively you may
configure Ecto to use another table and/or repository for managing
migrations:

    config :explorer, Explorer.Repo,
      migration_source: "some_other_table_for_schema_migrations",
      migration_repo: AnotherRepoForSchemaMigrations

The full error report is shown below.

2025-09-30T14:54:05.519 application=db_connection [error] Postgrex.Protocol (#PID<0.196.0>) failed to connect: ** (DBConnection.ConnectionError) tcp connect (db:5432): non-existing domain - :nxdomain
2025-09-30T14:54:05.519 application=db_connection [error] Postgrex.Protocol (#PID<0.207.0>) failed to connect: ** (DBConnection.ConnectionError) tcp connect (db:5432): non-existing domain - :nxdomain
2025-09-30T14:54:05.519 application=db_connection [error] Postgrex.Protocol (#PID<0.201.0>) failed to connect: ** (DBConnection.ConnectionError) tcp connect (db:5432): non-existing domain - :nxdomain
2025-09-30T14:54:05.519 application=db_connection [error] Postgrex.Protocol (#PID<0.195.0>) failed to connect: ** (DBConnection.ConnectionError) tcp connect (db:5432): non-existing domain - :nxdomain
2025-09-30T14:54:05.519 application=db_connection [error] Postgrex.Protocol (#PID<0.200.0>) failed to connect: ** (DBConnection.ConnectionError) tcp connect (db:5432): non-existing domain - :nxdomain
2025-09-30T14:54:05.539 [error] :gen_statem #PID<0.207.0> terminating
** (DBConnection.ConnectionError) tcp connect (db:5432): non-existing domain - :nxdomain
    (db_connection 2.8.0) lib/db_connection/connection.ex:104: DBConnection.Connection.handle_event/4
    (stdlib 6.2.2) gen_statem.erl:3737: :gen_statem.loop_state_callback/11
    (stdlib 6.2.2) proc_lib.erl:329: :proc_lib.init_p_do_apply/3
Queue: [internal: {:connect, :init}]
Postponed: []
State: Postgrex.Protocol
Callback mode: :handle_event_function, state_enter: false
2025-09-30T14:54:09.482 application=db_connection [error] Postgrex.Protocol (#PID<0.211.0>) failed to connect: ** (DBConnection.ConnectionError) tcp connect (db:5432): non-existing domain - :nxdomain
2025-09-30T14:54:09.482 application=db_connection [error] Postgrex.Protocol (#PID<0.195.0>) failed to connect: ** (DBConnection.ConnectionError) tcp connect (db:5432): non-existing domain - :nxdomain
2025-09-30T14:54:09.482 application=db_connection [error] Postgrex.Protocol (#PID<0.196.0>) failed to connect: ** (DBConnection.ConnectionError) tcp connect (db:5432): non-existing domain - :nxdomain
2025-09-30T14:54:09.483 application=db_connection [error] Postgrex.Protocol (#PID<0.200.0>) failed to connect: ** (DBConnection.ConnectionError) tcp connect (db:5432): non-existing domain - :nxdomain
2025-09-30T14:54:09.483 application=db_connection [error] Postgrex.Protocol (#PID<0.201.0>) failed to connect: ** (DBConnection.ConnectionError) tcp connect (db:5432): non-existing domain - :nxdomain
2025-09-30T14:54:09.482 [error] :gen_statem #PID<0.211.0> terminating
** (DBConnection.ConnectionError) tcp connect (db:5432): non-existing domain - :nxdomain
    (db_connection 2.8.0) lib/db_connection/connection.ex:104: DBConnection.Connection.handle_event/4
    (stdlib 6.2.2) gen_statem.erl:3737: :gen_statem.loop_state_callback/11
    (stdlib 6.2.2) proc_lib.erl:329: :proc_lib.init_p_do_apply/3
Queue: [internal: {:connect, :init}]
Postponed: []
State: Postgrex.Protocol
Callback mode: :handle_event_function, state_enter: false
2025-09-30T14:54:12.293 application=db_connection [error] Postgrex.Protocol (#PID<0.216.0>) failed to connect: ** (DBConnection.ConnectionError) tcp connect (db:5432): non-existing domain - :nxdomain
2025-09-30T14:54:12.293 application=db_connection [error] Postgrex.Protocol (#PID<0.196.0>) failed to connect: ** (DBConnection.ConnectionError) tcp connect (db:5432): non-existing domain - :nxdomain
2025-09-30T14:54:12.293 application=db_connection [error] Postgrex.Protocol (#PID<0.195.0>) failed to connect: ** (DBConnection.ConnectionError) tcp connect (db:5432): non-existing domain - :nxdomain
2025-09-30T14:54:12.294 application=db_connection [error] Postgrex.Protocol (#PID<0.200.0>) failed to connect: ** (DBConnection.ConnectionError) tcp connect (db:5432): non-existing domain - :nxdomain
2025-09-30T14:54:12.293 [error] :gen_statem #PID<0.216.0> terminating
** (DBConnection.ConnectionError) tcp connect (db:5432): non-existing domain - :nxdomain
    (db_connection 2.8.0) lib/db_connection/connection.ex:104: DBConnection.Connection.handle_event/4
    (stdlib 6.2.2) gen_statem.erl:3737: :gen_statem.loop_state_callback/11
    (stdlib 6.2.2) proc_lib.erl:329: :proc_lib.init_p_do_apply/3
Queue: [internal: {:connect, :init}]
Postponed: []
State: Postgrex.Protocol
Callback mode: :handle_event_function, state_enter: false
2025-09-30T14:54:16.145 application=db_connection [error] Postgrex.Protocol (#PID<0.220.0>) failed to connect: ** (DBConnection.ConnectionError) tcp connect (db:5432): non-existing domain - :nxdomain
2025-09-30T14:54:16.145 application=db_connection [error] Postgrex.Protocol (#PID<0.201.0>) failed to connect: ** (DBConnection.ConnectionError) tcp connect (db:5432): non-existing domain - :nxdomain
2025-09-30T14:54:16.145 [error] :gen_statem #PID<0.220.0> terminating
** (DBConnection.ConnectionError) tcp connect (db:5432): non-existing domain - :nxdomain
    (db_connection 2.8.0) lib/db_connection/connection.ex:104: DBConnection.Connection.handle_event/4
    (stdlib 6.2.2) gen_statem.erl:3737: :gen_statem.loop_state_callback/11
    (stdlib 6.2.2) proc_lib.erl:329: :proc_lib.init_p_do_apply/3
Queue: [internal: {:connect, :init}]
Postponed: []
State: Postgrex.Protocol
Callback mode: :handle_event_function, state_enter: false
2025-09-30T14:54:20.356 application=ecto_sql [error] Could not create schema migrations table. This error usually happens due to the following:

  * The database does not exist
  * The "schema_migrations" table, which Ecto uses for managing
    migrations, was defined by another library
  * There is a deadlock while migrating (such as using concurrent
    indexes with a migration_lock)

To fix the first issue, run "mix ecto.create" for the desired MIX_ENV.

To address the second, you can run "mix ecto.drop" followed by
"mix ecto.create", both for the desired MIX_ENV. Alternatively you may
configure Ecto to use another table and/or repository for managing
migrations:

    config :explorer, Explorer.Repo,
      migration_source: "some_other_table_for_schema_migrations",
      migration_repo: AnotherRepoForSchemaMigrations

The full error report is shown below.

2025-09-30T14:54:30.231 application=db_connection [error] Postgrex.Protocol (#PID<0.207.0>) failed to connect: ** (DBConnection.ConnectionError) tcp connect (db:5432): non-existing domain - :nxdomain
2025-09-30T14:54:30.231 application=db_connection [error] Postgrex.Protocol (#PID<0.200.0>) failed to connect: ** (DBConnection.ConnectionError) tcp connect (db:5432): non-existing domain - :nxdomain
2025-09-30T14:54:30.231 application=db_connection [error] Postgrex.Protocol (#PID<0.201.0>) failed to connect: ** (DBConnection.ConnectionError) tcp connect (db:5432): non-existing domain - :nxdomain
2025-09-30T14:54:30.231 application=db_connection [error] Postgrex.Protocol (#PID<0.196.0>) failed to connect: ** (DBConnection.ConnectionError) tcp connect (db:5432): non-existing domain - :nxdomain
2025-09-30T14:54:30.231 application=db_connection [error] Postgrex.Protocol (#PID<0.195.0>) failed to connect: ** (DBConnection.ConnectionError) tcp connect (db:5432): non-existing domain - :nxdomain
2025-09-30T14:54:30.239 [error] :gen_statem #PID<0.207.0> terminating
** (DBConnection.ConnectionError) tcp connect (db:5432): non-existing domain - :nxdomain
    (db_connection 2.8.0) lib/db_connection/connection.ex:104: DBConnection.Connection.handle_event/4
    (stdlib 6.2.2) gen_statem.erl:3737: :gen_statem.loop_state_callback/11
    (stdlib 6.2.2) proc_lib.erl:329: :proc_lib.init_p_do_apply/3
Queue: [internal: {:connect, :init}]
Postponed: []
State: Postgrex.Protocol
Callback mode: :handle_event_function, state_enter: false
2025-09-30T14:54:34.128 application=db_connection [error] Postgrex.Protocol (#PID<0.195.0>) failed to connect: ** (DBConnection.ConnectionError) tcp connect (db:5432): non-existing domain - :nxdomain
2025-09-30T14:54:34.128 application=db_connection [error] Postgrex.Protocol (#PID<0.200.0>) failed to connect: ** (DBConnection.ConnectionError) tcp connect (db:5432): non-existing domain - :nxdomain
2025-09-30T14:54:34.128 application=db_connection [error] Postgrex.Protocol (#PID<0.212.0>) failed to connect: ** (DBConnection.ConnectionError) tcp connect (db:5432): non-existing domain - :nxdomain
2025-09-30T14:54:34.128 application=db_connection [error] Postgrex.Protocol (#PID<0.201.0>) failed to connect: ** (DBConnection.ConnectionError) tcp connect (db:5432): non-existing domain - :nxdomain
2025-09-30T14:54:34.128 application=db_connection [error] Postgrex.Protocol (#PID<0.196.0>) failed to connect: ** (DBConnection.ConnectionError) tcp connect (db:5432): non-existing domain - :nxdomain
2025-09-30T14:54:34.128 [error] :gen_statem #PID<0.212.0> terminating
** (DBConnection.ConnectionError) tcp connect (db:5432): non-existing domain - :nxdomain
    (db_connection 2.8.0) lib/db_connection/connection.ex:104: DBConnection.Connection.handle_event/4
    (stdlib 6.2.2) gen_statem.erl:3737: :gen_statem.loop_state_callback/11
    (stdlib 6.2.2) proc_lib.erl:329: :proc_lib.init_p_do_apply/3
Queue: [internal: {:connect, :init}]
Postponed: []
State: Postgrex.Protocol
Callback mode: :handle_event_function, state_enter: false
2025-09-30T14:54:37.989 application=db_connection [error] Postgrex.Protocol (#PID<0.216.0>) failed to connect: ** (DBConnection.ConnectionError) tcp connect (db:5432): non-existing domain - :nxdomain
2025-09-30T14:54:37.989 application=db_connection [error] Postgrex.Protocol (#PID<0.201.0>) failed to connect: ** (DBConnection.ConnectionError) tcp connect (db:5432): non-existing domain - :nxdomain
2025-09-30T14:54:37.989 application=db_connection [error] Postgrex.Protocol (#PID<0.195.0>) failed to connect: ** (DBConnection.ConnectionError) tcp connect (db:5432): non-existing domain - :nxdomain
2025-09-30T14:54:37.989 [error] :gen_statem #PID<0.216.0> terminating
** (DBConnection.ConnectionError) tcp connect (db:5432): non-existing domain - :nxdomain
    (db_connection 2.8.0) lib/db_connection/connection.ex:104: DBConnection.Connection.handle_event/4
    (stdlib 6.2.2) gen_statem.erl:3737: :gen_statem.loop_state_callback/11
    (stdlib 6.2.2) proc_lib.erl:329: :proc_lib.init_p_do_apply/3
Queue: [internal: {:connect, :init}]
Postponed: []
State: Postgrex.Protocol
Callback mode: :handle_event_function, state_enter: false
2025-09-30T14:54:40.733 application=db_connection [error] Postgrex.Protocol (#PID<0.196.0>) failed to connect: ** (DBConnection.ConnectionError) tcp connect (db:5432): non-existing domain - :nxdomain
2025-09-30T14:54:40.733 application=db_connection [error] Postgrex.Protocol (#PID<0.220.0>) failed to connect: ** (DBConnection.ConnectionError) tcp connect (db:5432): non-existing domain - :nxdomain
2025-09-30T14:54:40.733 application=db_connection [error] Postgrex.Protocol (#PID<0.200.0>) failed to connect: ** (DBConnection.ConnectionError) tcp connect (db:5432): non-existing domain - :nxdomain
2025-09-30T14:54:40.733 application=db_connection [error] Postgrex.Protocol (#PID<0.201.0>) failed to connect: ** (DBConnection.ConnectionError) tcp connect (db:5432): non-existing domain - :nxdomain
2025-09-30T14:54:40.733 [error] :gen_statem #PID<0.220.0> terminating
** (DBConnection.ConnectionError) tcp connect (db:5432): non-existing domain - :nxdomain
    (db_connection 2.8.0) lib/db_connection/connection.ex:104: DBConnection.Connection.handle_event/4
    (stdlib 6.2.2) gen_statem.erl:3737: :gen_statem.loop_state_callback/11
    (stdlib 6.2.2) proc_lib.erl:329: :proc_lib.init_p_do_apply/3
Queue: [internal: {:connect, :init}]
Postponed: []
State: Postgrex.Protocol
Callback mode: :handle_event_function, state_enter: false
2025-09-30T14:54:45.215 application=ecto_sql [error] Could not create schema migrations table. This error usually happens due to the following:

  * The database does not exist
  * The "schema_migrations" table, which Ecto uses for managing
    migrations, was defined by another library
  * There is a deadlock while migrating (such as using concurrent
    indexes with a migration_lock)

To fix the first issue, run "mix ecto.create" for the desired MIX_ENV.

To address the second, you can run "mix ecto.drop" followed by
"mix ecto.create", both for the desired MIX_ENV. Alternatively you may
configure Ecto to use another table and/or repository for managing
migrations:

    config :explorer, Explorer.Repo,
      migration_source: "some_other_table_for_schema_migrations",
      migration_repo: AnotherRepoForSchemaMigrations

The full error report is shown below.

2025-09-30T14:54:55.777 application=db_connection [error] Postgrex.Protocol (#PID<0.196.0>) failed to connect: ** (DBConnection.ConnectionError) tcp connect (db:5432): non-existing domain - :nxdomain
2025-09-30T14:54:55.777 application=db_connection [error] Postgrex.Protocol (#PID<0.207.0>) failed to connect: ** (DBConnection.ConnectionError) tcp connect (db:5432): non-existing domain - :nxdomain
2025-09-30T14:54:55.777 application=db_connection [error] Postgrex.Protocol (#PID<0.200.0>) failed to connect: ** (DBConnection.ConnectionError) tcp connect (db:5432): non-existing domain - :nxdomain
2025-09-30T14:54:55.777 application=db_connection [error] Postgrex.Protocol (#PID<0.201.0>) failed to connect: ** (DBConnection.ConnectionError) tcp connect (db:5432): non-existing domain - :nxdomain
2025-09-30T14:54:55.777 application=db_connection [error] Postgrex.Protocol (#PID<0.195.0>) failed to connect: ** (DBConnection.ConnectionError) tcp connect (db:5432): non-existing domain - :nxdomain
2025-09-30T14:54:55.784 [error] :gen_statem #PID<0.207.0> terminating
** (DBConnection.ConnectionError) tcp connect (db:5432): non-existing domain - :nxdomain
    (db_connection 2.8.0) lib/db_connection/connection.ex:104: DBConnection.Connection.handle_event/4
    (stdlib 6.2.2) gen_statem.erl:3737: :gen_statem.loop_state_callback/11
    (stdlib 6.2.2) proc_lib.erl:329: :proc_lib.init_p_do_apply/3
Queue: [internal: {:connect, :init}]
Postponed: []
State: Postgrex.Protocol
Callback mode: :handle_event_function, state_enter: false
2025-09-30T14:54:59.655 application=db_connection [error] Postgrex.Protocol (#PID<0.195.0>) failed to connect: ** (DBConnection.ConnectionError) tcp connect (db:5432): non-existing domain - :nxdomain
2025-09-30T14:54:59.655 application=db_connection [error] Postgrex.Protocol (#PID<0.212.0>) failed to connect: ** (DBConnection.ConnectionError) tcp connect (db:5432): non-existing domain - :nxdomain
2025-09-30T14:54:59.656 application=db_connection [error] Postgrex.Protocol (#PID<0.200.0>) failed to connect: ** (DBConnection.ConnectionError) tcp connect (db:5432): non-existing domain - :nxdomain
2025-09-30T14:54:59.656 application=db_connection [error] Postgrex.Protocol (#PID<0.201.0>) failed to connect: ** (DBConnection.ConnectionError) tcp connect (db:5432): non-existing domain - :nxdomain
2025-09-30T14:54:59.656 application=db_connection [error] Postgrex.Protocol (#PID<0.196.0>) failed to connect: ** (DBConnection.ConnectionError) tcp connect (db:5432): non-existing domain - :nxdomain
2025-09-30T14:54:59.655 [error] :gen_statem #PID<0.212.0> terminating
** (DBConnection.ConnectionError) tcp connect (db:5432): non-existing domain - :nxdomain
    (db_connection 2.8.0) lib/db_connection/connection.ex:104: DBConnection.Connection.handle_event/4
    (stdlib 6.2.2) gen_statem.erl:3737: :gen_statem.loop_state_callback/11
    (stdlib 6.2.2) proc_lib.erl:329: :proc_lib.init_p_do_apply/3
Queue: [internal: {:connect, :init}]
Postponed: []
State: Postgrex.Protocol
Callback mode: :handle_event_function, state_enter: false
2025-09-30T14:55:03.514 application=db_connection [error] Postgrex.Protocol (#PID<0.216.0>) failed to connect: ** (DBConnection.ConnectionError) tcp connect (db:5432): non-existing domain - :nxdomain
2025-09-30T14:55:03.514 application=db_connection [error] Postgrex.Protocol (#PID<0.195.0>) failed to connect: ** (DBConnection.ConnectionError) tcp connect (db:5432): non-existing domain - :nxdomain
2025-09-30T14:55:03.514 application=db_connection [error] Postgrex.Protocol (#PID<0.200.0>) failed to connect: ** (DBConnection.ConnectionError) tcp connect (db:5432): non-existing domain - :nxdomain
2025-09-30T14:55:03.514 [error] :gen_statem #PID<0.216.0> terminating
** (DBConnection.ConnectionError) tcp connect (db:5432): non-existing domain - :nxdomain
    (db_connection 2.8.0) lib/db_connection/connection.ex:104: DBConnection.Connection.handle_event/4
    (stdlib 6.2.2) gen_statem.erl:3737: :gen_statem.loop_state_callback/11
    (stdlib 6.2.2) proc_lib.erl:329: :proc_lib.init_p_do_apply/3
Queue: [internal: {:connect, :init}]
Postponed: []
State: Postgrex.Protocol
Callback mode: :handle_event_function, state_enter: false
2025-09-30T14:55:07.379 application=db_connection [error] Postgrex.Protocol (#PID<0.201.0>) failed to connect: ** (DBConnection.ConnectionError) tcp connect (db:5432): non-existing domain - :nxdomain
2025-09-30T14:55:07.379 application=db_connection [error] Postgrex.Protocol (#PID<0.220.0>) failed to connect: ** (DBConnection.ConnectionError) tcp connect (db:5432): non-existing domain - :nxdomain
2025-09-30T14:55:07.380 application=db_connection [error] Postgrex.Protocol (#PID<0.196.0>) failed to connect: ** (DBConnection.ConnectionError) tcp connect (db:5432): non-existing domain - :nxdomain
2025-09-30T14:55:07.379 [error] :gen_statem #PID<0.220.0> terminating
** (DBConnection.ConnectionError) tcp connect (db:5432): non-existing domain - :nxdomain
    (db_connection 2.8.0) lib/db_connection/connection.ex:104: DBConnection.Connection.handle_event/4
    (stdlib 6.2.2) gen_statem.erl:3737: :gen_statem.loop_state_callback/11
    (stdlib 6.2.2) proc_lib.erl:329: :proc_lib.init_p_do_apply/3
Queue: [internal: {:connect, :init}]
Postponed: []
State: Postgrex.Protocol
Callback mode: :handle_event_function, state_enter: false
2025-09-30T14:55:10.745 application=ecto_sql [error] Could not create schema migrations table. This error usually happens due to the following:

  * The database does not exist
  * The "schema_migrations" table, which Ecto uses for managing
    migrations, was defined by another library
  * There is a deadlock while migrating (such as using concurrent
    indexes with a migration_lock)

To fix the first issue, run "mix ecto.create" for the desired MIX_ENV.

To address the second, you can run "mix ecto.drop" followed by
"mix ecto.create", both for the desired MIX_ENV. Alternatively you may
configure Ecto to use another table and/or repository for managing
migrations:

    config :explorer, Explorer.Repo,
      migration_source: "some_other_table_for_schema_migrations",
      migration_repo: AnotherRepoForSchemaMigrations

The full error report is shown below.

2025-09-30T14:55:19.428 application=db_connection [error] Postgrex.Protocol (#PID<0.195.0>) failed to connect: ** (DBConnection.ConnectionError) tcp connect (db:5432): non-existing domain - :nxdomain
2025-09-30T14:55:19.427 application=db_connection [error] Postgrex.Protocol (#PID<0.200.0>) failed to connect: ** (DBConnection.ConnectionError) tcp connect (db:5432): non-existing domain - :nxdomain
2025-09-30T14:55:19.427 application=db_connection [error] Postgrex.Protocol (#PID<0.196.0>) failed to connect: ** (DBConnection.ConnectionError) tcp connect (db:5432): non-existing domain - :nxdomain
2025-09-30T14:55:19.427 application=db_connection [error] Postgrex.Protocol (#PID<0.207.0>) failed to connect: ** (DBConnection.ConnectionError) tcp connect (db:5432): non-existing domain - :nxdomain
2025-09-30T14:55:19.427 application=db_connection [error] Postgrex.Protocol (#PID<0.201.0>) failed to connect: ** (DBConnection.ConnectionError) tcp connect (db:5432): non-existing domain - :nxdomain
2025-09-30T14:55:19.437 [error] :gen_statem #PID<0.207.0> terminating
** (DBConnection.ConnectionError) tcp connect (db:5432): non-existing domain - :nxdomain
    (db_connection 2.8.0) lib/db_connection/connection.ex:104: DBConnection.Connection.handle_event/4
    (stdlib 6.2.2) gen_statem.erl:3737: :gen_statem.loop_state_callback/11
    (stdlib 6.2.2) proc_lib.erl:329: :proc_lib.init_p_do_apply/3
Queue: [internal: {:connect, :init}]
Postponed: []
State: Postgrex.Protocol
Callback mode: :handle_event_function, state_enter: false
2025-09-30T14:55:23.312 application=db_connection [error] Postgrex.Protocol (#PID<0.212.0>) failed to connect: ** (DBConnection.ConnectionError) tcp connect (db:5432): non-existing domain - :nxdomain
2025-09-30T14:55:23.312 application=db_connection [error] Postgrex.Protocol (#PID<0.200.0>) failed to connect: ** (DBConnection.ConnectionError) tcp connect (db:5432): non-existing domain - :nxdomain
2025-09-30T14:55:23.312 application=db_connection [error] Postgrex.Protocol (#PID<0.195.0>) failed to connect: ** (DBConnection.ConnectionError) tcp connect (db:5432): non-existing domain - :nxdomain
2025-09-30T14:55:23.312 application=db_connection [error] Postgrex.Protocol (#PID<0.196.0>) failed to connect: ** (DBConnection.ConnectionError) tcp connect (db:5432): non-existing domain - :nxdomain
2025-09-30T14:55:23.312 application=db_connection [error] Postgrex.Protocol (#PID<0.201.0>) failed to connect: ** (DBConnection.ConnectionError) tcp connect (db:5432): non-existing domain - :nxdomain
2025-09-30T14:55:23.312 [error] :gen_statem #PID<0.212.0> terminating
** (DBConnection.ConnectionError) tcp connect (db:5432): non-existing domain - :nxdomain
    (db_connection 2.8.0) lib/db_connection/connection.ex:104: DBConnection.Connection.handle_event/4
    (stdlib 6.2.2) gen_statem.erl:3737: :gen_statem.loop_state_callback/11
    (stdlib 6.2.2) proc_lib.erl:329: :proc_lib.init_p_do_apply/3
Queue: [internal: {:connect, :init}]
Postponed: []
State: Postgrex.Protocol
Callback mode: :handle_event_function, state_enter: false
2025-09-30T14:55:27.174 application=db_connection [error] Postgrex.Protocol (#PID<0.216.0>) failed to connect: ** (DBConnection.ConnectionError) tcp connect (db:5432): non-existing domain - :nxdomain
2025-09-30T14:55:27.175 application=db_connection [error] Postgrex.Protocol (#PID<0.200.0>) failed to connect: ** (DBConnection.ConnectionError) tcp connect (db:5432): non-existing domain - :nxdomain
2025-09-30T14:55:27.174 [error] :gen_statem #PID<0.216.0> terminating
** (DBConnection.ConnectionError) tcp connect (db:5432): non-existing domain - :nxdomain
    (db_connection 2.8.0) lib/db_connection/connection.ex:104: DBConnection.Connection.handle_event/4
    (stdlib 6.2.2) gen_statem.erl:3737: :gen_statem.loop_state_callback/11
    (stdlib 6.2.2) proc_lib.erl:329: :proc_lib.init_p_do_apply/3
Queue: [internal: {:connect, :init}]
Postponed: []
State: Postgrex.Protocol
Callback mode: :handle_event_function, state_enter: false
2025-09-30T14:55:31.029 application=db_connection [error] Postgrex.Protocol (#PID<0.195.0>) failed to connect: ** (DBConnection.ConnectionError) tcp connect (db:5432): non-existing domain - :nxdomain
2025-09-30T14:55:31.029 application=db_connection [error] Postgrex.Protocol (#PID<0.220.0>) failed to connect: ** (DBConnection.ConnectionError) tcp connect (db:5432): non-existing domain - :nxdomain
2025-09-30T14:55:31.029 application=db_connection [error] Postgrex.Protocol (#PID<0.201.0>) failed to connect: ** (DBConnection.ConnectionError) tcp connect (db:5432): non-existing domain - :nxdomain
2025-09-30T14:55:31.029 [error] :gen_statem #PID<0.220.0> terminating
** (DBConnection.ConnectionError) tcp connect (db:5432): non-existing domain - :nxdomain
    (db_connection 2.8.0) lib/db_connection/connection.ex:104: DBConnection.Connection.handle_event/4
    (stdlib 6.2.2) gen_statem.erl:3737: :gen_statem.loop_state_callback/11
    (stdlib 6.2.2) proc_lib.erl:329: :proc_lib.init_p_do_apply/3
Queue: [internal: {:connect, :init}]
Postponed: []
State: Postgrex.Protocol
Callback mode: :handle_event_function, state_enter: false
2025-09-30T14:55:35.022 application=db_connection [error] Postgrex.Protocol (#PID<0.196.0>) failed to connect: ** (DBConnection.ConnectionError) tcp connect (db:5432): non-existing domain - :nxdomain
2025-09-30T14:55:35.022 application=db_connection [error] Postgrex.Protocol (#PID<0.200.0>) failed to connect: ** (DBConnection.ConnectionError) tcp connect (db:5432): non-existing domain - :nxdomain
2025-09-30T14:55:35.537 application=ecto_sql [error] Could not create schema migrations table. This error usually happens due to the following:

  * The database does not exist
  * The "schema_migrations" table, which Ecto uses for managing
    migrations, was defined by another library
  * There is a deadlock while migrating (such as using concurrent
    indexes with a migration_lock)

To fix the first issue, run "mix ecto.create" for the desired MIX_ENV.

To address the second, you can run "mix ecto.drop" followed by
"mix ecto.create", both for the desired MIX_ENV. Alternatively you may
configure Ecto to use another table and/or repository for managing
migrations:

    config :explorer, Explorer.Repo,
      migration_source: "some_other_table_for_schema_migrations",
      migration_repo: AnotherRepoForSchemaMigrations

The full error report is shown below.

2025-09-30T14:55:44.451 application=db_connection [error] Postgrex.Protocol (#PID<0.195.0>) failed to connect: ** (DBConnection.ConnectionError) tcp connect (db:5432): non-existing domain - :nxdomain
2025-09-30T14:55:44.451 application=db_connection [error] Postgrex.Protocol (#PID<0.207.0>) failed to connect: ** (DBConnection.ConnectionError) tcp connect (db:5432): non-existing domain - :nxdomain
2025-09-30T14:55:44.451 application=db_connection [error] Postgrex.Protocol (#PID<0.201.0>) failed to connect: ** (DBConnection.ConnectionError) tcp connect (db:5432): non-existing domain - :nxdomain
2025-09-30T14:55:44.451 application=db_connection [error] Postgrex.Protocol (#PID<0.200.0>) failed to connect: ** (DBConnection.ConnectionError) tcp connect (db:5432): non-existing domain - :nxdomain
2025-09-30T14:55:44.451 application=db_connection [error] Postgrex.Protocol (#PID<0.196.0>) failed to connect: ** (DBConnection.ConnectionError) tcp connect (db:5432): non-existing domain - :nxdomain
2025-09-30T14:55:44.459 [error] :gen_statem #PID<0.207.0> terminating
** (DBConnection.ConnectionError) tcp connect (db:5432): non-existing domain - :nxdomain
    (db_connection 2.8.0) lib/db_connection/connection.ex:104: DBConnection.Connection.handle_event/4
    (stdlib 6.2.2) gen_statem.erl:3737: :gen_statem.loop_state_callback/11
    (stdlib 6.2.2) proc_lib.erl:329: :proc_lib.init_p_do_apply/3
Queue: [internal: {:connect, :init}]
Postponed: []
State: Postgrex.Protocol
Callback mode: :handle_event_function, state_enter: false
2025-09-30T14:55:48.349 application=db_connection [error] Postgrex.Protocol (#PID<0.200.0>) failed to connect: ** (DBConnection.ConnectionError) tcp connect (db:5432): non-existing domain - :nxdomain
2025-09-30T14:55:48.349 application=db_connection [error] Postgrex.Protocol (#PID<0.212.0>) failed to connect: ** (DBConnection.ConnectionError) tcp connect (db:5432): non-existing domain - :nxdomain
2025-09-30T14:55:48.349 application=db_connection [error] Postgrex.Protocol (#PID<0.195.0>) failed to connect: ** (DBConnection.ConnectionError) tcp connect (db:5432): non-existing domain - :nxdomain
2025-09-30T14:55:48.350 application=db_connection [error] Postgrex.Protocol (#PID<0.196.0>) failed to connect: ** (DBConnection.ConnectionError) tcp connect (db:5432): non-existing domain - :nxdomain
2025-09-30T14:55:48.350 application=db_connection [error] Postgrex.Protocol (#PID<0.201.0>) failed to connect: ** (DBConnection.ConnectionError) tcp connect (db:5432): non-existing domain - :nxdomain
2025-09-30T14:55:48.349 [error] :gen_statem #PID<0.212.0> terminating
** (DBConnection.ConnectionError) tcp connect (db:5432): non-existing domain - :nxdomain
    (db_connection 2.8.0) lib/db_connection/connection.ex:104: DBConnection.Connection.handle_event/4
    (stdlib 6.2.2) gen_statem.erl:3737: :gen_statem.loop_state_callback/11
    (stdlib 6.2.2) proc_lib.erl:329: :proc_lib.init_p_do_apply/3
Queue: [internal: {:connect, :init}]
Postponed: []
State: Postgrex.Protocol
Callback mode: :handle_event_function, state_enter: false
2025-09-30T14:55:52.229 application=db_connection [error] Postgrex.Protocol (#PID<0.195.0>) failed to connect: ** (DBConnection.ConnectionError) tcp connect (db:5432): non-existing domain - :nxdomain
2025-09-30T14:55:52.229 application=db_connection [error] Postgrex.Protocol (#PID<0.216.0>) failed to connect: ** (DBConnection.ConnectionError) tcp connect (db:5432): non-existing domain - :nxdomain
2025-09-30T14:55:52.229 application=db_connection [error] Postgrex.Protocol (#PID<0.201.0>) failed to connect: ** (DBConnection.ConnectionError) tcp connect (db:5432): non-existing domain - :nxdomain
2025-09-30T14:55:52.229 application=db_connection [error] Postgrex.Protocol (#PID<0.196.0>) failed to connect: ** (DBConnection.ConnectionError) tcp connect (db:5432): non-existing domain - :nxdomain
2025-09-30T14:55:52.229 application=db_connection [error] Postgrex.Protocol (#PID<0.200.0>) failed to connect: ** (DBConnection.ConnectionError) tcp connect (db:5432): non-existing domain - :nxdomain
2025-09-30T14:55:52.229 [error] :gen_statem #PID<0.216.0> terminating
** (DBConnection.ConnectionError) tcp connect (db:5432): non-existing domain - :nxdomain
    (db_connection 2.8.0) lib/db_connection/connection.ex:104: DBConnection.Connection.handle_event/4
    (stdlib 6.2.2) gen_statem.erl:3737: :gen_statem.loop_state_callback/11
    (stdlib 6.2.2) proc_lib.erl:329: :proc_lib.init_p_do_apply/3
Queue: [internal: {:connect, :init}]
Postponed: []
State: Postgrex.Protocol
Callback mode: :handle_event_function, state_enter: false
2025-09-30T14:55:56.101 application=db_connection [error] Postgrex.Protocol (#PID<0.220.0>) failed to connect: ** (DBConnection.ConnectionError) tcp connect (db:5432): non-existing domain - :nxdomain
2025-09-30T14:55:56.101 [error] :gen_statem #PID<0.220.0> terminating
** (DBConnection.ConnectionError) tcp connect (db:5432): non-existing domain - :nxdomain
    (db_connection 2.8.0) lib/db_connection/connection.ex:104: DBConnection.Connection.handle_event/4
    (stdlib 6.2.2) gen_statem.erl:3737: :gen_statem.loop_state_callback/11
    (stdlib 6.2.2) proc_lib.erl:329: :proc_lib.init_p_do_apply/3
Queue: [internal: {:connect, :init}]
Postponed: []
State: Postgrex.Protocol
Callback mode: :handle_event_function, state_enter: false
2025-09-30T14:56:00.250 application=db_connection [error] Postgrex.Protocol (#PID<0.195.0>) failed to connect: ** (DBConnection.ConnectionError) tcp connect (db:5432): non-existing domain - :nxdomain
2025-09-30T14:56:00.250 application=db_connection [error] Postgrex.Protocol (#PID<0.201.0>) failed to connect: ** (DBConnection.ConnectionError) tcp connect (db:5432): non-existing domain - :nxdomain
2025-09-30T14:56:00.250 application=db_connection [error] Postgrex.Protocol (#PID<0.200.0>) failed to connect: ** (DBConnection.ConnectionError) tcp connect (db:5432): non-existing domain - :nxdomain
2025-09-30T14:56:00.551 application=ecto_sql [error] Could not create schema migrations table. This error usually happens due to the following:

  * The database does not exist
  * The "schema_migrations" table, which Ecto uses for managing
    migrations, was defined by another library
  * There is a deadlock while migrating (such as using concurrent
    indexes with a migration_lock)

To fix the first issue, run "mix ecto.create" for the desired MIX_ENV.

To address the second, you can run "mix ecto.drop" followed by
"mix ecto.create", both for the desired MIX_ENV. Alternatively you may
configure Ecto to use another table and/or repository for managing
migrations:

    config :explorer, Explorer.Repo,
      migration_source: "some_other_table_for_schema_migrations",
      migration_repo: AnotherRepoForSchemaMigrations

The full error report is shown below.

2025-09-30T14:56:08.831 application=db_connection [error] Postgrex.Protocol (#PID<0.207.0>) failed to connect: ** (DBConnection.ConnectionError) tcp connect (db:5432): non-existing domain - :nxdomain
2025-09-30T14:56:08.831 application=db_connection [error] Postgrex.Protocol (#PID<0.195.0>) failed to connect: ** (DBConnection.ConnectionError) tcp connect (db:5432): non-existing domain - :nxdomain
2025-09-30T14:56:08.831 application=db_connection [error] Postgrex.Protocol (#PID<0.196.0>) failed to connect: ** (DBConnection.ConnectionError) tcp connect (db:5432): non-existing domain - :nxdomain
2025-09-30T14:56:08.831 application=db_connection [error] Postgrex.Protocol (#PID<0.202.0>) failed to connect: ** (DBConnection.ConnectionError) tcp connect (db:5432): non-existing domain - :nxdomain
2025-09-30T14:56:08.831 application=db_connection [error] Postgrex.Protocol (#PID<0.203.0>) failed to connect: ** (DBConnection.ConnectionError) tcp connect (db:5432): non-existing domain - :nxdomain
2025-09-30T14:56:08.841 [error] :gen_statem #PID<0.207.0> terminating
** (DBConnection.ConnectionError) tcp connect (db:5432): non-existing domain - :nxdomain
    (db_connection 2.8.0) lib/db_connection/connection.ex:104: DBConnection.Connection.handle_event/4
    (stdlib 6.2.2) gen_statem.erl:3737: :gen_statem.loop_state_callback/11
    (stdlib 6.2.2) proc_lib.erl:329: :proc_lib.init_p_do_apply/3
Queue: [internal: {:connect, :init}]
Postponed: []
State: Postgrex.Protocol
Callback mode: :handle_event_function, state_enter: false
2025-09-30T14:56:12.728 application=db_connection [error] Postgrex.Protocol (#PID<0.212.0>) failed to connect: ** (DBConnection.ConnectionError) tcp connect (db:5432): non-existing domain - :nxdomain
2025-09-30T14:56:12.728 application=db_connection [error] Postgrex.Protocol (#PID<0.196.0>) failed to connect: ** (DBConnection.ConnectionError) tcp connect (db:5432): non-existing domain - :nxdomain
2025-09-30T14:56:12.729 application=db_connection [error] Postgrex.Protocol (#PID<0.202.0>) failed to connect: ** (DBConnection.ConnectionError) tcp connect (db:5432): non-existing domain - :nxdomain
2025-09-30T14:56:12.729 application=db_connection [error] Postgrex.Protocol (#PID<0.195.0>) failed to connect: ** (DBConnection.ConnectionError) tcp connect (db:5432): non-existing domain - :nxdomain
2025-09-30T14:56:12.729 application=db_connection [error] Postgrex.Protocol (#PID<0.203.0>) failed to connect: ** (DBConnection.ConnectionError) tcp connect (db:5432): non-existing domain - :nxdomain
2025-09-30T14:56:12.729 [error] :gen_statem #PID<0.212.0> terminating
** (DBConnection.ConnectionError) tcp connect (db:5432): non-existing domain - :nxdomain
    (db_connection 2.8.0) lib/db_connection/connection.ex:104: DBConnection.Connection.handle_event/4
    (stdlib 6.2.2) gen_statem.erl:3737: :gen_statem.loop_state_callback/11
    (stdlib 6.2.2) proc_lib.erl:329: :proc_lib.init_p_do_apply/3
Queue: [internal: {:connect, :init}]
Postponed: []
State: Postgrex.Protocol
Callback mode: :handle_event_function, state_enter: false
2025-09-30T14:56:16.591 application=db_connection [error] Postgrex.Protocol (#PID<0.195.0>) failed to connect: ** (DBConnection.ConnectionError) tcp connect (db:5432): non-existing domain - :nxdomain
2025-09-30T14:56:16.591 application=db_connection [error] Postgrex.Protocol (#PID<0.216.0>) failed to connect: ** (DBConnection.ConnectionError) tcp connect (db:5432): non-existing domain - :nxdomain
2025-09-30T14:56:16.591 application=db_connection [error] Postgrex.Protocol (#PID<0.202.0>) failed to connect: ** (DBConnection.ConnectionError) tcp connect (db:5432): non-existing domain - :nxdomain
2025-09-30T14:56:16.591 application=db_connection [error] Postgrex.Protocol (#PID<0.203.0>) failed to connect: ** (DBConnection.ConnectionError) tcp connect (db:5432): non-existing domain - :nxdomain
2025-09-30T14:56:16.591 [error] :gen_statem #PID<0.216.0> terminating
** (DBConnection.ConnectionError) tcp connect (db:5432): non-existing domain - :nxdomain
    (db_connection 2.8.0) lib/db_connection/connection.ex:104: DBConnection.Connection.handle_event/4
    (stdlib 6.2.2) gen_statem.erl:3737: :gen_statem.loop_state_callback/11
    (stdlib 6.2.2) proc_lib.erl:329: :proc_lib.init_p_do_apply/3
Queue: [internal: {:connect, :init}]
Postponed: []
State: Postgrex.Protocol
Callback mode: :handle_event_function, state_enter: false
2025-09-30T14:56:20.471 application=db_connection [error] Postgrex.Protocol (#PID<0.196.0>) failed to connect: ** (DBConnection.ConnectionError) tcp connect (db:5432): non-existing domain - :nxdomain
2025-09-30T14:56:20.471 application=db_connection [error] Postgrex.Protocol (#PID<0.220.0>) failed to connect: ** (DBConnection.ConnectionError) tcp connect (db:5432): non-existing domain - :nxdomain
2025-09-30T14:56:20.471 application=db_connection [error] Postgrex.Protocol (#PID<0.195.0>) failed to connect: ** (DBConnection.ConnectionError) tcp connect (db:5432): non-existing domain - :nxdomain
2025-09-30T14:56:20.471 [error] :gen_statem #PID<0.220.0> terminating
** (DBConnection.ConnectionError) tcp connect (db:5432): non-existing domain - :nxdomain
    (db_connection 2.8.0) lib/db_connection/connection.ex:104: DBConnection.Connection.handle_event/4
    (stdlib 6.2.2) gen_statem.erl:3737: :gen_statem.loop_state_callback/11
    (stdlib 6.2.2) proc_lib.erl:329: :proc_lib.init_p_do_apply/3
Queue: [internal: {:connect, :init}]
Postponed: []
State: Postgrex.Protocol
Callback mode: :handle_event_function, state_enter: false
2025-09-30T14:56:24.943 application=ecto_sql [error] Could not create schema migrations table. This error usually happens due to the following:

  * The database does not exist
  * The "schema_migrations" table, which Ecto uses for managing
    migrations, was defined by another library
  * There is a deadlock while migrating (such as using concurrent
    indexes with a migration_lock)

To fix the first issue, run "mix ecto.create" for the desired MIX_ENV.

To address the second, you can run "mix ecto.drop" followed by
"mix ecto.create", both for the desired MIX_ENV. Alternatively you may
configure Ecto to use another table and/or repository for managing
migrations:

    config :explorer, Explorer.Repo,
      migration_source: "some_other_table_for_schema_migrations",
      migration_repo: AnotherRepoForSchemaMigrations

The full error report is shown below.

2025-09-30T14:56:33.902 application=db_connection [error] Postgrex.Protocol (#PID<0.201.0>) failed to connect: ** (DBConnection.ConnectionError) tcp connect (db:5432): non-existing domain - :nxdomain
2025-09-30T14:56:33.902 application=db_connection [error] Postgrex.Protocol (#PID<0.195.0>) failed to connect: ** (DBConnection.ConnectionError) tcp connect (db:5432): non-existing domain - :nxdomain
2025-09-30T14:56:33.902 application=db_connection [error] Postgrex.Protocol (#PID<0.196.0>) failed to connect: ** (DBConnection.ConnectionError) tcp connect (db:5432): non-existing domain - :nxdomain
2025-09-30T14:56:33.902 application=db_connection [error] Postgrex.Protocol (#PID<0.207.0>) failed to connect: ** (DBConnection.ConnectionError) tcp connect (db:5432): non-existing domain - :nxdomain
2025-09-30T14:56:33.902 application=db_connection [error] Postgrex.Protocol (#PID<0.200.0>) failed to connect: ** (DBConnection.ConnectionError) tcp connect (db:5432): non-existing domain - :nxdomain
2025-09-30T14:56:33.917 [error] :gen_statem #PID<0.207.0> terminating
** (DBConnection.ConnectionError) tcp connect (db:5432): non-existing domain - :nxdomain
    (db_connection 2.8.0) lib/db_connection/connection.ex:104: DBConnection.Connection.handle_event/4
    (stdlib 6.2.2) gen_statem.erl:3737: :gen_statem.loop_state_callback/11
    (stdlib 6.2.2) proc_lib.erl:329: :proc_lib.init_p_do_apply/3
Queue: [internal: {:connect, :init}]
Postponed: []
State: Postgrex.Protocol
Callback mode: :handle_event_function, state_enter: false
2025-09-30T14:56:36.672 application=db_connection [error] Postgrex.Protocol (#PID<0.212.0>) failed to connect: ** (DBConnection.ConnectionError) tcp connect (db:5432): non-existing domain - :nxdomain
2025-09-30T14:56:36.674 application=db_connection [error] Postgrex.Protocol (#PID<0.195.0>) failed to connect: ** (DBConnection.ConnectionError) tcp connect (db:5432): non-existing domain - :nxdomain
2025-09-30T14:56:36.674 application=db_connection [error] Postgrex.Protocol (#PID<0.200.0>) failed to connect: ** (DBConnection.ConnectionError) tcp connect (db:5432): non-existing domain - :nxdomain
2025-09-30T14:56:36.674 application=db_connection [error] Postgrex.Protocol (#PID<0.196.0>) failed to connect: ** (DBConnection.ConnectionError) tcp connect (db:5432): non-existing domain - :nxdomain
2025-09-30T14:56:36.675 application=db_connection [error] Postgrex.Protocol (#PID<0.201.0>) failed to connect: ** (DBConnection.ConnectionError) tcp connect (db:5432): non-existing domain - :nxdomain
2025-09-30T14:56:36.673 [error] :gen_statem #PID<0.212.0> terminating
** (DBConnection.ConnectionError) tcp connect (db:5432): non-existing domain - :nxdomain
    (db_connection 2.8.0) lib/db_connection/connection.ex:104: DBConnection.Connection.handle_event/4
    (stdlib 6.2.2) gen_statem.erl:3737: :gen_statem.loop_state_callback/11
    (stdlib 6.2.2) proc_lib.erl:329: :proc_lib.init_p_do_apply/3
Queue: [internal: {:connect, :init}]
Postponed: []
State: Postgrex.Protocol
Callback mode: :handle_event_function, state_enter: false
2025-09-30T14:56:40.538 application=db_connection [error] Postgrex.Protocol (#PID<0.216.0>) failed to connect: ** (DBConnection.ConnectionError) tcp connect (db:5432): non-existing domain - :nxdomain
2025-09-30T14:56:40.539 application=db_connection [error] Postgrex.Protocol (#PID<0.195.0>) failed to connect: ** (DBConnection.ConnectionError) tcp connect (db:5432): non-existing domain - :nxdomain
2025-09-30T14:56:40.539 application=db_connection [error] Postgrex.Protocol (#PID<0.200.0>) failed to connect: ** (DBConnection.ConnectionError) tcp connect (db:5432): non-existing domain - :nxdomain
2025-09-30T14:56:40.539 [error] :gen_statem #PID<0.216.0> terminating
** (DBConnection.ConnectionError) tcp connect (db:5432): non-existing domain - :nxdomain
    (db_connection 2.8.0) lib/db_connection/connection.ex:104: DBConnection.Connection.handle_event/4
    (stdlib 6.2.2) gen_statem.erl:3737: :gen_statem.loop_state_callback/11
    (stdlib 6.2.2) proc_lib.erl:329: :proc_lib.init_p_do_apply/3
Queue: [internal: {:connect, :init}]
Postponed: []
State: Postgrex.Protocol
Callback mode: :handle_event_function, state_enter: false
2025-09-30T14:56:44.404 application=db_connection [error] Postgrex.Protocol (#PID<0.220.0>) failed to connect: ** (DBConnection.ConnectionError) tcp connect (db:5432): non-existing domain - :nxdomain
2025-09-30T14:56:44.405 application=db_connection [error] Postgrex.Protocol (#PID<0.201.0>) failed to connect: ** (DBConnection.ConnectionError) tcp connect (db:5432): non-existing domain - :nxdomain
2025-09-30T14:56:44.405 application=db_connection [error] Postgrex.Protocol (#PID<0.196.0>) failed to connect: ** (DBConnection.ConnectionError) tcp connect (db:5432): non-existing domain - :nxdomain
2025-09-30T14:56:44.404 [error] :gen_statem #PID<0.220.0> terminating
** (DBConnection.ConnectionError) tcp connect (db:5432): non-existing domain - :nxdomain
    (db_connection 2.8.0) lib/db_connection/connection.ex:104: DBConnection.Connection.handle_event/4
    (stdlib 6.2.2) gen_statem.erl:3737: :gen_statem.loop_state_callback/11
    (stdlib 6.2.2) proc_lib.erl:329: :proc_lib.init_p_do_apply/3
Queue: [internal: {:connect, :init}]
Postponed: []
State: Postgrex.Protocol
Callback mode: :handle_event_function, state_enter: false
2025-09-30T14:56:48.860 application=ecto_sql [error] Could not create schema migrations table. This error usually happens due to the following:

  * The database does not exist
  * The "schema_migrations" table, which Ecto uses for managing
    migrations, was defined by another library
  * There is a deadlock while migrating (such as using concurrent
    indexes with a migration_lock)

To fix the first issue, run "mix ecto.create" for the desired MIX_ENV.

To address the second, you can run "mix ecto.drop" followed by
"mix ecto.create", both for the desired MIX_ENV. Alternatively you may
configure Ecto to use another table and/or repository for managing
migrations:

    config :explorer, Explorer.Repo,
      migration_source: "some_other_table_for_schema_migrations",
      migration_repo: AnotherRepoForSchemaMigrations

The full error report is shown below.

2025-09-30T14:56:58.403 application=db_connection [error] Postgrex.Protocol (#PID<0.195.0>) failed to connect: ** (DBConnection.ConnectionError) tcp connect (db:5432): non-existing domain - :nxdomain
2025-09-30T14:56:58.403 application=db_connection [error] Postgrex.Protocol (#PID<0.196.0>) failed to connect: ** (DBConnection.ConnectionError) tcp connect (db:5432): non-existing domain - :nxdomain
2025-09-30T14:56:58.403 application=db_connection [error] Postgrex.Protocol (#PID<0.200.0>) failed to connect: ** (DBConnection.ConnectionError) tcp connect (db:5432): non-existing domain - :nxdomain
2025-09-30T14:56:58.402 application=db_connection [error] Postgrex.Protocol (#PID<0.207.0>) failed to connect: ** (DBConnection.ConnectionError) tcp connect (db:5432): non-existing domain - :nxdomain
2025-09-30T14:56:58.402 application=db_connection [error] Postgrex.Protocol (#PID<0.201.0>) failed to connect: ** (DBConnection.ConnectionError) tcp connect (db:5432): non-existing domain - :nxdomain
2025-09-30T14:56:58.412 [error] :gen_statem #PID<0.207.0> terminating
** (DBConnection.ConnectionError) tcp connect (db:5432): non-existing domain - :nxdomain
    (db_connection 2.8.0) lib/db_connection/connection.ex:104: DBConnection.Connection.handle_event/4
    (stdlib 6.2.2) gen_statem.erl:3737: :gen_statem.loop_state_callback/11
    (stdlib 6.2.2) proc_lib.erl:329: :proc_lib.init_p_do_apply/3
Queue: [internal: {:connect, :init}]
Postponed: []
State: Postgrex.Protocol
Callback mode: :handle_event_function, state_enter: false
2025-09-30T14:57:02.281 application=db_connection [error] Postgrex.Protocol (#PID<0.212.0>) failed to connect: ** (DBConnection.ConnectionError) tcp connect (db:5432): non-existing domain - :nxdomain
2025-09-30T14:57:02.281 application=db_connection [error] Postgrex.Protocol (#PID<0.196.0>) failed to connect: ** (DBConnection.ConnectionError) tcp connect (db:5432): non-existing domain - :nxdomain
2025-09-30T14:57:02.281 application=db_connection [error] Postgrex.Protocol (#PID<0.195.0>) failed to connect: ** (DBConnection.ConnectionError) tcp connect (db:5432): non-existing domain - :nxdomain
2025-09-30T14:57:02.281 application=db_connection [error] Postgrex.Protocol (#PID<0.201.0>) failed to connect: ** (DBConnection.ConnectionError) tcp connect (db:5432): non-existing domain - :nxdomain
2025-09-30T14:57:02.281 application=db_connection [error] Postgrex.Protocol (#PID<0.200.0>) failed to connect: ** (DBConnection.ConnectionError) tcp connect (db:5432): non-existing domain - :nxdomain
2025-09-30T14:57:02.281 [error] :gen_statem #PID<0.212.0> terminating
** (DBConnection.ConnectionError) tcp connect (db:5432): non-existing domain - :nxdomain
    (db_connection 2.8.0) lib/db_connection/connection.ex:104: DBConnection.Connection.handle_event/4
    (stdlib 6.2.2) gen_statem.erl:3737: :gen_statem.loop_state_callback/11
    (stdlib 6.2.2) proc_lib.erl:329: :proc_lib.init_p_do_apply/3
Queue: [internal: {:connect, :init}]
Postponed: []
State: Postgrex.Protocol
Callback mode: :handle_event_function, state_enter: false
2025-09-30T14:57:05.584 application=db_connection [error] Postgrex.Protocol (#PID<0.216.0>) failed to connect: ** (DBConnection.ConnectionError) tcp connect (db:5432): non-existing domain - :nxdomain
2025-09-30T14:57:05.584 application=db_connection [error] Postgrex.Protocol (#PID<0.196.0>) failed to connect: ** (DBConnection.ConnectionError) tcp connect (db:5432): non-existing domain - :nxdomain
2025-09-30T14:57:05.584 application=db_connection [error] Postgrex.Protocol (#PID<0.195.0>) failed to connect: ** (DBConnection.ConnectionError) tcp connect (db:5432): non-existing domain - :nxdomain
2025-09-30T14:57:05.584 [error] :gen_statem #PID<0.216.0> terminating
** (DBConnection.ConnectionError) tcp connect (db:5432): non-existing domain - :nxdomain
    (db_connection 2.8.0) lib/db_connection/connection.ex:104: DBConnection.Connection.handle_event/4
    (stdlib 6.2.2) gen_statem.erl:3737: :gen_statem.loop_state_callback/11
    (stdlib 6.2.2) proc_lib.erl:329: :proc_lib.init_p_do_apply/3
Queue: [internal: {:connect, :init}]
Postponed: []
State: Postgrex.Protocol
Callback mode: :handle_event_function, state_enter: false
2025-09-30T14:57:08.853 application=db_connection [error] Postgrex.Protocol (#PID<0.201.0>) failed to connect: ** (DBConnection.ConnectionError) tcp connect (db:5432): non-existing domain - :nxdomain
2025-09-30T14:57:08.853 application=db_connection [error] Postgrex.Protocol (#PID<0.220.0>) failed to connect: ** (DBConnection.ConnectionError) tcp connect (db:5432): non-existing domain - :nxdomain
2025-09-30T14:57:08.853 application=db_connection [error] Postgrex.Protocol (#PID<0.196.0>) failed to connect: ** (DBConnection.ConnectionError) tcp connect (db:5432): non-existing domain - :nxdomain
2025-09-30T14:57:08.853 application=db_connection [error] Postgrex.Protocol (#PID<0.200.0>) failed to connect: ** (DBConnection.ConnectionError) tcp connect (db:5432): non-existing domain - :nxdomain
2025-09-30T14:57:08.853 application=db_connection [error] Postgrex.Protocol (#PID<0.195.0>) failed to connect: ** (DBConnection.ConnectionError) tcp connect (db:5432): non-existing domain - :nxdomain
2025-09-30T14:57:08.853 [error] :gen_statem #PID<0.220.0> terminating
** (DBConnection.ConnectionError) tcp connect (db:5432): non-existing domain - :nxdomain
    (db_connection 2.8.0) lib/db_connection/connection.ex:104: DBConnection.Connection.handle_event/4
    (stdlib 6.2.2) gen_statem.erl:3737: :gen_statem.loop_state_callback/11
    (stdlib 6.2.2) proc_lib.erl:329: :proc_lib.init_p_do_apply/3
Queue: [internal: {:connect, :init}]
Postponed: []
State: Postgrex.Protocol
Callback mode: :handle_event_function, state_enter: false
2025-09-30T14:57:13.330 application=ecto_sql [error] Could not create schema migrations table. This error usually happens due to the following:

  * The database does not exist
  * The "schema_migrations" table, which Ecto uses for managing
    migrations, was defined by another library
  * There is a deadlock while migrating (such as using concurrent
    indexes with a migration_lock)

To fix the first issue, run "mix ecto.create" for the desired MIX_ENV.

To address the second, you can run "mix ecto.drop" followed by
"mix ecto.create", both for the desired MIX_ENV. Alternatively you may
configure Ecto to use another table and/or repository for managing
migrations:

    config :explorer, Explorer.Repo,
      migration_source: "some_other_table_for_schema_migrations",
      migration_repo: AnotherRepoForSchemaMigrations

The full error report is shown below.

2025-09-30T14:57:20.888 application=db_connection [error] Postgrex.Protocol (#PID<0.207.0>) failed to connect: ** (DBConnection.ConnectionError) tcp connect (db:5432): non-existing domain - :nxdomain
2025-09-30T14:57:20.889 application=db_connection [error] Postgrex.Protocol (#PID<0.201.0>) failed to connect: ** (DBConnection.ConnectionError) tcp connect (db:5432): non-existing domain - :nxdomain
2025-09-30T14:57:20.888 application=db_connection [error] Postgrex.Protocol (#PID<0.196.0>) failed to connect: ** (DBConnection.ConnectionError) tcp connect (db:5432): non-existing domain - :nxdomain
2025-09-30T14:57:20.889 application=db_connection [error] Postgrex.Protocol (#PID<0.195.0>) failed to connect: ** (DBConnection.ConnectionError) tcp connect (db:5432): non-existing domain - :nxdomain
2025-09-30T14:57:20.888 application=db_connection [error] Postgrex.Protocol (#PID<0.200.0>) failed to connect: ** (DBConnection.ConnectionError) tcp connect (db:5432): non-existing domain - :nxdomain
2025-09-30T14:57:20.901 [error] :gen_statem #PID<0.207.0> terminating
** (DBConnection.ConnectionError) tcp connect (db:5432): non-existing domain - :nxdomain
    (db_connection 2.8.0) lib/db_connection/connection.ex:104: DBConnection.Connection.handle_event/4
    (stdlib 6.2.2) gen_statem.erl:3737: :gen_statem.loop_state_callback/11
    (stdlib 6.2.2) proc_lib.erl:329: :proc_lib.init_p_do_apply/3
Queue: [internal: {:connect, :init}]
Postponed: []
State: Postgrex.Protocol
Callback mode: :handle_event_function, state_enter: false
2025-09-30T14:57:24.764 application=db_connection [error] Postgrex.Protocol (#PID<0.212.0>) failed to connect: ** (DBConnection.ConnectionError) tcp connect (db:5432): non-existing domain - :nxdomain
2025-09-30T14:57:24.764 application=db_connection [error] Postgrex.Protocol (#PID<0.196.0>) failed to connect: ** (DBConnection.ConnectionError) tcp connect (db:5432): non-existing domain - :nxdomain
2025-09-30T14:57:24.764 application=db_connection [error] Postgrex.Protocol (#PID<0.200.0>) failed to connect: ** (DBConnection.ConnectionError) tcp connect (db:5432): non-existing domain - :nxdomain
2025-09-30T14:57:24.764 application=db_connection [error] Postgrex.Protocol (#PID<0.195.0>) failed to connect: ** (DBConnection.ConnectionError) tcp connect (db:5432): non-existing domain - :nxdomain
2025-09-30T14:57:24.764 application=db_connection [error] Postgrex.Protocol (#PID<0.201.0>) failed to connect: ** (DBConnection.ConnectionError) tcp connect (db:5432): non-existing domain - :nxdomain
2025-09-30T14:57:24.764 [error] :gen_statem #PID<0.212.0> terminating
** (DBConnection.ConnectionError) tcp connect (db:5432): non-existing domain - :nxdomain
    (db_connection 2.8.0) lib/db_connection/connection.ex:104: DBConnection.Connection.handle_event/4
    (stdlib 6.2.2) gen_statem.erl:3737: :gen_statem.loop_state_callback/11
    (stdlib 6.2.2) proc_lib.erl:329: :proc_lib.init_p_do_apply/3
Queue: [internal: {:connect, :init}]
Postponed: []
State: Postgrex.Protocol
Callback mode: :handle_event_function, state_enter: false
2025-09-30T14:57:28.619 application=db_connection [error] Postgrex.Protocol (#PID<0.216.0>) failed to connect: ** (DBConnection.ConnectionError) tcp connect (db:5432): non-existing domain - :nxdomain
2025-09-30T14:57:28.619 [error] :gen_statem #PID<0.216.0> terminating
** (DBConnection.ConnectionError) tcp connect (db:5432): non-existing domain - :nxdomain
    (db_connection 2.8.0) lib/db_connection/connection.ex:104: DBConnection.Connection.handle_event/4
    (stdlib 6.2.2) gen_statem.erl:3737: :gen_statem.loop_state_callback/11
    (stdlib 6.2.2) proc_lib.erl:329: :proc_lib.init_p_do_apply/3
Queue: [internal: {:connect, :init}]
Postponed: []
State: Postgrex.Protocol
Callback mode: :handle_event_function, state_enter: false
2025-09-30T14:57:32.478 application=db_connection [error] Postgrex.Protocol (#PID<0.220.0>) failed to connect: ** (DBConnection.ConnectionError) tcp connect (db:5432): non-existing domain - :nxdomain
2025-09-30T14:57:32.478 application=db_connection [error] Postgrex.Protocol (#PID<0.200.0>) failed to connect: ** (DBConnection.ConnectionError) tcp connect (db:5432): non-existing domain - :nxdomain
2025-09-30T14:57:32.479 application=db_connection [error] Postgrex.Protocol (#PID<0.195.0>) failed to connect: ** (DBConnection.ConnectionError) tcp connect (db:5432): non-existing domain - :nxdomain
2025-09-30T14:57:32.479 application=db_connection [error] Postgrex.Protocol (#PID<0.201.0>) failed to connect: ** (DBConnection.ConnectionError) tcp connect (db:5432): non-existing domain - :nxdomain
2025-09-30T14:57:32.479 application=db_connection [error] Postgrex.Protocol (#PID<0.196.0>) failed to connect: ** (DBConnection.ConnectionError) tcp connect (db:5432): non-existing domain - :nxdomain
2025-09-30T14:57:32.478 [error] :gen_statem #PID<0.220.0> terminating
** (DBConnection.ConnectionError) tcp connect (db:5432): non-existing domain - :nxdomain
    (db_connection 2.8.0) lib/db_connection/connection.ex:104: DBConnection.Connection.handle_event/4
    (stdlib 6.2.2) gen_statem.erl:3737: :gen_statem.loop_state_callback/11
    (stdlib 6.2.2) proc_lib.erl:329: :proc_lib.init_p_do_apply/3
Queue: [internal: {:connect, :init}]
Postponed: []
State: Postgrex.Protocol
Callback mode: :handle_event_function, state_enter: false
2025-09-30T14:57:35.849 application=ecto_sql [error] Could not create schema migrations table. This error usually happens due to the following:

  * The database does not exist
  * The "schema_migrations" table, which Ecto uses for managing
    migrations, was defined by another library
  * There is a deadlock while migrating (such as using concurrent
    indexes with a migration_lock)

To fix the first issue, run "mix ecto.create" for the desired MIX_ENV.

To address the second, you can run "mix ecto.drop" followed by
"mix ecto.create", both for the desired MIX_ENV. Alternatively you may
configure Ecto to use another table and/or repository for managing
migrations:

    config :explorer, Explorer.Repo,
      migration_source: "some_other_table_for_schema_migrations",
      migration_repo: AnotherRepoForSchemaMigrations

The full error report is shown below.

2025-09-30T14:57:45.681 application=db_connection [error] Postgrex.Protocol (#PID<0.201.0>) failed to connect: ** (DBConnection.ConnectionError) tcp connect (db:5432): non-existing domain - :nxdomain
2025-09-30T14:57:45.681 application=db_connection [error] Postgrex.Protocol (#PID<0.207.0>) failed to connect: ** (DBConnection.ConnectionError) tcp connect (db:5432): non-existing domain - :nxdomain
2025-09-30T14:57:45.681 application=db_connection [error] Postgrex.Protocol (#PID<0.196.0>) failed to connect: ** (DBConnection.ConnectionError) tcp connect (db:5432): non-existing domain - :nxdomain
2025-09-30T14:57:45.681 application=db_connection [error] Postgrex.Protocol (#PID<0.200.0>) failed to connect: ** (DBConnection.ConnectionError) tcp connect (db:5432): non-existing domain - :nxdomain
2025-09-30T14:57:45.681 application=db_connection [error] Postgrex.Protocol (#PID<0.195.0>) failed to connect: ** (DBConnection.ConnectionError) tcp connect (db:5432): non-existing domain - :nxdomain
2025-09-30T14:57:45.693 [error] :gen_statem #PID<0.207.0> terminating
** (DBConnection.ConnectionError) tcp connect (db:5432): non-existing domain - :nxdomain
    (db_connection 2.8.0) lib/db_connection/connection.ex:104: DBConnection.Connection.handle_event/4
    (stdlib 6.2.2) gen_statem.erl:3737: :gen_statem.loop_state_callback/11
    (stdlib 6.2.2) proc_lib.erl:329: :proc_lib.init_p_do_apply/3
Queue: [internal: {:connect, :init}]
Postponed: []
State: Postgrex.Protocol
Callback mode: :handle_event_function, state_enter: false
2025-09-30T14:57:49.590 application=db_connection [error] Postgrex.Protocol (#PID<0.212.0>) failed to connect: ** (DBConnection.ConnectionError) tcp connect (db:5432): non-existing domain - :nxdomain
2025-09-30T14:57:49.590 application=db_connection [error] Postgrex.Protocol (#PID<0.195.0>) failed to connect: ** (DBConnection.ConnectionError) tcp connect (db:5432): non-existing domain - :nxdomain
2025-09-30T14:57:49.591 application=db_connection [error] Postgrex.Protocol (#PID<0.200.0>) failed to connect: ** (DBConnection.ConnectionError) tcp connect (db:5432): non-existing domain - :nxdomain
2025-09-30T14:57:49.591 application=db_connection [error] Postgrex.Protocol (#PID<0.201.0>) failed to connect: ** (DBConnection.ConnectionError) tcp connect (db:5432): non-existing domain - :nxdomain
2025-09-30T14:57:49.591 application=db_connection [error] Postgrex.Protocol (#PID<0.196.0>) failed to connect: ** (DBConnection.ConnectionError) tcp connect (db:5432): non-existing domain - :nxdomain
2025-09-30T14:57:49.591 [error] :gen_statem #PID<0.212.0> terminating
** (DBConnection.ConnectionError) tcp connect (db:5432): non-existing domain - :nxdomain
    (db_connection 2.8.0) lib/db_connection/connection.ex:104: DBConnection.Connection.handle_event/4
    (stdlib 6.2.2) gen_statem.erl:3737: :gen_statem.loop_state_callback/11
    (stdlib 6.2.2) proc_lib.erl:329: :proc_lib.init_p_do_apply/3
Queue: [internal: {:connect, :init}]
Postponed: []
State: Postgrex.Protocol
Callback mode: :handle_event_function, state_enter: false
2025-09-30T14:57:53.468 application=db_connection [error] Postgrex.Protocol (#PID<0.216.0>) failed to connect: ** (DBConnection.ConnectionError) tcp connect (db:5432): non-existing domain - :nxdomain
2025-09-30T14:57:53.468 application=db_connection [error] Postgrex.Protocol (#PID<0.195.0>) failed to connect: ** (DBConnection.ConnectionError) tcp connect (db:5432): non-existing domain - :nxdomain
2025-09-30T14:57:53.468 application=db_connection [error] Postgrex.Protocol (#PID<0.200.0>) failed to connect: ** (DBConnection.ConnectionError) tcp connect (db:5432): non-existing domain - :nxdomain
2025-09-30T14:57:53.468 [error] :gen_statem #PID<0.216.0> terminating
** (DBConnection.ConnectionError) tcp connect (db:5432): non-existing domain - :nxdomain
    (db_connection 2.8.0) lib/db_connection/connection.ex:104: DBConnection.Connection.handle_event/4
    (stdlib 6.2.2) gen_statem.erl:3737: :gen_statem.loop_state_callback/11
    (stdlib 6.2.2) proc_lib.erl:329: :proc_lib.init_p_do_apply/3
Queue: [internal: {:connect, :init}]
Postponed: []
State: Postgrex.Protocol
Callback mode: :handle_event_function, state_enter: false
2025-09-30T14:57:57.332 application=db_connection [error] Postgrex.Protocol (#PID<0.220.0>) failed to connect: ** (DBConnection.ConnectionError) tcp connect (db:5432): non-existing domain - :nxdomain
2025-09-30T14:57:57.332 application=db_connection [error] Postgrex.Protocol (#PID<0.201.0>) failed to connect: ** (DBConnection.ConnectionError) tcp connect (db:5432): non-existing domain - :nxdomain
2025-09-30T14:57:57.332 [error] :gen_statem #PID<0.220.0> terminating
** (DBConnection.ConnectionError) tcp connect (db:5432): non-existing domain - :nxdomain
    (db_connection 2.8.0) lib/db_connection/connection.ex:104: DBConnection.Connection.handle_event/4
    (stdlib 6.2.2) gen_statem.erl:3737: :gen_statem.loop_state_callback/11
    (stdlib 6.2.2) proc_lib.erl:329: :proc_lib.init_p_do_apply/3
Queue: [internal: {:connect, :init}]
Postponed: []
State: Postgrex.Protocol
Callback mode: :handle_event_function, state_enter: false
2025-09-30T14:58:01.520 application=db_connection [error] Postgrex.Protocol (#PID<0.196.0>) failed to connect: ** (DBConnection.ConnectionError) tcp connect (db:5432): non-existing domain - :nxdomain
2025-09-30T14:58:01.520 application=db_connection [error] Postgrex.Protocol (#PID<0.200.0>) failed to connect: ** (DBConnection.ConnectionError) tcp connect (db:5432): non-existing domain - :nxdomain
2025-09-30T14:58:01.520 application=db_connection [error] Postgrex.Protocol (#PID<0.195.0>) failed to connect: ** (DBConnection.ConnectionError) tcp connect (db:5432): non-existing domain - :nxdomain
2025-09-30T14:58:01.803 application=ecto_sql [error] Could not create schema migrations table. This error usually happens due to the following:

  * The database does not exist
  * The "schema_migrations" table, which Ecto uses for managing
    migrations, was defined by another library
  * There is a deadlock while migrating (such as using concurrent
    indexes with a migration_lock)

To fix the first issue, run "mix ecto.create" for the desired MIX_ENV.

To address the second, you can run "mix ecto.drop" followed by
"mix ecto.create", both for the desired MIX_ENV. Alternatively you may
configure Ecto to use another table and/or repository for managing
migrations:

    config :explorer, Explorer.Repo,
      migration_source: "some_other_table_for_schema_migrations",
      migration_repo: AnotherRepoForSchemaMigrations

The full error report is shown below.

2025-09-30T14:58:09.818 application=db_connection [error] Postgrex.Protocol (#PID<0.196.0>) failed to connect: ** (DBConnection.ConnectionError) tcp connect (db:5432): non-existing domain - :nxdomain
2025-09-30T14:58:09.818 application=db_connection [error] Postgrex.Protocol (#PID<0.200.0>) failed to connect: ** (DBConnection.ConnectionError) tcp connect (db:5432): non-existing domain - :nxdomain
2025-09-30T14:58:09.818 application=db_connection [error] Postgrex.Protocol (#PID<0.195.0>) failed to connect: ** (DBConnection.ConnectionError) tcp connect (db:5432): non-existing domain - :nxdomain
2025-09-30T14:58:09.818 application=db_connection [error] Postgrex.Protocol (#PID<0.201.0>) failed to connect: ** (DBConnection.ConnectionError) tcp connect (db:5432): non-existing domain - :nxdomain
2025-09-30T14:58:09.818 application=db_connection [error] Postgrex.Protocol (#PID<0.207.0>) failed to connect: ** (DBConnection.ConnectionError) tcp connect (db:5432): non-existing domain - :nxdomain
2025-09-30T14:58:09.826 [error] :gen_statem #PID<0.207.0> terminating
** (DBConnection.ConnectionError) tcp connect (db:5432): non-existing domain - :nxdomain
    (db_connection 2.8.0) lib/db_connection/connection.ex:104: DBConnection.Connection.handle_event/4
    (stdlib 6.2.2) gen_statem.erl:3737: :gen_statem.loop_state_callback/11
    (stdlib 6.2.2) proc_lib.erl:329: :proc_lib.init_p_do_apply/3
Queue: [internal: {:connect, :init}]
Postponed: []
State: Postgrex.Protocol
Callback mode: :handle_event_function, state_enter: false
2025-09-30T14:58:13.681 application=db_connection [error] Postgrex.Protocol (#PID<0.212.0>) failed to connect: ** (DBConnection.ConnectionError) tcp connect (db:5432): non-existing domain - :nxdomain
2025-09-30T14:58:13.681 application=db_connection [error] Postgrex.Protocol (#PID<0.201.0>) failed to connect: ** (DBConnection.ConnectionError) tcp connect (db:5432): non-existing domain - :nxdomain
2025-09-30T14:58:13.681 application=db_connection [error] Postgrex.Protocol (#PID<0.200.0>) failed to connect: ** (DBConnection.ConnectionError) tcp connect (db:5432): non-existing domain - :nxdomain
2025-09-30T14:58:13.681 application=db_connection [error] Postgrex.Protocol (#PID<0.196.0>) failed to connect: ** (DBConnection.ConnectionError) tcp connect (db:5432): non-existing domain - :nxdomain
2025-09-30T14:58:13.682 application=db_connection [error] Postgrex.Protocol (#PID<0.195.0>) failed to connect: ** (DBConnection.ConnectionError) tcp connect (db:5432): non-existing domain - :nxdomain
2025-09-30T14:58:13.681 [error] :gen_statem #PID<0.212.0> terminating
** (DBConnection.ConnectionError) tcp connect (db:5432): non-existing domain - :nxdomain
    (db_connection 2.8.0) lib/db_connection/connection.ex:104: DBConnection.Connection.handle_event/4
    (stdlib 6.2.2) gen_statem.erl:3737: :gen_statem.loop_state_callback/11
    (stdlib 6.2.2) proc_lib.erl:329: :proc_lib.init_p_do_apply/3
Queue: [internal: {:connect, :init}]
Postponed: []
State: Postgrex.Protocol
Callback mode: :handle_event_function, state_enter: false
2025-09-30T14:58:17.529 application=db_connection [error] Postgrex.Protocol (#PID<0.201.0>) failed to connect: ** (DBConnection.ConnectionError) tcp connect (db:5432): non-existing domain - :nxdomain
2025-09-30T14:58:17.529 application=db_connection [error] Postgrex.Protocol (#PID<0.216.0>) failed to connect: ** (DBConnection.ConnectionError) tcp connect (db:5432): non-existing domain - :nxdomain
2025-09-30T14:58:17.529 [error] :gen_statem #PID<0.216.0> terminating
** (DBConnection.ConnectionError) tcp connect (db:5432): non-existing domain - :nxdomain
    (db_connection 2.8.0) lib/db_connection/connection.ex:104: DBConnection.Connection.handle_event/4
    (stdlib 6.2.2) gen_statem.erl:3737: :gen_statem.loop_state_callback/11
    (stdlib 6.2.2) proc_lib.erl:329: :proc_lib.init_p_do_apply/3
Queue: [internal: {:connect, :init}]
Postponed: []
State: Postgrex.Protocol
Callback mode: :handle_event_function, state_enter: false
2025-09-30T14:58:21.419 application=db_connection [error] Postgrex.Protocol (#PID<0.220.0>) failed to connect: ** (DBConnection.ConnectionError) tcp connect (db:5432): non-existing domain - :nxdomain
2025-09-30T14:58:21.420 application=db_connection [error] Postgrex.Protocol (#PID<0.196.0>) failed to connect: ** (DBConnection.ConnectionError) tcp connect (db:5432): non-existing domain - :nxdomain
2025-09-30T14:58:21.420 application=db_connection [error] Postgrex.Protocol (#PID<0.200.0>) failed to connect: ** (DBConnection.ConnectionError) tcp connect (db:5432): non-existing domain - :nxdomain
2025-09-30T14:58:21.420 application=db_connection [error] Postgrex.Protocol (#PID<0.195.0>) failed to connect: ** (DBConnection.ConnectionError) tcp connect (db:5432): non-existing domain - :nxdomain
2025-09-30T14:58:21.419 [error] :gen_statem #PID<0.220.0> terminating
** (DBConnection.ConnectionError) tcp connect (db:5432): non-existing domain - :nxdomain
    (db_connection 2.8.0) lib/db_connection/connection.ex:104: DBConnection.Connection.handle_event/4
    (stdlib 6.2.2) gen_statem.erl:3737: :gen_statem.loop_state_callback/11
    (stdlib 6.2.2) proc_lib.erl:329: :proc_lib.init_p_do_apply/3
Queue: [internal: {:connect, :init}]
Postponed: []
State: Postgrex.Protocol
Callback mode: :handle_event_function, state_enter: false
2025-09-30T14:58:25.949 application=ecto_sql [error] Could not create schema migrations table. This error usually happens due to the following:

  * The database does not exist
  * The "schema_migrations" table, which Ecto uses for managing
    migrations, was defined by another library
  * There is a deadlock while migrating (such as using concurrent
    indexes with a migration_lock)

To fix the first issue, run "mix ecto.create" for the desired MIX_ENV.

To address the second, you can run "mix ecto.drop" followed by
"mix ecto.create", both for the desired MIX_ENV. Alternatively you may
configure Ecto to use another table and/or repository for managing
migrations:

    config :explorer, Explorer.Repo,
      migration_source: "some_other_table_for_schema_migrations",
      migration_repo: AnotherRepoForSchemaMigrations

The full error report is shown below.

2025-09-30T14:58:34.889 application=db_connection [error] Postgrex.Protocol (#PID<0.201.0>) failed to connect: ** (DBConnection.ConnectionError) tcp connect (db:5432): non-existing domain - :nxdomain
2025-09-30T14:58:34.889 application=db_connection [error] Postgrex.Protocol (#PID<0.207.0>) failed to connect: ** (DBConnection.ConnectionError) tcp connect (db:5432): non-existing domain - :nxdomain
2025-09-30T14:58:34.889 application=db_connection [error] Postgrex.Protocol (#PID<0.196.0>) failed to connect: ** (DBConnection.ConnectionError) tcp connect (db:5432): non-existing domain - :nxdomain
2025-09-30T14:58:34.889 application=db_connection [error] Postgrex.Protocol (#PID<0.200.0>) failed to connect: ** (DBConnection.ConnectionError) tcp connect (db:5432): non-existing domain - :nxdomain
2025-09-30T14:58:34.889 application=db_connection [error] Postgrex.Protocol (#PID<0.195.0>) failed to connect: ** (DBConnection.ConnectionError) tcp connect (db:5432): non-existing domain - :nxdomain
2025-09-30T14:58:34.897 [error] :gen_statem #PID<0.207.0> terminating
** (DBConnection.ConnectionError) tcp connect (db:5432): non-existing domain - :nxdomain
    (db_connection 2.8.0) lib/db_connection/connection.ex:104: DBConnection.Connection.handle_event/4
    (stdlib 6.2.2) gen_statem.erl:3737: :gen_statem.loop_state_callback/11
    (stdlib 6.2.2) proc_lib.erl:329: :proc_lib.init_p_do_apply/3
Queue: [internal: {:connect, :init}]
Postponed: []
State: Postgrex.Protocol
Callback mode: :handle_event_function, state_enter: false
2025-09-30T14:58:38.776 application=db_connection [error] Postgrex.Protocol (#PID<0.195.0>) failed to connect: ** (DBConnection.ConnectionError) tcp connect (db:5432): non-existing domain - :nxdomain
2025-09-30T14:58:38.776 application=db_connection [error] Postgrex.Protocol (#PID<0.196.0>) failed to connect: ** (DBConnection.ConnectionError) tcp connect (db:5432): non-existing domain - :nxdomain
2025-09-30T14:58:38.776 application=db_connection [error] Postgrex.Protocol (#PID<0.212.0>) failed to connect: ** (DBConnection.ConnectionError) tcp connect (db:5432): non-existing domain - :nxdomain
2025-09-30T14:58:38.776 application=db_connection [error] Postgrex.Protocol (#PID<0.201.0>) failed to connect: ** (DBConnection.ConnectionError) tcp connect (db:5432): non-existing domain - :nxdomain
2025-09-30T14:58:38.776 application=db_connection [error] Postgrex.Protocol (#PID<0.200.0>) failed to connect: ** (DBConnection.ConnectionError) tcp connect (db:5432): non-existing domain - :nxdomain
2025-09-30T14:58:38.776 [error] :gen_statem #PID<0.212.0> terminating
** (DBConnection.ConnectionError) tcp connect (db:5432): non-existing domain - :nxdomain
    (db_connection 2.8.0) lib/db_connection/connection.ex:104: DBConnection.Connection.handle_event/4
    (stdlib 6.2.2) gen_statem.erl:3737: :gen_statem.loop_state_callback/11
    (stdlib 6.2.2) proc_lib.erl:329: :proc_lib.init_p_do_apply/3
Queue: [internal: {:connect, :init}]
Postponed: []
State: Postgrex.Protocol
Callback mode: :handle_event_function, state_enter: false
2025-09-30T14:58:42.620 application=db_connection [error] Postgrex.Protocol (#PID<0.216.0>) failed to connect: ** (DBConnection.ConnectionError) tcp connect (db:5432): non-existing domain - :nxdomain
2025-09-30T14:58:42.620 application=db_connection [error] Postgrex.Protocol (#PID<0.195.0>) failed to connect: ** (DBConnection.ConnectionError) tcp connect (db:5432): non-existing domain - :nxdomain
2025-09-30T14:58:42.620 application=db_connection [error] Postgrex.Protocol (#PID<0.196.0>) failed to connect: ** (DBConnection.ConnectionError) tcp connect (db:5432): non-existing domain - :nxdomain
2025-09-30T14:58:42.620 application=db_connection [error] Postgrex.Protocol (#PID<0.200.0>) failed to connect: ** (DBConnection.ConnectionError) tcp connect (db:5432): non-existing domain - :nxdomain
2025-09-30T14:58:42.620 application=db_connection [error] Postgrex.Protocol (#PID<0.201.0>) failed to connect: ** (DBConnection.ConnectionError) tcp connect (db:5432): non-existing domain - :nxdomain
2025-09-30T14:58:42.620 [error] :gen_statem #PID<0.216.0> terminating
** (DBConnection.ConnectionError) tcp connect (db:5432): non-existing domain - :nxdomain
    (db_connection 2.8.0) lib/db_connection/connection.ex:104: DBConnection.Connection.handle_event/4
    (stdlib 6.2.2) gen_statem.erl:3737: :gen_statem.loop_state_callback/11
    (stdlib 6.2.2) proc_lib.erl:329: :proc_lib.init_p_do_apply/3
Queue: [internal: {:connect, :init}]
Postponed: []
State: Postgrex.Protocol
Callback mode: :handle_event_function, state_enter: false
2025-09-30T14:58:45.134 application=db_connection [error] Postgrex.Protocol (#PID<0.220.0>) failed to connect: ** (DBConnection.ConnectionError) tcp connect (db:5432): connection refused - :econnrefused
2025-09-30T14:58:45.134 [error] :gen_statem #PID<0.220.0> terminating
** (DBConnection.ConnectionError) tcp connect (db:5432): connection refused - :econnrefused
    (db_connection 2.8.0) lib/db_connection/connection.ex:104: DBConnection.Connection.handle_event/4
    (stdlib 6.2.2) gen_statem.erl:3737: :gen_statem.loop_state_callback/11
    (stdlib 6.2.2) proc_lib.erl:329: :proc_lib.init_p_do_apply/3
Queue: [internal: {:connect, :init}]
Postponed: []
State: Postgrex.Protocol
Callback mode: :handle_event_function, state_enter: false
2025-09-30T14:58:45.134 application=db_connection [error] Postgrex.Protocol (#PID<0.195.0>) failed to connect: ** (DBConnection.ConnectionError) tcp connect (db:5432): connection refused - :econnrefused
2025-09-30T14:58:45.459 application=db_connection [error] Postgrex.Protocol (#PID<0.196.0>) failed to connect: ** (DBConnection.ConnectionError) tcp connect (db:5432): connection refused - :econnrefused
2025-09-30T14:58:50.996 application=ecto_sql [error] Could not create schema migrations table. This error usually happens due to the following:

  * The database does not exist
  * The "schema_migrations" table, which Ecto uses for managing
    migrations, was defined by another library
  * There is a deadlock while migrating (such as using concurrent
    indexes with a migration_lock)

To fix the first issue, run "mix ecto.create" for the desired MIX_ENV.

To address the second, you can run "mix ecto.drop" followed by
"mix ecto.create", both for the desired MIX_ENV. Alternatively you may
configure Ecto to use another table and/or repository for managing
migrations:

    config :explorer, Explorer.Repo,
      migration_source: "some_other_table_for_schema_migrations",
      migration_repo: AnotherRepoForSchemaMigrations

The full error report is shown below.

2025-09-30T14:59:00.243 application=db_connection [error] Postgrex.Protocol (#PID<0.201.0>) failed to connect: ** (DBConnection.ConnectionError) tcp connect (db:5432): non-existing domain - :nxdomain
2025-09-30T14:59:00.243 application=db_connection [error] Postgrex.Protocol (#PID<0.195.0>) failed to connect: ** (DBConnection.ConnectionError) tcp connect (db:5432): non-existing domain - :nxdomain
2025-09-30T14:59:00.243 application=db_connection [error] Postgrex.Protocol (#PID<0.200.0>) failed to connect: ** (DBConnection.ConnectionError) tcp connect (db:5432): non-existing domain - :nxdomain
2025-09-30T14:59:00.243 application=db_connection [error] Postgrex.Protocol (#PID<0.196.0>) failed to connect: ** (DBConnection.ConnectionError) tcp connect (db:5432): non-existing domain - :nxdomain
2025-09-30T14:59:00.243 application=db_connection [error] Postgrex.Protocol (#PID<0.207.0>) failed to connect: ** (DBConnection.ConnectionError) tcp connect (db:5432): non-existing domain - :nxdomain
2025-09-30T14:59:00.253 [error] :gen_statem #PID<0.207.0> terminating
** (DBConnection.ConnectionError) tcp connect (db:5432): non-existing domain - :nxdomain
    (db_connection 2.8.0) lib/db_connection/connection.ex:104: DBConnection.Connection.handle_event/4
    (stdlib 6.2.2) gen_statem.erl:3737: :gen_statem.loop_state_callback/11
    (stdlib 6.2.2) proc_lib.erl:329: :proc_lib.init_p_do_apply/3
Queue: [internal: {:connect, :init}]
Postponed: []
State: Postgrex.Protocol
Callback mode: :handle_event_function, state_enter: false
2025-09-30T14:59:02.989 application=db_connection [error] Postgrex.Protocol (#PID<0.212.0>) failed to connect: ** (DBConnection.ConnectionError) tcp connect (db:5432): non-existing domain - :nxdomain
2025-09-30T14:59:02.989 application=db_connection [error] Postgrex.Protocol (#PID<0.201.0>) failed to connect: ** (DBConnection.ConnectionError) tcp connect (db:5432): non-existing domain - :nxdomain
2025-09-30T14:59:02.990 application=db_connection [error] Postgrex.Protocol (#PID<0.195.0>) failed to connect: ** (DBConnection.ConnectionError) tcp connect (db:5432): non-existing domain - :nxdomain
2025-09-30T14:59:02.990 application=db_connection [error] Postgrex.Protocol (#PID<0.200.0>) failed to connect: ** (DBConnection.ConnectionError) tcp connect (db:5432): non-existing domain - :nxdomain
2025-09-30T14:59:02.990 application=db_connection [error] Postgrex.Protocol (#PID<0.196.0>) failed to connect: ** (DBConnection.ConnectionError) tcp connect (db:5432): non-existing domain - :nxdomain
2025-09-30T14:59:02.989 [error] :gen_statem #PID<0.212.0> terminating
** (DBConnection.ConnectionError) tcp connect (db:5432): non-existing domain - :nxdomain
    (db_connection 2.8.0) lib/db_connection/connection.ex:104: DBConnection.Connection.handle_event/4
    (stdlib 6.2.2) gen_statem.erl:3737: :gen_statem.loop_state_callback/11
    (stdlib 6.2.2) proc_lib.erl:329: :proc_lib.init_p_do_apply/3
Queue: [internal: {:connect, :init}]
Postponed: []
State: Postgrex.Protocol
Callback mode: :handle_event_function, state_enter: false
2025-09-30T14:59:06.858 application=db_connection [error] Postgrex.Protocol (#PID<0.216.0>) failed to connect: ** (DBConnection.ConnectionError) tcp connect (db:5432): non-existing domain - :nxdomain
2025-09-30T14:59:06.858 application=db_connection [error] Postgrex.Protocol (#PID<0.200.0>) failed to connect: ** (DBConnection.ConnectionError) tcp connect (db:5432): non-existing domain - :nxdomain
2025-09-30T14:59:06.858 [error] :gen_statem #PID<0.216.0> terminating
** (DBConnection.ConnectionError) tcp connect (db:5432): non-existing domain - :nxdomain
    (db_connection 2.8.0) lib/db_connection/connection.ex:104: DBConnection.Connection.handle_event/4
    (stdlib 6.2.2) gen_statem.erl:3737: :gen_statem.loop_state_callback/11
    (stdlib 6.2.2) proc_lib.erl:329: :proc_lib.init_p_do_apply/3
Queue: [internal: {:connect, :init}]
Postponed: []
State: Postgrex.Protocol
Callback mode: :handle_event_function, state_enter: false
2025-09-30T14:59:10.735 application=db_connection [error] Postgrex.Protocol (#PID<0.220.0>) failed to connect: ** (DBConnection.ConnectionError) tcp connect (db:5432): non-existing domain - :nxdomain
2025-09-30T14:59:10.735 application=db_connection [error] Postgrex.Protocol (#PID<0.201.0>) failed to connect: ** (DBConnection.ConnectionError) tcp connect (db:5432): non-existing domain - :nxdomain
2025-09-30T14:59:10.735 application=db_connection [error] Postgrex.Protocol (#PID<0.195.0>) failed to connect: ** (DBConnection.ConnectionError) tcp connect (db:5432): non-existing domain - :nxdomain
2025-09-30T14:59:10.735 application=db_connection [error] Postgrex.Protocol (#PID<0.196.0>) failed to connect: ** (DBConnection.ConnectionError) tcp connect (db:5432): non-existing domain - :nxdomain
2025-09-30T14:59:10.735 [error] :gen_statem #PID<0.220.0> terminating
** (DBConnection.ConnectionError) tcp connect (db:5432): non-existing domain - :nxdomain
    (db_connection 2.8.0) lib/db_connection/connection.ex:104: DBConnection.Connection.handle_event/4
    (stdlib 6.2.2) gen_statem.erl:3737: :gen_statem.loop_state_callback/11
    (stdlib 6.2.2) proc_lib.erl:329: :proc_lib.init_p_do_apply/3
Queue: [internal: {:connect, :init}]
Postponed: []
State: Postgrex.Protocol
Callback mode: :handle_event_function, state_enter: false
2025-09-30T14:59:14.886 application=db_connection [error] Postgrex.Protocol (#PID<0.200.0>) failed to connect: ** (DBConnection.ConnectionError) tcp connect (db:5432): non-existing domain - :nxdomain
2025-09-30T14:59:15.162 application=ecto_sql [error] Could not create schema migrations table. This error usually happens due to the following:

  * The database does not exist
  * The "schema_migrations" table, which Ecto uses for managing
    migrations, was defined by another library
  * There is a deadlock while migrating (such as using concurrent
    indexes with a migration_lock)

To fix the first issue, run "mix ecto.create" for the desired MIX_ENV.

To address the second, you can run "mix ecto.drop" followed by
"mix ecto.create", both for the desired MIX_ENV. Alternatively you may
configure Ecto to use another table and/or repository for managing
migrations:

    config :explorer, Explorer.Repo,
      migration_source: "some_other_table_for_schema_migrations",
      migration_repo: AnotherRepoForSchemaMigrations

The full error report is shown below.

2025-09-30T14:59:25.817 application=db_connection [error] Postgrex.Protocol (#PID<0.207.0>) failed to connect: ** (DBConnection.ConnectionError) tcp connect (db:5432): non-existing domain - :nxdomain
2025-09-30T14:59:25.817 application=db_connection [error] Postgrex.Protocol (#PID<0.201.0>) failed to connect: ** (DBConnection.ConnectionError) tcp connect (db:5432): non-existing domain - :nxdomain
2025-09-30T14:59:25.817 application=db_connection [error] Postgrex.Protocol (#PID<0.196.0>) failed to connect: ** (DBConnection.ConnectionError) tcp connect (db:5432): non-existing domain - :nxdomain
2025-09-30T14:59:25.817 application=db_connection [error] Postgrex.Protocol (#PID<0.200.0>) failed to connect: ** (DBConnection.ConnectionError) tcp connect (db:5432): non-existing domain - :nxdomain
2025-09-30T14:59:25.817 application=db_connection [error] Postgrex.Protocol (#PID<0.195.0>) failed to connect: ** (DBConnection.ConnectionError) tcp connect (db:5432): non-existing domain - :nxdomain
2025-09-30T14:59:25.823 [error] :gen_statem #PID<0.207.0> terminating
** (DBConnection.ConnectionError) tcp connect (db:5432): non-existing domain - :nxdomain
    (db_connection 2.8.0) lib/db_connection/connection.ex:104: DBConnection.Connection.handle_event/4
    (stdlib 6.2.2) gen_statem.erl:3737: :gen_statem.loop_state_callback/11
    (stdlib 6.2.2) proc_lib.erl:329: :proc_lib.init_p_do_apply/3
Queue: [internal: {:connect, :init}]
Postponed: []
State: Postgrex.Protocol
Callback mode: :handle_event_function, state_enter: false
2025-09-30T14:59:29.706 application=db_connection [error] Postgrex.Protocol (#PID<0.201.0>) failed to connect: ** (DBConnection.ConnectionError) tcp connect (db:5432): non-existing domain - :nxdomain
2025-09-30T14:59:29.706 application=db_connection [error] Postgrex.Protocol (#PID<0.212.0>) failed to connect: ** (DBConnection.ConnectionError) tcp connect (db:5432): non-existing domain - :nxdomain
2025-09-30T14:59:29.706 application=db_connection [error] Postgrex.Protocol (#PID<0.195.0>) failed to connect: ** (DBConnection.ConnectionError) tcp connect (db:5432): non-existing domain - :nxdomain
2025-09-30T14:59:29.707 application=db_connection [error] Postgrex.Protocol (#PID<0.200.0>) failed to connect: ** (DBConnection.ConnectionError) tcp connect (db:5432): non-existing domain - :nxdomain
2025-09-30T14:59:29.707 application=db_connection [error] Postgrex.Protocol (#PID<0.196.0>) failed to connect: ** (DBConnection.ConnectionError) tcp connect (db:5432): non-existing domain - :nxdomain
2025-09-30T14:59:29.706 [error] :gen_statem #PID<0.212.0> terminating
** (DBConnection.ConnectionError) tcp connect (db:5432): non-existing domain - :nxdomain
    (db_connection 2.8.0) lib/db_connection/connection.ex:104: DBConnection.Connection.handle_event/4
    (stdlib 6.2.2) gen_statem.erl:3737: :gen_statem.loop_state_callback/11
    (stdlib 6.2.2) proc_lib.erl:329: :proc_lib.init_p_do_apply/3
Queue: [internal: {:connect, :init}]
Postponed: []
State: Postgrex.Protocol
Callback mode: :handle_event_function, state_enter: false
2025-09-30T14:59:32.437 application=db_connection [error] Postgrex.Protocol (#PID<0.195.0>) failed to connect: ** (DBConnection.ConnectionError) tcp connect (db:5432): non-existing domain - :nxdomain
2025-09-30T14:59:32.437 application=db_connection [error] Postgrex.Protocol (#PID<0.201.0>) failed to connect: ** (DBConnection.ConnectionError) tcp connect (db:5432): non-existing domain - :nxdomain
2025-09-30T14:59:32.437 application=db_connection [error] Postgrex.Protocol (#PID<0.216.0>) failed to connect: ** (DBConnection.ConnectionError) tcp connect (db:5432): non-existing domain - :nxdomain
2025-09-30T14:59:32.437 [error] :gen_statem #PID<0.216.0> terminating
** (DBConnection.ConnectionError) tcp connect (db:5432): non-existing domain - :nxdomain
    (db_connection 2.8.0) lib/db_connection/connection.ex:104: DBConnection.Connection.handle_event/4
    (stdlib 6.2.2) gen_statem.erl:3737: :gen_statem.loop_state_callback/11
    (stdlib 6.2.2) proc_lib.erl:329: :proc_lib.init_p_do_apply/3
Queue: [internal: {:connect, :init}]
Postponed: []
State: Postgrex.Protocol
Callback mode: :handle_event_function, state_enter: false
2025-09-30T14:59:36.321 application=db_connection [error] Postgrex.Protocol (#PID<0.200.0>) failed to connect: ** (DBConnection.ConnectionError) tcp connect (db:5432): non-existing domain - :nxdomain
2025-09-30T14:59:36.321 application=db_connection [error] Postgrex.Protocol (#PID<0.220.0>) failed to connect: ** (DBConnection.ConnectionError) tcp connect (db:5432): non-existing domain - :nxdomain
2025-09-30T14:59:36.321 application=db_connection [error] Postgrex.Protocol (#PID<0.196.0>) failed to connect: ** (DBConnection.ConnectionError) tcp connect (db:5432): non-existing domain - :nxdomain
2025-09-30T14:59:36.322 application=db_connection [error] Postgrex.Protocol (#PID<0.195.0>) failed to connect: ** (DBConnection.ConnectionError) tcp connect (db:5432): non-existing domain - :nxdomain
2025-09-30T14:59:36.321 [error] :gen_statem #PID<0.220.0> terminating
** (DBConnection.ConnectionError) tcp connect (db:5432): non-existing domain - :nxdomain
    (db_connection 2.8.0) lib/db_connection/connection.ex:104: DBConnection.Connection.handle_event/4
    (stdlib 6.2.2) gen_statem.erl:3737: :gen_statem.loop_state_callback/11
    (stdlib 6.2.2) proc_lib.erl:329: :proc_lib.init_p_do_apply/3
Queue: [internal: {:connect, :init}]
Postponed: []
State: Postgrex.Protocol
Callback mode: :handle_event_function, state_enter: false
2025-09-30T14:59:40.794 application=ecto_sql [error] Could not create schema migrations table. This error usually happens due to the following:

  * The database does not exist
  * The "schema_migrations" table, which Ecto uses for managing
    migrations, was defined by another library
  * There is a deadlock while migrating (such as using concurrent
    indexes with a migration_lock)

To fix the first issue, run "mix ecto.create" for the desired MIX_ENV.

To address the second, you can run "mix ecto.drop" followed by
"mix ecto.create", both for the desired MIX_ENV. Alternatively you may
configure Ecto to use another table and/or repository for managing
migrations:

    config :explorer, Explorer.Repo,
      migration_source: "some_other_table_for_schema_migrations",
      migration_repo: AnotherRepoForSchemaMigrations

The full error report is shown below.

2025-09-30T14:59:51.969 application=db_connection [error] Postgrex.Protocol (#PID<0.200.0>) failed to connect: ** (DBConnection.ConnectionError) tcp connect (db:5432): non-existing domain - :nxdomain
2025-09-30T14:59:51.969 application=db_connection [error] Postgrex.Protocol (#PID<0.201.0>) failed to connect: ** (DBConnection.ConnectionError) tcp connect (db:5432): non-existing domain - :nxdomain
2025-09-30T14:59:51.969 application=db_connection [error] Postgrex.Protocol (#PID<0.195.0>) failed to connect: ** (DBConnection.ConnectionError) tcp connect (db:5432): non-existing domain - :nxdomain
2025-09-30T14:59:51.969 application=db_connection [error] Postgrex.Protocol (#PID<0.196.0>) failed to connect: ** (DBConnection.ConnectionError) tcp connect (db:5432): non-existing domain - :nxdomain
2025-09-30T14:59:51.968 application=db_connection [error] Postgrex.Protocol (#PID<0.207.0>) failed to connect: ** (DBConnection.ConnectionError) tcp connect (db:5432): non-existing domain - :nxdomain
2025-09-30T14:59:51.980 [error] :gen_statem #PID<0.207.0> terminating
** (DBConnection.ConnectionError) tcp connect (db:5432): non-existing domain - :nxdomain
    (db_connection 2.8.0) lib/db_connection/connection.ex:104: DBConnection.Connection.handle_event/4
    (stdlib 6.2.2) gen_statem.erl:3737: :gen_statem.loop_state_callback/11
    (stdlib 6.2.2) proc_lib.erl:329: :proc_lib.init_p_do_apply/3
Queue: [internal: {:connect, :init}]
Postponed: []
State: Postgrex.Protocol
Callback mode: :handle_event_function, state_enter: false
2025-09-30T14:59:55.858 application=db_connection [error] Postgrex.Protocol (#PID<0.212.0>) failed to connect: ** (DBConnection.ConnectionError) tcp connect (db:5432): non-existing domain - :nxdomain
2025-09-30T14:59:55.858 application=db_connection [error] Postgrex.Protocol (#PID<0.195.0>) failed to connect: ** (DBConnection.ConnectionError) tcp connect (db:5432): non-existing domain - :nxdomain
2025-09-30T14:59:55.859 application=db_connection [error] Postgrex.Protocol (#PID<0.201.0>) failed to connect: ** (DBConnection.ConnectionError) tcp connect (db:5432): non-existing domain - :nxdomain
2025-09-30T14:59:55.859 application=db_connection [error] Postgrex.Protocol (#PID<0.196.0>) failed to connect: ** (DBConnection.ConnectionError) tcp connect (db:5432): non-existing domain - :nxdomain
2025-09-30T14:59:55.859 application=db_connection [error] Postgrex.Protocol (#PID<0.200.0>) failed to connect: ** (DBConnection.ConnectionError) tcp connect (db:5432): non-existing domain - :nxdomain
2025-09-30T14:59:55.859 [error] :gen_statem #PID<0.212.0> terminating
** (DBConnection.ConnectionError) tcp connect (db:5432): non-existing domain - :nxdomain
    (db_connection 2.8.0) lib/db_connection/connection.ex:104: DBConnection.Connection.handle_event/4
    (stdlib 6.2.2) gen_statem.erl:3737: :gen_statem.loop_state_callback/11
    (stdlib 6.2.2) proc_lib.erl:329: :proc_lib.init_p_do_apply/3
Queue: [internal: {:connect, :init}]
Postponed: []
State: Postgrex.Protocol
Callback mode: :handle_event_function, state_enter: false
2025-09-30T14:59:58.588 application=db_connection [error] Postgrex.Protocol (#PID<0.216.0>) failed to connect: ** (DBConnection.ConnectionError) tcp connect (db:5432): non-existing domain - :nxdomain
2025-09-30T14:59:58.589 application=db_connection [error] Postgrex.Protocol (#PID<0.201.0>) failed to connect: ** (DBConnection.ConnectionError) tcp connect (db:5432): non-existing domain - :nxdomain
2025-09-30T14:59:58.589 application=db_connection [error] Postgrex.Protocol (#PID<0.196.0>) failed to connect: ** (DBConnection.ConnectionError) tcp connect (db:5432): non-existing domain - :nxdomain
2025-09-30T14:59:58.588 [error] :gen_statem #PID<0.216.0> terminating
** (DBConnection.ConnectionError) tcp connect (db:5432): non-existing domain - :nxdomain
    (db_connection 2.8.0) lib/db_connection/connection.ex:104: DBConnection.Connection.handle_event/4
    (stdlib 6.2.2) gen_statem.erl:3737: :gen_statem.loop_state_callback/11
    (stdlib 6.2.2) proc_lib.erl:329: :proc_lib.init_p_do_apply/3
Queue: [internal: {:connect, :init}]
Postponed: []
State: Postgrex.Protocol
Callback mode: :handle_event_function, state_enter: false
2025-09-30T15:00:02.437 application=db_connection [error] Postgrex.Protocol (#PID<0.200.0>) failed to connect: ** (DBConnection.ConnectionError) tcp connect (db:5432): non-existing domain - :nxdomain
2025-09-30T15:00:02.437 application=db_connection [error] Postgrex.Protocol (#PID<0.220.0>) failed to connect: ** (DBConnection.ConnectionError) tcp connect (db:5432): non-existing domain - :nxdomain
2025-09-30T15:00:02.437 application=db_connection [error] Postgrex.Protocol (#PID<0.195.0>) failed to connect: ** (DBConnection.ConnectionError) tcp connect (db:5432): non-existing domain - :nxdomain
2025-09-30T15:00:02.437 [error] :gen_statem #PID<0.220.0> terminating
** (DBConnection.ConnectionError) tcp connect (db:5432): non-existing domain - :nxdomain
    (db_connection 2.8.0) lib/db_connection/connection.ex:104: DBConnection.Connection.handle_event/4
    (stdlib 6.2.2) gen_statem.erl:3737: :gen_statem.loop_state_callback/11
    (stdlib 6.2.2) proc_lib.erl:329: :proc_lib.init_p_do_apply/3
Queue: [internal: {:connect, :init}]
Postponed: []
State: Postgrex.Protocol
Callback mode: :handle_event_function, state_enter: false
2025-09-30T15:00:06.940 application=ecto_sql [error] Could not create schema migrations table. This error usually happens due to the following:

  * The database does not exist
  * The "schema_migrations" table, which Ecto uses for managing
    migrations, was defined by another library
  * There is a deadlock while migrating (such as using concurrent
    indexes with a migration_lock)

To fix the first issue, run "mix ecto.create" for the desired MIX_ENV.

To address the second, you can run "mix ecto.drop" followed by
"mix ecto.create", both for the desired MIX_ENV. Alternatively you may
configure Ecto to use another table and/or repository for managing
migrations:

    config :explorer, Explorer.Repo,
      migration_source: "some_other_table_for_schema_migrations",
      migration_repo: AnotherRepoForSchemaMigrations

The full error report is shown below.

2025-09-30T15:00:16.680 application=db_connection [error] Postgrex.Protocol (#PID<0.196.0>) failed to connect: ** (DBConnection.ConnectionError) tcp connect (db:5432): non-existing domain - :nxdomain
2025-09-30T15:00:16.680 application=db_connection [error] Postgrex.Protocol (#PID<0.201.0>) failed to connect: ** (DBConnection.ConnectionError) tcp connect (db:5432): non-existing domain - :nxdomain
2025-09-30T15:00:16.680 application=db_connection [error] Postgrex.Protocol (#PID<0.207.0>) failed to connect: ** (DBConnection.ConnectionError) tcp connect (db:5432): non-existing domain - :nxdomain
2025-09-30T15:00:16.680 application=db_connection [error] Postgrex.Protocol (#PID<0.195.0>) failed to connect: ** (DBConnection.ConnectionError) tcp connect (db:5432): non-existing domain - :nxdomain
2025-09-30T15:00:16.680 application=db_connection [error] Postgrex.Protocol (#PID<0.200.0>) failed to connect: ** (DBConnection.ConnectionError) tcp connect (db:5432): non-existing domain - :nxdomain
2025-09-30T15:00:16.686 [error] :gen_statem #PID<0.207.0> terminating
** (DBConnection.ConnectionError) tcp connect (db:5432): non-existing domain - :nxdomain
    (db_connection 2.8.0) lib/db_connection/connection.ex:104: DBConnection.Connection.handle_event/4
    (stdlib 6.2.2) gen_statem.erl:3737: :gen_statem.loop_state_callback/11
    (stdlib 6.2.2) proc_lib.erl:329: :proc_lib.init_p_do_apply/3
Queue: [internal: {:connect, :init}]
Postponed: []
State: Postgrex.Protocol
Callback mode: :handle_event_function, state_enter: false
2025-09-30T15:00:20.574 application=db_connection [error] Postgrex.Protocol (#PID<0.212.0>) failed to connect: ** (DBConnection.ConnectionError) tcp connect (db:5432): non-existing domain - :nxdomain
2025-09-30T15:00:20.574 application=db_connection [error] Postgrex.Protocol (#PID<0.200.0>) failed to connect: ** (DBConnection.ConnectionError) tcp connect (db:5432): non-existing domain - :nxdomain
2025-09-30T15:00:20.574 application=db_connection [error] Postgrex.Protocol (#PID<0.196.0>) failed to connect: ** (DBConnection.ConnectionError) tcp connect (db:5432): non-existing domain - :nxdomain
2025-09-30T15:00:20.574 application=db_connection [error] Postgrex.Protocol (#PID<0.195.0>) failed to connect: ** (DBConnection.ConnectionError) tcp connect (db:5432): non-existing domain - :nxdomain
2025-09-30T15:00:20.574 application=db_connection [error] Postgrex.Protocol (#PID<0.201.0>) failed to connect: ** (DBConnection.ConnectionError) tcp connect (db:5432): non-existing domain - :nxdomain
2025-09-30T15:00:20.574 [error] :gen_statem #PID<0.212.0> terminating
** (DBConnection.ConnectionError) tcp connect (db:5432): non-existing domain - :nxdomain
    (db_connection 2.8.0) lib/db_connection/connection.ex:104: DBConnection.Connection.handle_event/4
    (stdlib 6.2.2) gen_statem.erl:3737: :gen_statem.loop_state_callback/11
    (stdlib 6.2.2) proc_lib.erl:329: :proc_lib.init_p_do_apply/3
Queue: [internal: {:connect, :init}]
Postponed: []
State: Postgrex.Protocol
Callback mode: :handle_event_function, state_enter: false
2025-09-30T15:00:24.438 application=db_connection [error] Postgrex.Protocol (#PID<0.216.0>) failed to connect: ** (DBConnection.ConnectionError) tcp connect (db:5432): non-existing domain - :nxdomain
2025-09-30T15:00:24.438 application=db_connection [error] Postgrex.Protocol (#PID<0.196.0>) failed to connect: ** (DBConnection.ConnectionError) tcp connect (db:5432): non-existing domain - :nxdomain
2025-09-30T15:00:24.438 [error] :gen_statem #PID<0.216.0> terminating
** (DBConnection.ConnectionError) tcp connect (db:5432): non-existing domain - :nxdomain
    (db_connection 2.8.0) lib/db_connection/connection.ex:104: DBConnection.Connection.handle_event/4
    (stdlib 6.2.2) gen_statem.erl:3737: :gen_statem.loop_state_callback/11
    (stdlib 6.2.2) proc_lib.erl:329: :proc_lib.init_p_do_apply/3
Queue: [internal: {:connect, :init}]
Postponed: []
State: Postgrex.Protocol
Callback mode: :handle_event_function, state_enter: false
2025-09-30T15:00:27.742 application=db_connection [error] Postgrex.Protocol (#PID<0.220.0>) failed to connect: ** (DBConnection.ConnectionError) tcp connect (db:5432): non-existing domain - :nxdomain
2025-09-30T15:00:27.742 application=db_connection [error] Postgrex.Protocol (#PID<0.200.0>) failed to connect: ** (DBConnection.ConnectionError) tcp connect (db:5432): non-existing domain - :nxdomain
2025-09-30T15:00:27.742 application=db_connection [error] Postgrex.Protocol (#PID<0.195.0>) failed to connect: ** (DBConnection.ConnectionError) tcp connect (db:5432): non-existing domain - :nxdomain
2025-09-30T15:00:27.742 [error] :gen_statem #PID<0.220.0> terminating
** (DBConnection.ConnectionError) tcp connect (db:5432): non-existing domain - :nxdomain
    (db_connection 2.8.0) lib/db_connection/connection.ex:104: DBConnection.Connection.handle_event/4
    (stdlib 6.2.2) gen_statem.erl:3737: :gen_statem.loop_state_callback/11
    (stdlib 6.2.2) proc_lib.erl:329: :proc_lib.init_p_do_apply/3
Queue: [internal: {:connect, :init}]
Postponed: []
State: Postgrex.Protocol
Callback mode: :handle_event_function, state_enter: false
2025-09-30T15:00:31.305 application=db_connection [error] Postgrex.Protocol (#PID<0.201.0>) failed to connect: ** (DBConnection.ConnectionError) tcp connect (db:5432): non-existing domain - :nxdomain
2025-09-30T15:00:31.305 application=db_connection [error] Postgrex.Protocol (#PID<0.196.0>) failed to connect: ** (DBConnection.ConnectionError) tcp connect (db:5432): non-existing domain - :nxdomain
2025-09-30T15:00:31.651 application=ecto_sql [error] Could not create schema migrations table. This error usually happens due to the following:

  * The database does not exist
  * The "schema_migrations" table, which Ecto uses for managing
    migrations, was defined by another library
  * There is a deadlock while migrating (such as using concurrent
    indexes with a migration_lock)

To fix the first issue, run "mix ecto.create" for the desired MIX_ENV.

To address the second, you can run "mix ecto.drop" followed by
"mix ecto.create", both for the desired MIX_ENV. Alternatively you may
configure Ecto to use another table and/or repository for managing
migrations:

    config :explorer, Explorer.Repo,
      migration_source: "some_other_table_for_schema_migrations",
      migration_repo: AnotherRepoForSchemaMigrations

The full error report is shown below.

2025-09-30T15:00:41.909 application=db_connection [error] Postgrex.Protocol (#PID<0.201.0>) failed to connect: ** (DBConnection.ConnectionError) tcp connect (db:5432): non-existing domain - :nxdomain
2025-09-30T15:00:41.909 application=db_connection [error] Postgrex.Protocol (#PID<0.196.0>) failed to connect: ** (DBConnection.ConnectionError) tcp connect (db:5432): non-existing domain - :nxdomain
2025-09-30T15:00:41.909 application=db_connection [error] Postgrex.Protocol (#PID<0.207.0>) failed to connect: ** (DBConnection.ConnectionError) tcp connect (db:5432): non-existing domain - :nxdomain
2025-09-30T15:00:41.909 application=db_connection [error] Postgrex.Protocol (#PID<0.195.0>) failed to connect: ** (DBConnection.ConnectionError) tcp connect (db:5432): non-existing domain - :nxdomain
2025-09-30T15:00:41.909 application=db_connection [error] Postgrex.Protocol (#PID<0.200.0>) failed to connect: ** (DBConnection.ConnectionError) tcp connect (db:5432): non-existing domain - :nxdomain
2025-09-30T15:00:41.976 [error] :gen_statem #PID<0.207.0> terminating
** (DBConnection.ConnectionError) tcp connect (db:5432): non-existing domain - :nxdomain
    (db_connection 2.8.0) lib/db_connection/connection.ex:104: DBConnection.Connection.handle_event/4
    (stdlib 6.2.2) gen_statem.erl:3737: :gen_statem.loop_state_callback/11
    (stdlib 6.2.2) proc_lib.erl:329: :proc_lib.init_p_do_apply/3
Queue: [internal: {:connect, :init}]
Postponed: []
State: Postgrex.Protocol
Callback mode: :handle_event_function, state_enter: false
2025-09-30T15:00:46.028 application=db_connection [error] Postgrex.Protocol (#PID<0.212.0>) failed to connect: ** (DBConnection.ConnectionError) tcp connect (db:5432): non-existing domain - :nxdomain
2025-09-30T15:00:46.030 application=db_connection [error] Postgrex.Protocol (#PID<0.201.0>) failed to connect: ** (DBConnection.ConnectionError) tcp connect (db:5432): non-existing domain - :nxdomain
2025-09-30T15:00:46.030 application=db_connection [error] Postgrex.Protocol (#PID<0.200.0>) failed to connect: ** (DBConnection.ConnectionError) tcp connect (db:5432): non-existing domain - :nxdomain
2025-09-30T15:00:46.030 application=db_connection [error] Postgrex.Protocol (#PID<0.195.0>) failed to connect: ** (DBConnection.ConnectionError) tcp connect (db:5432): non-existing domain - :nxdomain
2025-09-30T15:00:46.030 application=db_connection [error] Postgrex.Protocol (#PID<0.196.0>) failed to connect: ** (DBConnection.ConnectionError) tcp connect (db:5432): non-existing domain - :nxdomain
2025-09-30T15:00:46.029 [error] :gen_statem #PID<0.212.0> terminating
** (DBConnection.ConnectionError) tcp connect (db:5432): non-existing domain - :nxdomain
    (db_connection 2.8.0) lib/db_connection/connection.ex:104: DBConnection.Connection.handle_event/4
    (stdlib 6.2.2) gen_statem.erl:3737: :gen_statem.loop_state_callback/11
    (stdlib 6.2.2) proc_lib.erl:329: :proc_lib.init_p_do_apply/3
Queue: [internal: {:connect, :init}]
Postponed: []
State: Postgrex.Protocol
Callback mode: :handle_event_function, state_enter: false
2025-09-30T15:00:49.933 application=db_connection [error] Postgrex.Protocol (#PID<0.195.0>) failed to connect: ** (DBConnection.ConnectionError) tcp connect (db:5432): non-existing domain - :nxdomain
2025-09-30T15:00:49.933 application=db_connection [error] Postgrex.Protocol (#PID<0.196.0>) failed to connect: ** (DBConnection.ConnectionError) tcp connect (db:5432): non-existing domain - :nxdomain
2025-09-30T15:00:49.933 application=db_connection [error] Postgrex.Protocol (#PID<0.201.0>) failed to connect: ** (DBConnection.ConnectionError) tcp connect (db:5432): non-existing domain - :nxdomain
2025-09-30T15:00:49.933 application=db_connection [error] Postgrex.Protocol (#PID<0.216.0>) failed to connect: ** (DBConnection.ConnectionError) tcp connect (db:5432): non-existing domain - :nxdomain
2025-09-30T15:00:49.933 [error] :gen_statem #PID<0.216.0> terminating
** (DBConnection.ConnectionError) tcp connect (db:5432): non-existing domain - :nxdomain
    (db_connection 2.8.0) lib/db_connection/connection.ex:104: DBConnection.Connection.handle_event/4
    (stdlib 6.2.2) gen_statem.erl:3737: :gen_statem.loop_state_callback/11
    (stdlib 6.2.2) proc_lib.erl:329: :proc_lib.init_p_do_apply/3
Queue: [internal: {:connect, :init}]
Postponed: []
State: Postgrex.Protocol
Callback mode: :handle_event_function, state_enter: false
2025-09-30T15:00:53.835 application=db_connection [error] Postgrex.Protocol (#PID<0.200.0>) failed to connect: ** (DBConnection.ConnectionError) tcp connect (db:5432): non-existing domain - :nxdomain
2025-09-30T15:00:53.835 application=db_connection [error] Postgrex.Protocol (#PID<0.220.0>) failed to connect: ** (DBConnection.ConnectionError) tcp connect (db:5432): non-existing domain - :nxdomain
2025-09-30T15:00:53.836 [error] :gen_statem #PID<0.220.0> terminating
** (DBConnection.ConnectionError) tcp connect (db:5432): non-existing domain - :nxdomain
    (db_connection 2.8.0) lib/db_connection/connection.ex:104: DBConnection.Connection.handle_event/4
    (stdlib 6.2.2) gen_statem.erl:3737: :gen_statem.loop_state_callback/11
    (stdlib 6.2.2) proc_lib.erl:329: :proc_lib.init_p_do_apply/3
Queue: [internal: {:connect, :init}]
Postponed: []
State: Postgrex.Protocol
Callback mode: :handle_event_function, state_enter: false
2025-09-30T15:00:56.846 application=ecto_sql [error] Could not create schema migrations table. This error usually happens due to the following:

  * The database does not exist
  * The "schema_migrations" table, which Ecto uses for managing
    migrations, was defined by another library
  * There is a deadlock while migrating (such as using concurrent
    indexes with a migration_lock)

To fix the first issue, run "mix ecto.create" for the desired MIX_ENV.

To address the second, you can run "mix ecto.drop" followed by
"mix ecto.create", both for the desired MIX_ENV. Alternatively you may
configure Ecto to use another table and/or repository for managing
migrations:

    config :explorer, Explorer.Repo,
      migration_source: "some_other_table_for_schema_migrations",
      migration_repo: AnotherRepoForSchemaMigrations

The full error report is shown below.

2025-09-30T15:01:08.073 application=db_connection [error] Postgrex.Protocol (#PID<0.195.0>) failed to connect: ** (DBConnection.ConnectionError) tcp connect (db:5432): non-existing domain - :nxdomain
2025-09-30T15:01:08.072 application=db_connection [error] Postgrex.Protocol (#PID<0.203.0>) failed to connect: ** (DBConnection.ConnectionError) tcp connect (db:5432): non-existing domain - :nxdomain
2025-09-30T15:01:08.072 application=db_connection [error] Postgrex.Protocol (#PID<0.200.0>) failed to connect: ** (DBConnection.ConnectionError) tcp connect (db:5432): non-existing domain - :nxdomain
2025-09-30T15:01:08.072 application=db_connection [error] Postgrex.Protocol (#PID<0.207.0>) failed to connect: ** (DBConnection.ConnectionError) tcp connect (db:5432): non-existing domain - :nxdomain
2025-09-30T15:01:08.072 application=db_connection [error] Postgrex.Protocol (#PID<0.196.0>) failed to connect: ** (DBConnection.ConnectionError) tcp connect (db:5432): non-existing domain - :nxdomain
2025-09-30T15:01:08.090 [error] :gen_statem #PID<0.207.0> terminating
** (DBConnection.ConnectionError) tcp connect (db:5432): non-existing domain - :nxdomain
    (db_connection 2.8.0) lib/db_connection/connection.ex:104: DBConnection.Connection.handle_event/4
    (stdlib 6.2.2) gen_statem.erl:3737: :gen_statem.loop_state_callback/11
    (stdlib 6.2.2) proc_lib.erl:329: :proc_lib.init_p_do_apply/3
Queue: [internal: {:connect, :init}]
Postponed: []
State: Postgrex.Protocol
Callback mode: :handle_event_function, state_enter: false
2025-09-30T15:01:11.993 application=db_connection [error] Postgrex.Protocol (#PID<0.196.0>) failed to connect: ** (DBConnection.ConnectionError) tcp connect (db:5432): non-existing domain - :nxdomain
2025-09-30T15:01:11.993 application=db_connection [error] Postgrex.Protocol (#PID<0.212.0>) failed to connect: ** (DBConnection.ConnectionError) tcp connect (db:5432): non-existing domain - :nxdomain
2025-09-30T15:01:11.993 application=db_connection [error] Postgrex.Protocol (#PID<0.203.0>) failed to connect: ** (DBConnection.ConnectionError) tcp connect (db:5432): non-existing domain - :nxdomain
2025-09-30T15:01:11.993 application=db_connection [error] Postgrex.Protocol (#PID<0.200.0>) failed to connect: ** (DBConnection.ConnectionError) tcp connect (db:5432): non-existing domain - :nxdomain
2025-09-30T15:01:11.994 application=db_connection [error] Postgrex.Protocol (#PID<0.195.0>) failed to connect: ** (DBConnection.ConnectionError) tcp connect (db:5432): non-existing domain - :nxdomain
2025-09-30T15:01:11.993 [error] :gen_statem #PID<0.212.0> terminating
** (DBConnection.ConnectionError) tcp connect (db:5432): non-existing domain - :nxdomain
    (db_connection 2.8.0) lib/db_connection/connection.ex:104: DBConnection.Connection.handle_event/4
    (stdlib 6.2.2) gen_statem.erl:3737: :gen_statem.loop_state_callback/11
    (stdlib 6.2.2) proc_lib.erl:329: :proc_lib.init_p_do_apply/3
Queue: [internal: {:connect, :init}]
Postponed: []
State: Postgrex.Protocol
Callback mode: :handle_event_function, state_enter: false
2025-09-30T15:01:15.850 application=db_connection [error] Postgrex.Protocol (#PID<0.216.0>) failed to connect: ** (DBConnection.ConnectionError) tcp connect (db:5432): non-existing domain - :nxdomain
2025-09-30T15:01:15.850 application=db_connection [error] Postgrex.Protocol (#PID<0.200.0>) failed to connect: ** (DBConnection.ConnectionError) tcp connect (db:5432): non-existing domain - :nxdomain
2025-09-30T15:01:15.850 application=db_connection [error] Postgrex.Protocol (#PID<0.196.0>) failed to connect: ** (DBConnection.ConnectionError) tcp connect (db:5432): non-existing domain - :nxdomain
2025-09-30T15:01:15.851 application=db_connection [error] Postgrex.Protocol (#PID<0.203.0>) failed to connect: ** (DBConnection.ConnectionError) tcp connect (db:5432): non-existing domain - :nxdomain
2025-09-30T15:01:15.850 [error] :gen_statem #PID<0.216.0> terminating
** (DBConnection.ConnectionError) tcp connect (db:5432): non-existing domain - :nxdomain
    (db_connection 2.8.0) lib/db_connection/connection.ex:104: DBConnection.Connection.handle_event/4
    (stdlib 6.2.2) gen_statem.erl:3737: :gen_statem.loop_state_callback/11
    (stdlib 6.2.2) proc_lib.erl:329: :proc_lib.init_p_do_apply/3
Queue: [internal: {:connect, :init}]
Postponed: []
State: Postgrex.Protocol
Callback mode: :handle_event_function, state_enter: false
2025-09-30T15:01:19.732 application=db_connection [error] Postgrex.Protocol (#PID<0.220.0>) failed to connect: ** (DBConnection.ConnectionError) tcp connect (db:5432): non-existing domain - :nxdomain
2025-09-30T15:01:19.733 application=db_connection [error] Postgrex.Protocol (#PID<0.196.0>) failed to connect: ** (DBConnection.ConnectionError) tcp connect (db:5432): non-existing domain - :nxdomain
2025-09-30T15:01:19.733 application=db_connection [error] Postgrex.Protocol (#PID<0.195.0>) failed to connect: ** (DBConnection.ConnectionError) tcp connect (db:5432): non-existing domain - :nxdomain
2025-09-30T15:01:19.732 [error] :gen_statem #PID<0.220.0> terminating
** (DBConnection.ConnectionError) tcp connect (db:5432): non-existing domain - :nxdomain
    (db_connection 2.8.0) lib/db_connection/connection.ex:104: DBConnection.Connection.handle_event/4
    (stdlib 6.2.2) gen_statem.erl:3737: :gen_statem.loop_state_callback/11
    (stdlib 6.2.2) proc_lib.erl:329: :proc_lib.init_p_do_apply/3
Queue: [internal: {:connect, :init}]
Postponed: []
State: Postgrex.Protocol
Callback mode: :handle_event_function, state_enter: false
2025-09-30T15:01:24.085 application=db_connection [error] Postgrex.Protocol (#PID<0.203.0>) failed to connect: ** (DBConnection.ConnectionError) tcp connect (db:5432): non-existing domain - :nxdomain
2025-09-30T15:01:24.085 application=db_connection [error] Postgrex.Protocol (#PID<0.200.0>) failed to connect: ** (DBConnection.ConnectionError) tcp connect (db:5432): non-existing domain - :nxdomain
2025-09-30T15:01:24.172 application=ecto_sql [error] Could not create schema migrations table. This error usually happens due to the following:

  * The database does not exist
  * The "schema_migrations" table, which Ecto uses for managing
    migrations, was defined by another library
  * There is a deadlock while migrating (such as using concurrent
    indexes with a migration_lock)

To fix the first issue, run "mix ecto.create" for the desired MIX_ENV.

To address the second, you can run "mix ecto.drop" followed by
"mix ecto.create", both for the desired MIX_ENV. Alternatively you may
configure Ecto to use another table and/or repository for managing
migrations:

    config :explorer, Explorer.Repo,
      migration_source: "some_other_table_for_schema_migrations",
      migration_repo: AnotherRepoForSchemaMigrations

The full error report is shown below.

2025-09-30T15:01:34.957 application=db_connection [error] Postgrex.Protocol (#PID<0.201.0>) failed to connect: ** (DBConnection.ConnectionError) tcp connect (db:5432): non-existing domain - :nxdomain
2025-09-30T15:01:34.957 application=db_connection [error] Postgrex.Protocol (#PID<0.196.0>) failed to connect: ** (DBConnection.ConnectionError) tcp connect (db:5432): non-existing domain - :nxdomain
2025-09-30T15:01:34.957 application=db_connection [error] Postgrex.Protocol (#PID<0.200.0>) failed to connect: ** (DBConnection.ConnectionError) tcp connect (db:5432): non-existing domain - :nxdomain
2025-09-30T15:01:34.957 application=db_connection [error] Postgrex.Protocol (#PID<0.207.0>) failed to connect: ** (DBConnection.ConnectionError) tcp connect (db:5432): non-existing domain - :nxdomain
2025-09-30T15:01:34.957 application=db_connection [error] Postgrex.Protocol (#PID<0.195.0>) failed to connect: ** (DBConnection.ConnectionError) tcp connect (db:5432): non-existing domain - :nxdomain
2025-09-30T15:01:34.971 [error] :gen_statem #PID<0.207.0> terminating
** (DBConnection.ConnectionError) tcp connect (db:5432): non-existing domain - :nxdomain
    (db_connection 2.8.0) lib/db_connection/connection.ex:104: DBConnection.Connection.handle_event/4
    (stdlib 6.2.2) gen_statem.erl:3737: :gen_statem.loop_state_callback/11
    (stdlib 6.2.2) proc_lib.erl:329: :proc_lib.init_p_do_apply/3
Queue: [internal: {:connect, :init}]
Postponed: []
State: Postgrex.Protocol
Callback mode: :handle_event_function, state_enter: false
2025-09-30T15:01:38.854 application=db_connection [error] Postgrex.Protocol (#PID<0.212.0>) failed to connect: ** (DBConnection.ConnectionError) tcp connect (db:5432): non-existing domain - :nxdomain
2025-09-30T15:01:38.855 application=db_connection [error] Postgrex.Protocol (#PID<0.196.0>) failed to connect: ** (DBConnection.ConnectionError) tcp connect (db:5432): non-existing domain - :nxdomain
2025-09-30T15:01:38.855 application=db_connection [error] Postgrex.Protocol (#PID<0.201.0>) failed to connect: ** (DBConnection.ConnectionError) tcp connect (db:5432): non-existing domain - :nxdomain
2025-09-30T15:01:38.855 application=db_connection [error] Postgrex.Protocol (#PID<0.200.0>) failed to connect: ** (DBConnection.ConnectionError) tcp connect (db:5432): non-existing domain - :nxdomain
2025-09-30T15:01:38.855 application=db_connection [error] Postgrex.Protocol (#PID<0.195.0>) failed to connect: ** (DBConnection.ConnectionError) tcp connect (db:5432): non-existing domain - :nxdomain
2025-09-30T15:01:38.854 [error] :gen_statem #PID<0.212.0> terminating
** (DBConnection.ConnectionError) tcp connect (db:5432): non-existing domain - :nxdomain
    (db_connection 2.8.0) lib/db_connection/connection.ex:104: DBConnection.Connection.handle_event/4
    (stdlib 6.2.2) gen_statem.erl:3737: :gen_statem.loop_state_callback/11
    (stdlib 6.2.2) proc_lib.erl:329: :proc_lib.init_p_do_apply/3
Queue: [internal: {:connect, :init}]
Postponed: []
State: Postgrex.Protocol
Callback mode: :handle_event_function, state_enter: false
2025-09-30T15:01:41.362 application=db_connection [error] Postgrex.Protocol (#PID<0.216.0>) failed to connect: ** (DBConnection.ConnectionError) tcp connect (db:5432): connection refused - :econnrefused
2025-09-30T15:01:41.362 application=db_connection [error] Postgrex.Protocol (#PID<0.196.0>) failed to connect: ** (DBConnection.ConnectionError) tcp connect (db:5432): connection refused - :econnrefused
2025-09-30T15:01:41.362 [error] :gen_statem #PID<0.216.0> terminating
** (DBConnection.ConnectionError) tcp connect (db:5432): connection refused - :econnrefused
    (db_connection 2.8.0) lib/db_connection/connection.ex:104: DBConnection.Connection.handle_event/4
    (stdlib 6.2.2) gen_statem.erl:3737: :gen_statem.loop_state_callback/11
    (stdlib 6.2.2) proc_lib.erl:329: :proc_lib.init_p_do_apply/3
Queue: [internal: {:connect, :init}]
Postponed: []
State: Postgrex.Protocol
Callback mode: :handle_event_function, state_enter: false
2025-09-30T15:01:41.368 application=db_connection [error] Postgrex.Protocol (#PID<0.220.0>) failed to connect: ** (DBConnection.ConnectionError) tcp connect (db:5432): connection refused - :econnrefused
2025-09-30T15:01:41.368 [error] :gen_statem #PID<0.220.0> terminating
** (DBConnection.ConnectionError) tcp connect (db:5432): connection refused - :econnrefused
    (db_connection 2.8.0) lib/db_connection/connection.ex:104: DBConnection.Connection.handle_event/4
    (stdlib 6.2.2) gen_statem.erl:3737: :gen_statem.loop_state_callback/11
    (stdlib 6.2.2) proc_lib.erl:329: :proc_lib.init_p_do_apply/3
Queue: [internal: {:connect, :init}]
Postponed: []
State: Postgrex.Protocol
Callback mode: :handle_event_function, state_enter: false
2025-09-30T15:01:46.653 application=db_connection [error] Postgrex.Protocol (#PID<0.201.0>) failed to connect: ** (DBConnection.ConnectionError) tcp connect (db:5432): non-existing domain - :nxdomain
2025-09-30T15:01:46.653 application=db_connection [error] Postgrex.Protocol (#PID<0.200.0>) failed to connect: ** (DBConnection.ConnectionError) tcp connect (db:5432): non-existing domain - :nxdomain
2025-09-30T15:01:46.653 application=db_connection [error] Postgrex.Protocol (#PID<0.195.0>) failed to connect: ** (DBConnection.ConnectionError) tcp connect (db:5432): non-existing domain - :nxdomain
2025-09-30T15:01:46.998 application=ecto_sql [error] Could not create schema migrations table. This error usually happens due to the following:

  * The database does not exist
  * The "schema_migrations" table, which Ecto uses for managing
    migrations, was defined by another library
  * There is a deadlock while migrating (such as using concurrent
    indexes with a migration_lock)

To fix the first issue, run "mix ecto.create" for the desired MIX_ENV.

To address the second, you can run "mix ecto.drop" followed by
"mix ecto.create", both for the desired MIX_ENV. Alternatively you may
configure Ecto to use another table and/or repository for managing
migrations:

    config :explorer, Explorer.Repo,
      migration_source: "some_other_table_for_schema_migrations",
      migration_repo: AnotherRepoForSchemaMigrations

The full error report is shown below.

2025-09-30T15:01:58.434 application=db_connection [error] Postgrex.Protocol (#PID<0.207.0>) failed to connect: ** (DBConnection.ConnectionError) tcp connect (db:5432): non-existing domain - :nxdomain
2025-09-30T15:01:58.434 application=db_connection [error] Postgrex.Protocol (#PID<0.195.0>) failed to connect: ** (DBConnection.ConnectionError) tcp connect (db:5432): non-existing domain - :nxdomain
2025-09-30T15:01:58.433 application=db_connection [error] Postgrex.Protocol (#PID<0.200.0>) failed to connect: ** (DBConnection.ConnectionError) tcp connect (db:5432): non-existing domain - :nxdomain
2025-09-30T15:01:58.434 application=db_connection [error] Postgrex.Protocol (#PID<0.201.0>) failed to connect: ** (DBConnection.ConnectionError) tcp connect (db:5432): non-existing domain - :nxdomain
2025-09-30T15:01:58.433 application=db_connection [error] Postgrex.Protocol (#PID<0.196.0>) failed to connect: ** (DBConnection.ConnectionError) tcp connect (db:5432): non-existing domain - :nxdomain
2025-09-30T15:01:58.456 [error] :gen_statem #PID<0.207.0> terminating
** (DBConnection.ConnectionError) tcp connect (db:5432): non-existing domain - :nxdomain
    (db_connection 2.8.0) lib/db_connection/connection.ex:104: DBConnection.Connection.handle_event/4
    (stdlib 6.2.2) gen_statem.erl:3737: :gen_statem.loop_state_callback/11
    (stdlib 6.2.2) proc_lib.erl:329: :proc_lib.init_p_do_apply/3
Queue: [internal: {:connect, :init}]
Postponed: []
State: Postgrex.Protocol
Callback mode: :handle_event_function, state_enter: false
2025-09-30T15:02:02.357 application=db_connection [error] Postgrex.Protocol (#PID<0.212.0>) failed to connect: ** (DBConnection.ConnectionError) tcp connect (db:5432): non-existing domain - :nxdomain
2025-09-30T15:02:02.357 application=db_connection [error] Postgrex.Protocol (#PID<0.196.0>) failed to connect: ** (DBConnection.ConnectionError) tcp connect (db:5432): non-existing domain - :nxdomain
2025-09-30T15:02:02.357 application=db_connection [error] Postgrex.Protocol (#PID<0.195.0>) failed to connect: ** (DBConnection.ConnectionError) tcp connect (db:5432): non-existing domain - :nxdomain
2025-09-30T15:02:02.358 application=db_connection [error] Postgrex.Protocol (#PID<0.200.0>) failed to connect: ** (DBConnection.ConnectionError) tcp connect (db:5432): non-existing domain - :nxdomain
2025-09-30T15:02:02.358 application=db_connection [error] Postgrex.Protocol (#PID<0.201.0>) failed to connect: ** (DBConnection.ConnectionError) tcp connect (db:5432): non-existing domain - :nxdomain
2025-09-30T15:02:02.357 [error] :gen_statem #PID<0.212.0> terminating
** (DBConnection.ConnectionError) tcp connect (db:5432): non-existing domain - :nxdomain
    (db_connection 2.8.0) lib/db_connection/connection.ex:104: DBConnection.Connection.handle_event/4
    (stdlib 6.2.2) gen_statem.erl:3737: :gen_statem.loop_state_callback/11
    (stdlib 6.2.2) proc_lib.erl:329: :proc_lib.init_p_do_apply/3
Queue: [internal: {:connect, :init}]
Postponed: []
State: Postgrex.Protocol
Callback mode: :handle_event_function, state_enter: false
2025-09-30T15:02:06.244 application=db_connection [error] Postgrex.Protocol (#PID<0.196.0>) failed to connect: ** (DBConnection.ConnectionError) tcp connect (db:5432): non-existing domain - :nxdomain
2025-09-30T15:02:06.244 application=db_connection [error] Postgrex.Protocol (#PID<0.216.0>) failed to connect: ** (DBConnection.ConnectionError) tcp connect (db:5432): non-existing domain - :nxdomain
2025-09-30T15:02:06.244 application=db_connection [error] Postgrex.Protocol (#PID<0.195.0>) failed to connect: ** (DBConnection.ConnectionError) tcp connect (db:5432): non-existing domain - :nxdomain
2025-09-30T15:02:06.244 [error] :gen_statem #PID<0.216.0> terminating
** (DBConnection.ConnectionError) tcp connect (db:5432): non-existing domain - :nxdomain
    (db_connection 2.8.0) lib/db_connection/connection.ex:104: DBConnection.Connection.handle_event/4
    (stdlib 6.2.2) gen_statem.erl:3737: :gen_statem.loop_state_callback/11
    (stdlib 6.2.2) proc_lib.erl:329: :proc_lib.init_p_do_apply/3
Queue: [internal: {:connect, :init}]
Postponed: []
State: Postgrex.Protocol
Callback mode: :handle_event_function, state_enter: false
2025-09-30T15:02:10.124 application=db_connection [error] Postgrex.Protocol (#PID<0.220.0>) failed to connect: ** (DBConnection.ConnectionError) tcp connect (db:5432): non-existing domain - :nxdomain
2025-09-30T15:02:10.124 application=db_connection [error] Postgrex.Protocol (#PID<0.195.0>) failed to connect: ** (DBConnection.ConnectionError) tcp connect (db:5432): non-existing domain - :nxdomain
2025-09-30T15:02:10.124 application=db_connection [error] Postgrex.Protocol (#PID<0.196.0>) failed to connect: ** (DBConnection.ConnectionError) tcp connect (db:5432): non-existing domain - :nxdomain
2025-09-30T15:02:10.124 application=db_connection [error] Postgrex.Protocol (#PID<0.200.0>) failed to connect: ** (DBConnection.ConnectionError) tcp connect (db:5432): non-existing domain - :nxdomain
2025-09-30T15:02:10.125 application=db_connection [error] Postgrex.Protocol (#PID<0.201.0>) failed to connect: ** (DBConnection.ConnectionError) tcp connect (db:5432): non-existing domain - :nxdomain
2025-09-30T15:02:10.124 [error] :gen_statem #PID<0.220.0> terminating
** (DBConnection.ConnectionError) tcp connect (db:5432): non-existing domain - :nxdomain
    (db_connection 2.8.0) lib/db_connection/connection.ex:104: DBConnection.Connection.handle_event/4
    (stdlib 6.2.2) gen_statem.erl:3737: :gen_statem.loop_state_callback/11
    (stdlib 6.2.2) proc_lib.erl:329: :proc_lib.init_p_do_apply/3
Queue: [internal: {:connect, :init}]
Postponed: []
State: Postgrex.Protocol
Callback mode: :handle_event_function, state_enter: false
2025-09-30T15:02:14.550 application=ecto_sql [error] Could not create schema migrations table. This error usually happens due to the following:

  * The database does not exist
  * The "schema_migrations" table, which Ecto uses for managing
    migrations, was defined by another library
  * There is a deadlock while migrating (such as using concurrent
    indexes with a migration_lock)

To fix the first issue, run "mix ecto.create" for the desired MIX_ENV.

To address the second, you can run "mix ecto.drop" followed by
"mix ecto.create", both for the desired MIX_ENV. Alternatively you may
configure Ecto to use another table and/or repository for managing
migrations:

    config :explorer, Explorer.Repo,
      migration_source: "some_other_table_for_schema_migrations",
      migration_repo: AnotherRepoForSchemaMigrations

The full error report is shown below.

2025-09-30T15:02:22.297 application=db_connection [error] Postgrex.Protocol (#PID<0.196.0>) failed to connect: ** (DBConnection.ConnectionError) tcp connect (db:5432): non-existing domain - :nxdomain
2025-09-30T15:02:22.297 application=db_connection [error] Postgrex.Protocol (#PID<0.201.0>) failed to connect: ** (DBConnection.ConnectionError) tcp connect (db:5432): non-existing domain - :nxdomain
2025-09-30T15:02:22.297 application=db_connection [error] Postgrex.Protocol (#PID<0.200.0>) failed to connect: ** (DBConnection.ConnectionError) tcp connect (db:5432): non-existing domain - :nxdomain
2025-09-30T15:02:22.297 application=db_connection [error] Postgrex.Protocol (#PID<0.207.0>) failed to connect: ** (DBConnection.ConnectionError) tcp connect (db:5432): non-existing domain - :nxdomain
2025-09-30T15:02:22.297 application=db_connection [error] Postgrex.Protocol (#PID<0.195.0>) failed to connect: ** (DBConnection.ConnectionError) tcp connect (db:5432): non-existing domain - :nxdomain
2025-09-30T15:02:22.312 [error] :gen_statem #PID<0.207.0> terminating
** (DBConnection.ConnectionError) tcp connect (db:5432): non-existing domain - :nxdomain
    (db_connection 2.8.0) lib/db_connection/connection.ex:104: DBConnection.Connection.handle_event/4
    (stdlib 6.2.2) gen_statem.erl:3737: :gen_statem.loop_state_callback/11
    (stdlib 6.2.2) proc_lib.erl:329: :proc_lib.init_p_do_apply/3
Queue: [internal: {:connect, :init}]
Postponed: []
State: Postgrex.Protocol
Callback mode: :handle_event_function, state_enter: false
2025-09-30T15:02:25.057 application=db_connection [error] Postgrex.Protocol (#PID<0.196.0>) failed to connect: ** (DBConnection.ConnectionError) tcp connect (db:5432): non-existing domain - :nxdomain
2025-09-30T15:02:25.057 application=db_connection [error] Postgrex.Protocol (#PID<0.212.0>) failed to connect: ** (DBConnection.ConnectionError) tcp connect (db:5432): non-existing domain - :nxdomain
2025-09-30T15:02:25.058 application=db_connection [error] Postgrex.Protocol (#PID<0.200.0>) failed to connect: ** (DBConnection.ConnectionError) tcp connect (db:5432): non-existing domain - :nxdomain
2025-09-30T15:02:25.058 application=db_connection [error] Postgrex.Protocol (#PID<0.201.0>) failed to connect: ** (DBConnection.ConnectionError) tcp connect (db:5432): non-existing domain - :nxdomain
2025-09-30T15:02:25.058 application=db_connection [error] Postgrex.Protocol (#PID<0.195.0>) failed to connect: ** (DBConnection.ConnectionError) tcp connect (db:5432): non-existing domain - :nxdomain
2025-09-30T15:02:25.058 [error] :gen_statem #PID<0.212.0> terminating
** (DBConnection.ConnectionError) tcp connect (db:5432): non-existing domain - :nxdomain
    (db_connection 2.8.0) lib/db_connection/connection.ex:104: DBConnection.Connection.handle_event/4
    (stdlib 6.2.2) gen_statem.erl:3737: :gen_statem.loop_state_callback/11
    (stdlib 6.2.2) proc_lib.erl:329: :proc_lib.init_p_do_apply/3
Queue: [internal: {:connect, :init}]
Postponed: []
State: Postgrex.Protocol
Callback mode: :handle_event_function, state_enter: false
2025-09-30T15:02:28.907 application=db_connection [error] Postgrex.Protocol (#PID<0.200.0>) failed to connect: ** (DBConnection.ConnectionError) tcp connect (db:5432): non-existing domain - :nxdomain
2025-09-30T15:02:28.907 application=db_connection [error] Postgrex.Protocol (#PID<0.216.0>) failed to connect: ** (DBConnection.ConnectionError) tcp connect (db:5432): non-existing domain - :nxdomain
2025-09-30T15:02:28.907 application=db_connection [error] Postgrex.Protocol (#PID<0.196.0>) failed to connect: ** (DBConnection.ConnectionError) tcp connect (db:5432): non-existing domain - :nxdomain
2025-09-30T15:02:28.907 application=db_connection [error] Postgrex.Protocol (#PID<0.195.0>) failed to connect: ** (DBConnection.ConnectionError) tcp connect (db:5432): non-existing domain - :nxdomain
2025-09-30T15:02:28.907 application=db_connection [error] Postgrex.Protocol (#PID<0.201.0>) failed to connect: ** (DBConnection.ConnectionError) tcp connect (db:5432): non-existing domain - :nxdomain
2025-09-30T15:02:28.907 [error] :gen_statem #PID<0.216.0> terminating
** (DBConnection.ConnectionError) tcp connect (db:5432): non-existing domain - :nxdomain
    (db_connection 2.8.0) lib/db_connection/connection.ex:104: DBConnection.Connection.handle_event/4
    (stdlib 6.2.2) gen_statem.erl:3737: :gen_statem.loop_state_callback/11
    (stdlib 6.2.2) proc_lib.erl:329: :proc_lib.init_p_do_apply/3
Queue: [internal: {:connect, :init}]
Postponed: []
State: Postgrex.Protocol
Callback mode: :handle_event_function, state_enter: false
2025-09-30T15:02:32.766 application=db_connection [error] Postgrex.Protocol (#PID<0.220.0>) failed to connect: ** (DBConnection.ConnectionError) tcp connect (db:5432): non-existing domain - :nxdomain
2025-09-30T15:02:32.766 [error] :gen_statem #PID<0.220.0> terminating
** (DBConnection.ConnectionError) tcp connect (db:5432): non-existing domain - :nxdomain
    (db_connection 2.8.0) lib/db_connection/connection.ex:104: DBConnection.Connection.handle_event/4
    (stdlib 6.2.2) gen_statem.erl:3737: :gen_statem.loop_state_callback/11
    (stdlib 6.2.2) proc_lib.erl:329: :proc_lib.init_p_do_apply/3
Queue: [internal: {:connect, :init}]
Postponed: []
State: Postgrex.Protocol
Callback mode: :handle_event_function, state_enter: false
2025-09-30T15:02:37.107 application=db_connection [error] Postgrex.Protocol (#PID<0.200.0>) failed to connect: ** (DBConnection.ConnectionError) tcp connect (db:5432): non-existing domain - :nxdomain
2025-09-30T15:02:37.107 application=db_connection [error] Postgrex.Protocol (#PID<0.195.0>) failed to connect: ** (DBConnection.ConnectionError) tcp connect (db:5432): non-existing domain - :nxdomain
2025-09-30T15:02:37.107 application=db_connection [error] Postgrex.Protocol (#PID<0.196.0>) failed to connect: ** (DBConnection.ConnectionError) tcp connect (db:5432): non-existing domain - :nxdomain
2025-09-30T15:02:37.107 application=db_connection [error] Postgrex.Protocol (#PID<0.201.0>) failed to connect: ** (DBConnection.ConnectionError) tcp connect (db:5432): non-existing domain - :nxdomain
2025-09-30T15:02:37.248 application=ecto_sql [error] Could not create schema migrations table. This error usually happens due to the following:

  * The database does not exist
  * The "schema_migrations" table, which Ecto uses for managing
    migrations, was defined by another library
  * There is a deadlock while migrating (such as using concurrent
    indexes with a migration_lock)

To fix the first issue, run "mix ecto.create" for the desired MIX_ENV.

To address the second, you can run "mix ecto.drop" followed by
"mix ecto.create", both for the desired MIX_ENV. Alternatively you may
configure Ecto to use another table and/or repository for managing
migrations:

    config :explorer, Explorer.Repo,
      migration_source: "some_other_table_for_schema_migrations",
      migration_repo: AnotherRepoForSchemaMigrations

The full error report is shown below.

2025-09-30T15:02:48.824 application=db_connection [error] Postgrex.Protocol (#PID<0.196.0>) failed to connect: ** (DBConnection.ConnectionError) tcp connect (db:5432): non-existing domain - :nxdomain
2025-09-30T15:02:48.824 application=db_connection [error] Postgrex.Protocol (#PID<0.207.0>) failed to connect: ** (DBConnection.ConnectionError) tcp connect (db:5432): non-existing domain - :nxdomain
2025-09-30T15:02:48.824 application=db_connection [error] Postgrex.Protocol (#PID<0.195.0>) failed to connect: ** (DBConnection.ConnectionError) tcp connect (db:5432): non-existing domain - :nxdomain
2025-09-30T15:02:48.824 application=db_connection [error] Postgrex.Protocol (#PID<0.201.0>) failed to connect: ** (DBConnection.ConnectionError) tcp connect (db:5432): non-existing domain - :nxdomain
2025-09-30T15:02:48.824 application=db_connection [error] Postgrex.Protocol (#PID<0.200.0>) failed to connect: ** (DBConnection.ConnectionError) tcp connect (db:5432): non-existing domain - :nxdomain
2025-09-30T15:02:48.837 [error] :gen_statem #PID<0.207.0> terminating
** (DBConnection.ConnectionError) tcp connect (db:5432): non-existing domain - :nxdomain
    (db_connection 2.8.0) lib/db_connection/connection.ex:104: DBConnection.Connection.handle_event/4
    (stdlib 6.2.2) gen_statem.erl:3737: :gen_statem.loop_state_callback/11
    (stdlib 6.2.2) proc_lib.erl:329: :proc_lib.init_p_do_apply/3
Queue: [internal: {:connect, :init}]
Postponed: []
State: Postgrex.Protocol
Callback mode: :handle_event_function, state_enter: false
2025-09-30T15:02:51.589 application=db_connection [error] Postgrex.Protocol (#PID<0.212.0>) failed to connect: ** (DBConnection.ConnectionError) tcp connect (db:5432): non-existing domain - :nxdomain
2025-09-30T15:02:51.589 application=db_connection [error] Postgrex.Protocol (#PID<0.201.0>) failed to connect: ** (DBConnection.ConnectionError) tcp connect (db:5432): non-existing domain - :nxdomain
2025-09-30T15:02:51.589 application=db_connection [error] Postgrex.Protocol (#PID<0.196.0>) failed to connect: ** (DBConnection.ConnectionError) tcp connect (db:5432): non-existing domain - :nxdomain
2025-09-30T15:02:51.589 application=db_connection [error] Postgrex.Protocol (#PID<0.195.0>) failed to connect: ** (DBConnection.ConnectionError) tcp connect (db:5432): non-existing domain - :nxdomain
2025-09-30T15:02:51.589 application=db_connection [error] Postgrex.Protocol (#PID<0.200.0>) failed to connect: ** (DBConnection.ConnectionError) tcp connect (db:5432): non-existing domain - :nxdomain
2025-09-30T15:02:51.589 [error] :gen_statem #PID<0.212.0> terminating
** (DBConnection.ConnectionError) tcp connect (db:5432): non-existing domain - :nxdomain
    (db_connection 2.8.0) lib/db_connection/connection.ex:104: DBConnection.Connection.handle_event/4
    (stdlib 6.2.2) gen_statem.erl:3737: :gen_statem.loop_state_callback/11
    (stdlib 6.2.2) proc_lib.erl:329: :proc_lib.init_p_do_apply/3
Queue: [internal: {:connect, :init}]
Postponed: []
State: Postgrex.Protocol
Callback mode: :handle_event_function, state_enter: false
2025-09-30T15:02:55.458 application=db_connection [error] Postgrex.Protocol (#PID<0.216.0>) failed to connect: ** (DBConnection.ConnectionError) tcp connect (db:5432): non-existing domain - :nxdomain
2025-09-30T15:02:55.458 application=db_connection [error] Postgrex.Protocol (#PID<0.195.0>) failed to connect: ** (DBConnection.ConnectionError) tcp connect (db:5432): non-existing domain - :nxdomain
2025-09-30T15:02:55.458 application=db_connection [error] Postgrex.Protocol (#PID<0.196.0>) failed to connect: ** (DBConnection.ConnectionError) tcp connect (db:5432): non-existing domain - :nxdomain
2025-09-30T15:02:55.458 [error] :gen_statem #PID<0.216.0> terminating
** (DBConnection.ConnectionError) tcp connect (db:5432): non-existing domain - :nxdomain
    (db_connection 2.8.0) lib/db_connection/connection.ex:104: DBConnection.Connection.handle_event/4
    (stdlib 6.2.2) gen_statem.erl:3737: :gen_statem.loop_state_callback/11
    (stdlib 6.2.2) proc_lib.erl:329: :proc_lib.init_p_do_apply/3
Queue: [internal: {:connect, :init}]
Postponed: []
State: Postgrex.Protocol
Callback mode: :handle_event_function, state_enter: false
2025-09-30T15:02:59.331 application=db_connection [error] Postgrex.Protocol (#PID<0.201.0>) failed to connect: ** (DBConnection.ConnectionError) tcp connect (db:5432): non-existing domain - :nxdomain
2025-09-30T15:02:59.331 application=db_connection [error] Postgrex.Protocol (#PID<0.220.0>) failed to connect: ** (DBConnection.ConnectionError) tcp connect (db:5432): non-existing domain - :nxdomain
2025-09-30T15:02:59.331 application=db_connection [error] Postgrex.Protocol (#PID<0.200.0>) failed to connect: ** (DBConnection.ConnectionError) tcp connect (db:5432): non-existing domain - :nxdomain
2025-09-30T15:02:59.331 [error] :gen_statem #PID<0.220.0> terminating
** (DBConnection.ConnectionError) tcp connect (db:5432): non-existing domain - :nxdomain
    (db_connection 2.8.0) lib/db_connection/connection.ex:104: DBConnection.Connection.handle_event/4
    (stdlib 6.2.2) gen_statem.erl:3737: :gen_statem.loop_state_callback/11
    (stdlib 6.2.2) proc_lib.erl:329: :proc_lib.init_p_do_apply/3
Queue: [internal: {:connect, :init}]
Postponed: []
State: Postgrex.Protocol
Callback mode: :handle_event_function, state_enter: false
2025-09-30T15:03:03.169 application=db_connection [error] Postgrex.Protocol (#PID<0.195.0>) failed to connect: ** (DBConnection.ConnectionError) tcp connect (db:5432): non-existing domain - :nxdomain
2025-09-30T15:03:03.169 application=db_connection [error] Postgrex.Protocol (#PID<0.196.0>) failed to connect: ** (DBConnection.ConnectionError) tcp connect (db:5432): non-existing domain - :nxdomain
2025-09-30T15:03:03.773 application=ecto_sql [error] Could not create schema migrations table. This error usually happens due to the following:

  * The database does not exist
  * The "schema_migrations" table, which Ecto uses for managing
    migrations, was defined by another library
  * There is a deadlock while migrating (such as using concurrent
    indexes with a migration_lock)

To fix the first issue, run "mix ecto.create" for the desired MIX_ENV.

To address the second, you can run "mix ecto.drop" followed by
"mix ecto.create", both for the desired MIX_ENV. Alternatively you may
configure Ecto to use another table and/or repository for managing
migrations:

    config :explorer, Explorer.Repo,
      migration_source: "some_other_table_for_schema_migrations",
      migration_repo: AnotherRepoForSchemaMigrations

The full error report is shown below.

2025-09-30T15:03:13.785 application=db_connection [error] Postgrex.Protocol (#PID<0.196.0>) failed to connect: ** (DBConnection.ConnectionError) tcp connect (db:5432): non-existing domain - :nxdomain
2025-09-30T15:03:13.785 application=db_connection [error] Postgrex.Protocol (#PID<0.207.0>) failed to connect: ** (DBConnection.ConnectionError) tcp connect (db:5432): non-existing domain - :nxdomain
2025-09-30T15:03:13.785 application=db_connection [error] Postgrex.Protocol (#PID<0.200.0>) failed to connect: ** (DBConnection.ConnectionError) tcp connect (db:5432): non-existing domain - :nxdomain
2025-09-30T15:03:13.784 application=db_connection [error] Postgrex.Protocol (#PID<0.201.0>) failed to connect: ** (DBConnection.ConnectionError) tcp connect (db:5432): non-existing domain - :nxdomain
2025-09-30T15:03:13.784 application=db_connection [error] Postgrex.Protocol (#PID<0.195.0>) failed to connect: ** (DBConnection.ConnectionError) tcp connect (db:5432): non-existing domain - :nxdomain
2025-09-30T15:03:13.799 [error] :gen_statem #PID<0.207.0> terminating
** (DBConnection.ConnectionError) tcp connect (db:5432): non-existing domain - :nxdomain
    (db_connection 2.8.0) lib/db_connection/connection.ex:104: DBConnection.Connection.handle_event/4
    (stdlib 6.2.2) gen_statem.erl:3737: :gen_statem.loop_state_callback/11
    (stdlib 6.2.2) proc_lib.erl:329: :proc_lib.init_p_do_apply/3
Queue: [internal: {:connect, :init}]
Postponed: []
State: Postgrex.Protocol
Callback mode: :handle_event_function, state_enter: false
2025-09-30T15:03:17.709 application=db_connection [error] Postgrex.Protocol (#PID<0.196.0>) failed to connect: ** (DBConnection.ConnectionError) tcp connect (db:5432): non-existing domain - :nxdomain
2025-09-30T15:03:17.709 application=db_connection [error] Postgrex.Protocol (#PID<0.212.0>) failed to connect: ** (DBConnection.ConnectionError) tcp connect (db:5432): non-existing domain - :nxdomain
2025-09-30T15:03:17.709 application=db_connection [error] Postgrex.Protocol (#PID<0.195.0>) failed to connect: ** (DBConnection.ConnectionError) tcp connect (db:5432): non-existing domain - :nxdomain
2025-09-30T15:03:17.709 application=db_connection [error] Postgrex.Protocol (#PID<0.201.0>) failed to connect: ** (DBConnection.ConnectionError) tcp connect (db:5432): non-existing domain - :nxdomain
2025-09-30T15:03:17.709 application=db_connection [error] Postgrex.Protocol (#PID<0.200.0>) failed to connect: ** (DBConnection.ConnectionError) tcp connect (db:5432): non-existing domain - :nxdomain
2025-09-30T15:03:17.709 [error] :gen_statem #PID<0.212.0> terminating
** (DBConnection.ConnectionError) tcp connect (db:5432): non-existing domain - :nxdomain
    (db_connection 2.8.0) lib/db_connection/connection.ex:104: DBConnection.Connection.handle_event/4
    (stdlib 6.2.2) gen_statem.erl:3737: :gen_statem.loop_state_callback/11
    (stdlib 6.2.2) proc_lib.erl:329: :proc_lib.init_p_do_apply/3
Queue: [internal: {:connect, :init}]
Postponed: []
State: Postgrex.Protocol
Callback mode: :handle_event_function, state_enter: false
2025-09-30T15:03:20.453 application=db_connection [error] Postgrex.Protocol (#PID<0.216.0>) failed to connect: ** (DBConnection.ConnectionError) tcp connect (db:5432): non-existing domain - :nxdomain
2025-09-30T15:03:20.454 application=db_connection [error] Postgrex.Protocol (#PID<0.195.0>) failed to connect: ** (DBConnection.ConnectionError) tcp connect (db:5432): non-existing domain - :nxdomain
2025-09-30T15:03:20.454 application=db_connection [error] Postgrex.Protocol (#PID<0.201.0>) failed to connect: ** (DBConnection.ConnectionError) tcp connect (db:5432): non-existing domain - :nxdomain
2025-09-30T15:03:20.455 application=db_connection [error] Postgrex.Protocol (#PID<0.200.0>) failed to connect: ** (DBConnection.ConnectionError) tcp connect (db:5432): non-existing domain - :nxdomain
2025-09-30T15:03:20.453 [error] :gen_statem #PID<0.216.0> terminating
** (DBConnection.ConnectionError) tcp connect (db:5432): non-existing domain - :nxdomain
    (db_connection 2.8.0) lib/db_connection/connection.ex:104: DBConnection.Connection.handle_event/4
    (stdlib 6.2.2) gen_statem.erl:3737: :gen_statem.loop_state_callback/11
    (stdlib 6.2.2) proc_lib.erl:329: :proc_lib.init_p_do_apply/3
Queue: [internal: {:connect, :init}]
Postponed: []
State: Postgrex.Protocol
Callback mode: :handle_event_function, state_enter: false
2025-09-30T15:03:24.340 application=db_connection [error] Postgrex.Protocol (#PID<0.220.0>) failed to connect: ** (DBConnection.ConnectionError) tcp connect (db:5432): non-existing domain - :nxdomain
2025-09-30T15:03:24.340 application=db_connection [error] Postgrex.Protocol (#PID<0.196.0>) failed to connect: ** (DBConnection.ConnectionError) tcp connect (db:5432): non-existing domain - :nxdomain
2025-09-30T15:03:24.340 application=db_connection [error] Postgrex.Protocol (#PID<0.195.0>) failed to connect: ** (DBConnection.ConnectionError) tcp connect (db:5432): non-existing domain - :nxdomain
2025-09-30T15:03:24.340 [error] :gen_statem #PID<0.220.0> terminating
** (DBConnection.ConnectionError) tcp connect (db:5432): non-existing domain - :nxdomain
    (db_connection 2.8.0) lib/db_connection/connection.ex:104: DBConnection.Connection.handle_event/4
    (stdlib 6.2.2) gen_statem.erl:3737: :gen_statem.loop_state_callback/11
    (stdlib 6.2.2) proc_lib.erl:329: :proc_lib.init_p_do_apply/3
Queue: [internal: {:connect, :init}]
Postponed: []
State: Postgrex.Protocol
Callback mode: :handle_event_function, state_enter: false
2025-09-30T15:03:28.768 application=ecto_sql [error] Could not create schema migrations table. This error usually happens due to the following:

  * The database does not exist
  * The "schema_migrations" table, which Ecto uses for managing
    migrations, was defined by another library
  * There is a deadlock while migrating (such as using concurrent
    indexes with a migration_lock)

To fix the first issue, run "mix ecto.create" for the desired MIX_ENV.

To address the second, you can run "mix ecto.drop" followed by
"mix ecto.create", both for the desired MIX_ENV. Alternatively you may
configure Ecto to use another table and/or repository for managing
migrations:

    config :explorer, Explorer.Repo,
      migration_source: "some_other_table_for_schema_migrations",
      migration_repo: AnotherRepoForSchemaMigrations

The full error report is shown below.

2025-09-30T15:03:39.071 application=db_connection [error] Postgrex.Protocol (#PID<0.207.0>) failed to connect: ** (DBConnection.ConnectionError) tcp connect (db:5432): non-existing domain - :nxdomain
2025-09-30T15:03:39.071 application=db_connection [error] Postgrex.Protocol (#PID<0.201.0>) failed to connect: ** (DBConnection.ConnectionError) tcp connect (db:5432): non-existing domain - :nxdomain
2025-09-30T15:03:39.071 application=db_connection [error] Postgrex.Protocol (#PID<0.195.0>) failed to connect: ** (DBConnection.ConnectionError) tcp connect (db:5432): non-existing domain - :nxdomain
2025-09-30T15:03:39.071 application=db_connection [error] Postgrex.Protocol (#PID<0.200.0>) failed to connect: ** (DBConnection.ConnectionError) tcp connect (db:5432): non-existing domain - :nxdomain
2025-09-30T15:03:39.071 application=db_connection [error] Postgrex.Protocol (#PID<0.196.0>) failed to connect: ** (DBConnection.ConnectionError) tcp connect (db:5432): non-existing domain - :nxdomain
2025-09-30T15:03:39.094 [error] :gen_statem #PID<0.207.0> terminating
** (DBConnection.ConnectionError) tcp connect (db:5432): non-existing domain - :nxdomain
    (db_connection 2.8.0) lib/db_connection/connection.ex:104: DBConnection.Connection.handle_event/4
    (stdlib 6.2.2) gen_statem.erl:3737: :gen_statem.loop_state_callback/11
    (stdlib 6.2.2) proc_lib.erl:329: :proc_lib.init_p_do_apply/3
Queue: [internal: {:connect, :init}]
Postponed: []
State: Postgrex.Protocol
Callback mode: :handle_event_function, state_enter: false
2025-09-30T15:03:43.037 application=db_connection [error] Postgrex.Protocol (#PID<0.212.0>) failed to connect: ** (DBConnection.ConnectionError) tcp connect (db:5432): non-existing domain - :nxdomain
2025-09-30T15:03:43.037 application=db_connection [error] Postgrex.Protocol (#PID<0.201.0>) failed to connect: ** (DBConnection.ConnectionError) tcp connect (db:5432): non-existing domain - :nxdomain
2025-09-30T15:03:43.037 application=db_connection [error] Postgrex.Protocol (#PID<0.196.0>) failed to connect: ** (DBConnection.ConnectionError) tcp connect (db:5432): non-existing domain - :nxdomain
2025-09-30T15:03:43.037 application=db_connection [error] Postgrex.Protocol (#PID<0.195.0>) failed to connect: ** (DBConnection.ConnectionError) tcp connect (db:5432): non-existing domain - :nxdomain
2025-09-30T15:03:43.037 application=db_connection [error] Postgrex.Protocol (#PID<0.200.0>) failed to connect: ** (DBConnection.ConnectionError) tcp connect (db:5432): non-existing domain - :nxdomain
2025-09-30T15:03:43.037 [error] :gen_statem #PID<0.212.0> terminating
** (DBConnection.ConnectionError) tcp connect (db:5432): non-existing domain - :nxdomain
    (db_connection 2.8.0) lib/db_connection/connection.ex:104: DBConnection.Connection.handle_event/4
    (stdlib 6.2.2) gen_statem.erl:3737: :gen_statem.loop_state_callback/11
    (stdlib 6.2.2) proc_lib.erl:329: :proc_lib.init_p_do_apply/3
Queue: [internal: {:connect, :init}]
Postponed: []
State: Postgrex.Protocol
Callback mode: :handle_event_function, state_enter: false
2025-09-30T15:03:46.894 application=db_connection [error] Postgrex.Protocol (#PID<0.201.0>) failed to connect: ** (DBConnection.ConnectionError) tcp connect (db:5432): non-existing domain - :nxdomain
2025-09-30T15:03:46.894 application=db_connection [error] Postgrex.Protocol (#PID<0.216.0>) failed to connect: ** (DBConnection.ConnectionError) tcp connect (db:5432): non-existing domain - :nxdomain
2025-09-30T15:03:46.895 application=db_connection [error] Postgrex.Protocol (#PID<0.195.0>) failed to connect: ** (DBConnection.ConnectionError) tcp connect (db:5432): non-existing domain - :nxdomain
2025-09-30T15:03:46.895 application=db_connection [error] Postgrex.Protocol (#PID<0.200.0>) failed to connect: ** (DBConnection.ConnectionError) tcp connect (db:5432): non-existing domain - :nxdomain
2025-09-30T15:03:46.894 [error] :gen_statem #PID<0.216.0> terminating
** (DBConnection.ConnectionError) tcp connect (db:5432): non-existing domain - :nxdomain
    (db_connection 2.8.0) lib/db_connection/connection.ex:104: DBConnection.Connection.handle_event/4
    (stdlib 6.2.2) gen_statem.erl:3737: :gen_statem.loop_state_callback/11
    (stdlib 6.2.2) proc_lib.erl:329: :proc_lib.init_p_do_apply/3
Queue: [internal: {:connect, :init}]
Postponed: []
State: Postgrex.Protocol
Callback mode: :handle_event_function, state_enter: false
2025-09-30T15:03:49.646 application=db_connection [error] Postgrex.Protocol (#PID<0.201.0>) failed to connect: ** (DBConnection.ConnectionError) tcp connect (db:5432): non-existing domain - :nxdomain
2025-09-30T15:03:49.646 application=db_connection [error] Postgrex.Protocol (#PID<0.220.0>) failed to connect: ** (DBConnection.ConnectionError) tcp connect (db:5432): non-existing domain - :nxdomain
2025-09-30T15:03:49.647 application=db_connection [error] Postgrex.Protocol (#PID<0.195.0>) failed to connect: ** (DBConnection.ConnectionError) tcp connect (db:5432): non-existing domain - :nxdomain
2025-09-30T15:03:49.647 application=db_connection [error] Postgrex.Protocol (#PID<0.200.0>) failed to connect: ** (DBConnection.ConnectionError) tcp connect (db:5432): non-existing domain - :nxdomain
2025-09-30T15:03:49.647 application=db_connection [error] Postgrex.Protocol (#PID<0.196.0>) failed to connect: ** (DBConnection.ConnectionError) tcp connect (db:5432): non-existing domain - :nxdomain
2025-09-30T15:03:49.647 [error] :gen_statem #PID<0.220.0> terminating
** (DBConnection.ConnectionError) tcp connect (db:5432): non-existing domain - :nxdomain
    (db_connection 2.8.0) lib/db_connection/connection.ex:104: DBConnection.Connection.handle_event/4
    (stdlib 6.2.2) gen_statem.erl:3737: :gen_statem.loop_state_callback/11
    (stdlib 6.2.2) proc_lib.erl:329: :proc_lib.init_p_do_apply/3
Queue: [internal: {:connect, :init}]
Postponed: []
State: Postgrex.Protocol
Callback mode: :handle_event_function, state_enter: false
2025-09-30T15:03:54.031 application=ecto_sql [error] Could not create schema migrations table. This error usually happens due to the following:

  * The database does not exist
  * The "schema_migrations" table, which Ecto uses for managing
    migrations, was defined by another library
  * There is a deadlock while migrating (such as using concurrent
    indexes with a migration_lock)

To fix the first issue, run "mix ecto.create" for the desired MIX_ENV.

To address the second, you can run "mix ecto.drop" followed by
"mix ecto.create", both for the desired MIX_ENV. Alternatively you may
configure Ecto to use another table and/or repository for managing
migrations:

    config :explorer, Explorer.Repo,
      migration_source: "some_other_table_for_schema_migrations",
      migration_repo: AnotherRepoForSchemaMigrations

The full error report is shown below.

2025-09-30T15:04:02.087 application=db_connection [error] Postgrex.Protocol (#PID<0.200.0>) failed to connect: ** (DBConnection.ConnectionError) tcp connect (db:5432): non-existing domain - :nxdomain
2025-09-30T15:04:02.087 application=db_connection [error] Postgrex.Protocol (#PID<0.207.0>) failed to connect: ** (DBConnection.ConnectionError) tcp connect (db:5432): non-existing domain - :nxdomain
2025-09-30T15:04:02.087 application=db_connection [error] Postgrex.Protocol (#PID<0.201.0>) failed to connect: ** (DBConnection.ConnectionError) tcp connect (db:5432): non-existing domain - :nxdomain
2025-09-30T15:04:02.087 application=db_connection [error] Postgrex.Protocol (#PID<0.196.0>) failed to connect: ** (DBConnection.ConnectionError) tcp connect (db:5432): non-existing domain - :nxdomain
2025-09-30T15:04:02.087 application=db_connection [error] Postgrex.Protocol (#PID<0.195.0>) failed to connect: ** (DBConnection.ConnectionError) tcp connect (db:5432): non-existing domain - :nxdomain
2025-09-30T15:04:02.101 [error] :gen_statem #PID<0.207.0> terminating
** (DBConnection.ConnectionError) tcp connect (db:5432): non-existing domain - :nxdomain
    (db_connection 2.8.0) lib/db_connection/connection.ex:104: DBConnection.Connection.handle_event/4
    (stdlib 6.2.2) gen_statem.erl:3737: :gen_statem.loop_state_callback/11
    (stdlib 6.2.2) proc_lib.erl:329: :proc_lib.init_p_do_apply/3
Queue: [internal: {:connect, :init}]
Postponed: []
State: Postgrex.Protocol
Callback mode: :handle_event_function, state_enter: false
2025-09-30T15:04:06.000 application=db_connection [error] Postgrex.Protocol (#PID<0.201.0>) failed to connect: ** (DBConnection.ConnectionError) tcp connect (db:5432): non-existing domain - :nxdomain
2025-09-30T15:04:06.000 application=db_connection [error] Postgrex.Protocol (#PID<0.212.0>) failed to connect: ** (DBConnection.ConnectionError) tcp connect (db:5432): non-existing domain - :nxdomain
2025-09-30T15:04:06.000 application=db_connection [error] Postgrex.Protocol (#PID<0.200.0>) failed to connect: ** (DBConnection.ConnectionError) tcp connect (db:5432): non-existing domain - :nxdomain
2025-09-30T15:04:06.001 application=db_connection [error] Postgrex.Protocol (#PID<0.196.0>) failed to connect: ** (DBConnection.ConnectionError) tcp connect (db:5432): non-existing domain - :nxdomain
2025-09-30T15:04:06.001 application=db_connection [error] Postgrex.Protocol (#PID<0.195.0>) failed to connect: ** (DBConnection.ConnectionError) tcp connect (db:5432): non-existing domain - :nxdomain
2025-09-30T15:04:06.000 [error] :gen_statem #PID<0.212.0> terminating
** (DBConnection.ConnectionError) tcp connect (db:5432): non-existing domain - :nxdomain
    (db_connection 2.8.0) lib/db_connection/connection.ex:104: DBConnection.Connection.handle_event/4
    (stdlib 6.2.2) gen_statem.erl:3737: :gen_statem.loop_state_callback/11
    (stdlib 6.2.2) proc_lib.erl:329: :proc_lib.init_p_do_apply/3
Queue: [internal: {:connect, :init}]
Postponed: []
State: Postgrex.Protocol
Callback mode: :handle_event_function, state_enter: false
2025-09-30T15:04:09.873 application=db_connection [error] Postgrex.Protocol (#PID<0.216.0>) failed to connect: ** (DBConnection.ConnectionError) tcp connect (db:5432): non-existing domain - :nxdomain
2025-09-30T15:04:09.874 application=db_connection [error] Postgrex.Protocol (#PID<0.201.0>) failed to connect: ** (DBConnection.ConnectionError) tcp connect (db:5432): non-existing domain - :nxdomain
2025-09-30T15:04:09.874 application=db_connection [error] Postgrex.Protocol (#PID<0.196.0>) failed to connect: ** (DBConnection.ConnectionError) tcp connect (db:5432): non-existing domain - :nxdomain
2025-09-30T15:04:09.873 [error] :gen_statem #PID<0.216.0> terminating
** (DBConnection.ConnectionError) tcp connect (db:5432): non-existing domain - :nxdomain
    (db_connection 2.8.0) lib/db_connection/connection.ex:104: DBConnection.Connection.handle_event/4
    (stdlib 6.2.2) gen_statem.erl:3737: :gen_statem.loop_state_callback/11
    (stdlib 6.2.2) proc_lib.erl:329: :proc_lib.init_p_do_apply/3
Queue: [internal: {:connect, :init}]
Postponed: []
State: Postgrex.Protocol
Callback mode: :handle_event_function, state_enter: false
2025-09-30T15:04:13.740 application=db_connection [error] Postgrex.Protocol (#PID<0.220.0>) failed to connect: ** (DBConnection.ConnectionError) tcp connect (db:5432): non-existing domain - :nxdomain
2025-09-30T15:04:13.742 application=db_connection [error] Postgrex.Protocol (#PID<0.200.0>) failed to connect: ** (DBConnection.ConnectionError) tcp connect (db:5432): non-existing domain - :nxdomain
2025-09-30T15:04:13.742 application=db_connection [error] Postgrex.Protocol (#PID<0.196.0>) failed to connect: ** (DBConnection.ConnectionError) tcp connect (db:5432): non-existing domain - :nxdomain
2025-09-30T15:04:13.742 application=db_connection [error] Postgrex.Protocol (#PID<0.201.0>) failed to connect: ** (DBConnection.ConnectionError) tcp connect (db:5432): non-existing domain - :nxdomain
2025-09-30T15:04:13.742 application=db_connection [error] Postgrex.Protocol (#PID<0.195.0>) failed to connect: ** (DBConnection.ConnectionError) tcp connect (db:5432): non-existing domain - :nxdomain
2025-09-30T15:04:13.741 [error] :gen_statem #PID<0.220.0> terminating
** (DBConnection.ConnectionError) tcp connect (db:5432): non-existing domain - :nxdomain
    (db_connection 2.8.0) lib/db_connection/connection.ex:104: DBConnection.Connection.handle_event/4
    (stdlib 6.2.2) gen_statem.erl:3737: :gen_statem.loop_state_callback/11
    (stdlib 6.2.2) proc_lib.erl:329: :proc_lib.init_p_do_apply/3
Queue: [internal: {:connect, :init}]
Postponed: []
State: Postgrex.Protocol
Callback mode: :handle_event_function, state_enter: false
2025-09-30T15:04:18.182 application=ecto_sql [error] Could not create schema migrations table. This error usually happens due to the following:

  * The database does not exist
  * The "schema_migrations" table, which Ecto uses for managing
    migrations, was defined by another library
  * There is a deadlock while migrating (such as using concurrent
    indexes with a migration_lock)

To fix the first issue, run "mix ecto.create" for the desired MIX_ENV.

To address the second, you can run "mix ecto.drop" followed by
"mix ecto.create", both for the desired MIX_ENV. Alternatively you may
configure Ecto to use another table and/or repository for managing
migrations:

    config :explorer, Explorer.Repo,
      migration_source: "some_other_table_for_schema_migrations",
      migration_repo: AnotherRepoForSchemaMigrations

The full error report is shown below.

2025-09-30T15:04:25.608 application=db_connection [error] Postgrex.Protocol (#PID<0.196.0>) failed to connect: ** (DBConnection.ConnectionError) tcp connect (db:5432): non-existing domain - :nxdomain
2025-09-30T15:04:25.607 application=db_connection [error] Postgrex.Protocol (#PID<0.195.0>) failed to connect: ** (DBConnection.ConnectionError) tcp connect (db:5432): non-existing domain - :nxdomain
2025-09-30T15:04:25.607 application=db_connection [error] Postgrex.Protocol (#PID<0.201.0>) failed to connect: ** (DBConnection.ConnectionError) tcp connect (db:5432): non-existing domain - :nxdomain
2025-09-30T15:04:25.607 application=db_connection [error] Postgrex.Protocol (#PID<0.207.0>) failed to connect: ** (DBConnection.ConnectionError) tcp connect (db:5432): non-existing domain - :nxdomain
2025-09-30T15:04:25.607 application=db_connection [error] Postgrex.Protocol (#PID<0.200.0>) failed to connect: ** (DBConnection.ConnectionError) tcp connect (db:5432): non-existing domain - :nxdomain
2025-09-30T15:04:25.614 [error] :gen_statem #PID<0.207.0> terminating
** (DBConnection.ConnectionError) tcp connect (db:5432): non-existing domain - :nxdomain
    (db_connection 2.8.0) lib/db_connection/connection.ex:104: DBConnection.Connection.handle_event/4
    (stdlib 6.2.2) gen_statem.erl:3737: :gen_statem.loop_state_callback/11
    (stdlib 6.2.2) proc_lib.erl:329: :proc_lib.init_p_do_apply/3
Queue: [internal: {:connect, :init}]
Postponed: []
State: Postgrex.Protocol
Callback mode: :handle_event_function, state_enter: false
2025-09-30T15:04:29.484 application=db_connection [error] Postgrex.Protocol (#PID<0.212.0>) failed to connect: ** (DBConnection.ConnectionError) tcp connect (db:5432): non-existing domain - :nxdomain
2025-09-30T15:04:29.484 application=db_connection [error] Postgrex.Protocol (#PID<0.195.0>) failed to connect: ** (DBConnection.ConnectionError) tcp connect (db:5432): non-existing domain - :nxdomain
2025-09-30T15:04:29.485 application=db_connection [error] Postgrex.Protocol (#PID<0.201.0>) failed to connect: ** (DBConnection.ConnectionError) tcp connect (db:5432): non-existing domain - :nxdomain
2025-09-30T15:04:29.485 application=db_connection [error] Postgrex.Protocol (#PID<0.200.0>) failed to connect: ** (DBConnection.ConnectionError) tcp connect (db:5432): non-existing domain - :nxdomain
2025-09-30T15:04:29.485 application=db_connection [error] Postgrex.Protocol (#PID<0.196.0>) failed to connect: ** (DBConnection.ConnectionError) tcp connect (db:5432): non-existing domain - :nxdomain
2025-09-30T15:04:29.484 [error] :gen_statem #PID<0.212.0> terminating
** (DBConnection.ConnectionError) tcp connect (db:5432): non-existing domain - :nxdomain
    (db_connection 2.8.0) lib/db_connection/connection.ex:104: DBConnection.Connection.handle_event/4
    (stdlib 6.2.2) gen_statem.erl:3737: :gen_statem.loop_state_callback/11
    (stdlib 6.2.2) proc_lib.erl:329: :proc_lib.init_p_do_apply/3
Queue: [internal: {:connect, :init}]
Postponed: []
State: Postgrex.Protocol
Callback mode: :handle_event_function, state_enter: false
2025-09-30T15:04:33.324 application=db_connection [error] Postgrex.Protocol (#PID<0.216.0>) failed to connect: ** (DBConnection.ConnectionError) tcp connect (db:5432): non-existing domain - :nxdomain
2025-09-30T15:04:33.325 application=db_connection [error] Postgrex.Protocol (#PID<0.195.0>) failed to connect: ** (DBConnection.ConnectionError) tcp connect (db:5432): non-existing domain - :nxdomain
2025-09-30T15:04:33.325 application=db_connection [error] Postgrex.Protocol (#PID<0.200.0>) failed to connect: ** (DBConnection.ConnectionError) tcp connect (db:5432): non-existing domain - :nxdomain
2025-09-30T15:04:33.324 [error] :gen_statem #PID<0.216.0> terminating
** (DBConnection.ConnectionError) tcp connect (db:5432): non-existing domain - :nxdomain
    (db_connection 2.8.0) lib/db_connection/connection.ex:104: DBConnection.Connection.handle_event/4
    (stdlib 6.2.2) gen_statem.erl:3737: :gen_statem.loop_state_callback/11
    (stdlib 6.2.2) proc_lib.erl:329: :proc_lib.init_p_do_apply/3
Queue: [internal: {:connect, :init}]
Postponed: []
State: Postgrex.Protocol
Callback mode: :handle_event_function, state_enter: false
2025-09-30T15:04:37.183 application=db_connection [error] Postgrex.Protocol (#PID<0.220.0>) failed to connect: ** (DBConnection.ConnectionError) tcp connect (db:5432): non-existing domain - :nxdomain
2025-09-30T15:04:37.183 application=db_connection [error] Postgrex.Protocol (#PID<0.201.0>) failed to connect: ** (DBConnection.ConnectionError) tcp connect (db:5432): non-existing domain - :nxdomain
2025-09-30T15:04:37.183 application=db_connection [error] Postgrex.Protocol (#PID<0.196.0>) failed to connect: ** (DBConnection.ConnectionError) tcp connect (db:5432): non-existing domain - :nxdomain
2025-09-30T15:04:37.184 application=db_connection [error] Postgrex.Protocol (#PID<0.195.0>) failed to connect: ** (DBConnection.ConnectionError) tcp connect (db:5432): non-existing domain - :nxdomain
2025-09-30T15:04:37.183 [error] :gen_statem #PID<0.220.0> terminating
** (DBConnection.ConnectionError) tcp connect (db:5432): non-existing domain - :nxdomain
    (db_connection 2.8.0) lib/db_connection/connection.ex:104: DBConnection.Connection.handle_event/4
    (stdlib 6.2.2) gen_statem.erl:3737: :gen_statem.loop_state_callback/11
    (stdlib 6.2.2) proc_lib.erl:329: :proc_lib.init_p_do_apply/3
Queue: [internal: {:connect, :init}]
Postponed: []
State: Postgrex.Protocol
Callback mode: :handle_event_function, state_enter: false
2025-09-30T15:04:41.727 application=ecto_sql [error] Could not create schema migrations table. This error usually happens due to the following:

  * The database does not exist
  * The "schema_migrations" table, which Ecto uses for managing
    migrations, was defined by another library
  * There is a deadlock while migrating (such as using concurrent
    indexes with a migration_lock)

To fix the first issue, run "mix ecto.create" for the desired MIX_ENV.

To address the second, you can run "mix ecto.drop" followed by
"mix ecto.create", both for the desired MIX_ENV. Alternatively you may
configure Ecto to use another table and/or repository for managing
migrations:

    config :explorer, Explorer.Repo,
      migration_source: "some_other_table_for_schema_migrations",
      migration_repo: AnotherRepoForSchemaMigrations

The full error report is shown below.

2025-09-30T15:04:50.937 application=db_connection [error] Postgrex.Protocol (#PID<0.196.0>) failed to connect: ** (DBConnection.ConnectionError) tcp connect (db:5432): non-existing domain - :nxdomain
2025-09-30T15:04:50.937 application=db_connection [error] Postgrex.Protocol (#PID<0.195.0>) failed to connect: ** (DBConnection.ConnectionError) tcp connect (db:5432): non-existing domain - :nxdomain
2025-09-30T15:04:50.937 application=db_connection [error] Postgrex.Protocol (#PID<0.207.0>) failed to connect: ** (DBConnection.ConnectionError) tcp connect (db:5432): non-existing domain - :nxdomain
2025-09-30T15:04:50.937 application=db_connection [error] Postgrex.Protocol (#PID<0.200.0>) failed to connect: ** (DBConnection.ConnectionError) tcp connect (db:5432): non-existing domain - :nxdomain
2025-09-30T15:04:50.937 application=db_connection [error] Postgrex.Protocol (#PID<0.201.0>) failed to connect: ** (DBConnection.ConnectionError) tcp connect (db:5432): non-existing domain - :nxdomain
2025-09-30T15:04:50.950 [error] :gen_statem #PID<0.207.0> terminating
** (DBConnection.ConnectionError) tcp connect (db:5432): non-existing domain - :nxdomain
    (db_connection 2.8.0) lib/db_connection/connection.ex:104: DBConnection.Connection.handle_event/4
    (stdlib 6.2.2) gen_statem.erl:3737: :gen_statem.loop_state_callback/11
    (stdlib 6.2.2) proc_lib.erl:329: :proc_lib.init_p_do_apply/3
Queue: [internal: {:connect, :init}]
Postponed: []
State: Postgrex.Protocol
Callback mode: :handle_event_function, state_enter: false
2025-09-30T15:04:54.846 application=db_connection [error] Postgrex.Protocol (#PID<0.196.0>) failed to connect: ** (DBConnection.ConnectionError) tcp connect (db:5432): non-existing domain - :nxdomain
2025-09-30T15:04:54.846 application=db_connection [error] Postgrex.Protocol (#PID<0.200.0>) failed to connect: ** (DBConnection.ConnectionError) tcp connect (db:5432): non-existing domain - :nxdomain
2025-09-30T15:04:54.846 application=db_connection [error] Postgrex.Protocol (#PID<0.212.0>) failed to connect: ** (DBConnection.ConnectionError) tcp connect (db:5432): non-existing domain - :nxdomain
2025-09-30T15:04:54.846 application=db_connection [error] Postgrex.Protocol (#PID<0.201.0>) failed to connect: ** (DBConnection.ConnectionError) tcp connect (db:5432): non-existing domain - :nxdomain
2025-09-30T15:04:54.846 application=db_connection [error] Postgrex.Protocol (#PID<0.195.0>) failed to connect: ** (DBConnection.ConnectionError) tcp connect (db:5432): non-existing domain - :nxdomain
2025-09-30T15:04:54.846 [error] :gen_statem #PID<0.212.0> terminating
** (DBConnection.ConnectionError) tcp connect (db:5432): non-existing domain - :nxdomain
    (db_connection 2.8.0) lib/db_connection/connection.ex:104: DBConnection.Connection.handle_event/4
    (stdlib 6.2.2) gen_statem.erl:3737: :gen_statem.loop_state_callback/11
    (stdlib 6.2.2) proc_lib.erl:329: :proc_lib.init_p_do_apply/3
Queue: [internal: {:connect, :init}]
Postponed: []
State: Postgrex.Protocol
Callback mode: :handle_event_function, state_enter: false
2025-09-30T15:04:58.716 application=db_connection [error] Postgrex.Protocol (#PID<0.216.0>) failed to connect: ** (DBConnection.ConnectionError) tcp connect (db:5432): non-existing domain - :nxdomain
2025-09-30T15:04:58.716 application=db_connection [error] Postgrex.Protocol (#PID<0.201.0>) failed to connect: ** (DBConnection.ConnectionError) tcp connect (db:5432): non-existing domain - :nxdomain
2025-09-30T15:04:58.716 [error] :gen_statem #PID<0.216.0> terminating
** (DBConnection.ConnectionError) tcp connect (db:5432): non-existing domain - :nxdomain
    (db_connection 2.8.0) lib/db_connection/connection.ex:104: DBConnection.Connection.handle_event/4
    (stdlib 6.2.2) gen_statem.erl:3737: :gen_statem.loop_state_callback/11
    (stdlib 6.2.2) proc_lib.erl:329: :proc_lib.init_p_do_apply/3
Queue: [internal: {:connect, :init}]
Postponed: []
State: Postgrex.Protocol
Callback mode: :handle_event_function, state_enter: false
2025-09-30T15:05:02.592 application=db_connection [error] Postgrex.Protocol (#PID<0.195.0>) failed to connect: ** (DBConnection.ConnectionError) tcp connect (db:5432): non-existing domain - :nxdomain
2025-09-30T15:05:02.592 application=db_connection [error] Postgrex.Protocol (#PID<0.196.0>) failed to connect: ** (DBConnection.ConnectionError) tcp connect (db:5432): non-existing domain - :nxdomain
2025-09-30T15:05:02.592 application=db_connection [error] Postgrex.Protocol (#PID<0.220.0>) failed to connect: ** (DBConnection.ConnectionError) tcp connect (db:5432): non-existing domain - :nxdomain
2025-09-30T15:05:02.592 application=db_connection [error] Postgrex.Protocol (#PID<0.200.0>) failed to connect: ** (DBConnection.ConnectionError) tcp connect (db:5432): non-existing domain - :nxdomain
2025-09-30T15:05:02.592 [error] :gen_statem #PID<0.220.0> terminating
** (DBConnection.ConnectionError) tcp connect (db:5432): non-existing domain - :nxdomain
    (db_connection 2.8.0) lib/db_connection/connection.ex:104: DBConnection.Connection.handle_event/4
    (stdlib 6.2.2) gen_statem.erl:3737: :gen_statem.loop_state_callback/11
    (stdlib 6.2.2) proc_lib.erl:329: :proc_lib.init_p_do_apply/3
Queue: [internal: {:connect, :init}]
Postponed: []
State: Postgrex.Protocol
Callback mode: :handle_event_function, state_enter: false
2025-09-30T15:05:07.037 application=ecto_sql [error] Could not create schema migrations table. This error usually happens due to the following:

  * The database does not exist
  * The "schema_migrations" table, which Ecto uses for managing
    migrations, was defined by another library
  * There is a deadlock while migrating (such as using concurrent
    indexes with a migration_lock)

To fix the first issue, run "mix ecto.create" for the desired MIX_ENV.

To address the second, you can run "mix ecto.drop" followed by
"mix ecto.create", both for the desired MIX_ENV. Alternatively you may
configure Ecto to use another table and/or repository for managing
migrations:

    config :explorer, Explorer.Repo,
      migration_source: "some_other_table_for_schema_migrations",
      migration_repo: AnotherRepoForSchemaMigrations

The full error report is shown below.

2025-09-30T15:05:14.469 application=db_connection [error] Postgrex.Protocol (#PID<0.195.0>) failed to connect: ** (DBConnection.ConnectionError) tcp connect (db:5432): non-existing domain - :nxdomain
2025-09-30T15:05:14.469 application=db_connection [error] Postgrex.Protocol (#PID<0.200.0>) failed to connect: ** (DBConnection.ConnectionError) tcp connect (db:5432): non-existing domain - :nxdomain
2025-09-30T15:05:14.469 application=db_connection [error] Postgrex.Protocol (#PID<0.201.0>) failed to connect: ** (DBConnection.ConnectionError) tcp connect (db:5432): non-existing domain - :nxdomain
2025-09-30T15:05:14.469 application=db_connection [error] Postgrex.Protocol (#PID<0.207.0>) failed to connect: ** (DBConnection.ConnectionError) tcp connect (db:5432): non-existing domain - :nxdomain
2025-09-30T15:05:14.476 application=db_connection [error] Postgrex.Protocol (#PID<0.196.0>) failed to connect: ** (DBConnection.ConnectionError) tcp connect (db:5432): non-existing domain - :nxdomain
2025-09-30T15:05:14.508 [error] :gen_statem #PID<0.207.0> terminating
** (DBConnection.ConnectionError) tcp connect (db:5432): non-existing domain - :nxdomain
    (db_connection 2.8.0) lib/db_connection/connection.ex:104: DBConnection.Connection.handle_event/4
    (stdlib 6.2.2) gen_statem.erl:3737: :gen_statem.loop_state_callback/11
    (stdlib 6.2.2) proc_lib.erl:329: :proc_lib.init_p_do_apply/3
Queue: [internal: {:connect, :init}]
Postponed: []
State: Postgrex.Protocol
Callback mode: :handle_event_function, state_enter: false
2025-09-30T15:05:17.333 application=db_connection [error] Postgrex.Protocol (#PID<0.211.0>) failed to connect: ** (DBConnection.ConnectionError) tcp connect (db:5432): non-existing domain - :nxdomain
2025-09-30T15:05:17.334 application=db_connection [error] Postgrex.Protocol (#PID<0.196.0>) failed to connect: ** (DBConnection.ConnectionError) tcp connect (db:5432): non-existing domain - :nxdomain
2025-09-30T15:05:17.334 application=db_connection [error] Postgrex.Protocol (#PID<0.200.0>) failed to connect: ** (DBConnection.ConnectionError) tcp connect (db:5432): non-existing domain - :nxdomain
2025-09-30T15:05:17.334 application=db_connection [error] Postgrex.Protocol (#PID<0.201.0>) failed to connect: ** (DBConnection.ConnectionError) tcp connect (db:5432): non-existing domain - :nxdomain
2025-09-30T15:05:17.334 application=db_connection [error] Postgrex.Protocol (#PID<0.195.0>) failed to connect: ** (DBConnection.ConnectionError) tcp connect (db:5432): non-existing domain - :nxdomain
2025-09-30T15:05:17.333 [error] :gen_statem #PID<0.211.0> terminating
** (DBConnection.ConnectionError) tcp connect (db:5432): non-existing domain - :nxdomain
    (db_connection 2.8.0) lib/db_connection/connection.ex:104: DBConnection.Connection.handle_event/4
    (stdlib 6.2.2) gen_statem.erl:3737: :gen_statem.loop_state_callback/11
    (stdlib 6.2.2) proc_lib.erl:329: :proc_lib.init_p_do_apply/3
Queue: [internal: {:connect, :init}]
Postponed: []
State: Postgrex.Protocol
Callback mode: :handle_event_function, state_enter: false
2025-09-30T15:05:21.196 application=db_connection [error] Postgrex.Protocol (#PID<0.196.0>) failed to connect: ** (DBConnection.ConnectionError) tcp connect (db:5432): non-existing domain - :nxdomain
2025-09-30T15:05:21.196 application=db_connection [error] Postgrex.Protocol (#PID<0.200.0>) failed to connect: ** (DBConnection.ConnectionError) tcp connect (db:5432): non-existing domain - :nxdomain
2025-09-30T15:05:21.196 application=db_connection [error] Postgrex.Protocol (#PID<0.216.0>) failed to connect: ** (DBConnection.ConnectionError) tcp connect (db:5432): non-existing domain - :nxdomain
2025-09-30T15:05:21.196 [error] :gen_statem #PID<0.216.0> terminating
** (DBConnection.ConnectionError) tcp connect (db:5432): non-existing domain - :nxdomain
    (db_connection 2.8.0) lib/db_connection/connection.ex:104: DBConnection.Connection.handle_event/4
    (stdlib 6.2.2) gen_statem.erl:3737: :gen_statem.loop_state_callback/11
    (stdlib 6.2.2) proc_lib.erl:329: :proc_lib.init_p_do_apply/3
Queue: [internal: {:connect, :init}]
Postponed: []
State: Postgrex.Protocol
Callback mode: :handle_event_function, state_enter: false
2025-09-30T15:05:25.057 application=db_connection [error] Postgrex.Protocol (#PID<0.195.0>) failed to connect: ** (DBConnection.ConnectionError) tcp connect (db:5432): non-existing domain - :nxdomain
2025-09-30T15:05:25.057 application=db_connection [error] Postgrex.Protocol (#PID<0.220.0>) failed to connect: ** (DBConnection.ConnectionError) tcp connect (db:5432): non-existing domain - :nxdomain
2025-09-30T15:05:25.058 application=db_connection [error] Postgrex.Protocol (#PID<0.201.0>) failed to connect: ** (DBConnection.ConnectionError) tcp connect (db:5432): non-existing domain - :nxdomain
2025-09-30T15:05:25.058 [error] :gen_statem #PID<0.220.0> terminating
** (DBConnection.ConnectionError) tcp connect (db:5432): non-existing domain - :nxdomain
    (db_connection 2.8.0) lib/db_connection/connection.ex:104: DBConnection.Connection.handle_event/4
    (stdlib 6.2.2) gen_statem.erl:3737: :gen_statem.loop_state_callback/11
    (stdlib 6.2.2) proc_lib.erl:329: :proc_lib.init_p_do_apply/3
Queue: [internal: {:connect, :init}]
Postponed: []
State: Postgrex.Protocol
Callback mode: :handle_event_function, state_enter: false
2025-09-30T15:05:29.385 application=ecto_sql [error] Could not create schema migrations table. This error usually happens due to the following:

  * The database does not exist
  * The "schema_migrations" table, which Ecto uses for managing
    migrations, was defined by another library
  * There is a deadlock while migrating (such as using concurrent
    indexes with a migration_lock)

To fix the first issue, run "mix ecto.create" for the desired MIX_ENV.

To address the second, you can run "mix ecto.drop" followed by
"mix ecto.create", both for the desired MIX_ENV. Alternatively you may
configure Ecto to use another table and/or repository for managing
migrations:

    config :explorer, Explorer.Repo,
      migration_source: "some_other_table_for_schema_migrations",
      migration_repo: AnotherRepoForSchemaMigrations

The full error report is shown below.

2025-09-30T15:05:39.938 application=db_connection [error] Postgrex.Protocol (#PID<0.207.0>) failed to connect: ** (DBConnection.ConnectionError) tcp connect (db:5432): non-existing domain - :nxdomain
2025-09-30T15:05:39.938 application=db_connection [error] Postgrex.Protocol (#PID<0.195.0>) failed to connect: ** (DBConnection.ConnectionError) tcp connect (db:5432): non-existing domain - :nxdomain
2025-09-30T15:05:39.938 application=db_connection [error] Postgrex.Protocol (#PID<0.196.0>) failed to connect: ** (DBConnection.ConnectionError) tcp connect (db:5432): non-existing domain - :nxdomain
2025-09-30T15:05:39.938 application=db_connection [error] Postgrex.Protocol (#PID<0.200.0>) failed to connect: ** (DBConnection.ConnectionError) tcp connect (db:5432): non-existing domain - :nxdomain
2025-09-30T15:05:39.938 application=db_connection [error] Postgrex.Protocol (#PID<0.201.0>) failed to connect: ** (DBConnection.ConnectionError) tcp connect (db:5432): non-existing domain - :nxdomain
2025-09-30T15:05:39.949 [error] :gen_statem #PID<0.207.0> terminating
** (DBConnection.ConnectionError) tcp connect (db:5432): non-existing domain - :nxdomain
    (db_connection 2.8.0) lib/db_connection/connection.ex:104: DBConnection.Connection.handle_event/4
    (stdlib 6.2.2) gen_statem.erl:3737: :gen_statem.loop_state_callback/11
    (stdlib 6.2.2) proc_lib.erl:329: :proc_lib.init_p_do_apply/3
Queue: [internal: {:connect, :init}]
Postponed: []
State: Postgrex.Protocol
Callback mode: :handle_event_function, state_enter: false
2025-09-30T15:05:43.862 application=db_connection [error] Postgrex.Protocol (#PID<0.200.0>) failed to connect: ** (DBConnection.ConnectionError) tcp connect (db:5432): non-existing domain - :nxdomain
2025-09-30T15:05:43.862 application=db_connection [error] Postgrex.Protocol (#PID<0.212.0>) failed to connect: ** (DBConnection.ConnectionError) tcp connect (db:5432): non-existing domain - :nxdomain
2025-09-30T15:05:43.863 application=db_connection [error] Postgrex.Protocol (#PID<0.201.0>) failed to connect: ** (DBConnection.ConnectionError) tcp connect (db:5432): non-existing domain - :nxdomain
2025-09-30T15:05:43.863 application=db_connection [error] Postgrex.Protocol (#PID<0.195.0>) failed to connect: ** (DBConnection.ConnectionError) tcp connect (db:5432): non-existing domain - :nxdomain
2025-09-30T15:05:43.863 application=db_connection [error] Postgrex.Protocol (#PID<0.196.0>) failed to connect: ** (DBConnection.ConnectionError) tcp connect (db:5432): non-existing domain - :nxdomain
2025-09-30T15:05:43.862 [error] :gen_statem #PID<0.212.0> terminating
** (DBConnection.ConnectionError) tcp connect (db:5432): non-existing domain - :nxdomain
    (db_connection 2.8.0) lib/db_connection/connection.ex:104: DBConnection.Connection.handle_event/4
    (stdlib 6.2.2) gen_statem.erl:3737: :gen_statem.loop_state_callback/11
    (stdlib 6.2.2) proc_lib.erl:329: :proc_lib.init_p_do_apply/3
Queue: [internal: {:connect, :init}]
Postponed: []
State: Postgrex.Protocol
Callback mode: :handle_event_function, state_enter: false
2025-09-30T15:05:46.589 application=db_connection [error] Postgrex.Protocol (#PID<0.201.0>) failed to connect: ** (DBConnection.ConnectionError) tcp connect (db:5432): non-existing domain - :nxdomain
2025-09-30T15:05:46.589 application=db_connection [error] Postgrex.Protocol (#PID<0.216.0>) failed to connect: ** (DBConnection.ConnectionError) tcp connect (db:5432): non-existing domain - :nxdomain
2025-09-30T15:05:46.589 [error] :gen_statem #PID<0.216.0> terminating
** (DBConnection.ConnectionError) tcp connect (db:5432): non-existing domain - :nxdomain
    (db_connection 2.8.0) lib/db_connection/connection.ex:104: DBConnection.Connection.handle_event/4
    (stdlib 6.2.2) gen_statem.erl:3737: :gen_statem.loop_state_callback/11
    (stdlib 6.2.2) proc_lib.erl:329: :proc_lib.init_p_do_apply/3
Queue: [internal: {:connect, :init}]
Postponed: []
State: Postgrex.Protocol
Callback mode: :handle_event_function, state_enter: false
2025-09-30T15:05:50.478 application=db_connection [error] Postgrex.Protocol (#PID<0.220.0>) failed to connect: ** (DBConnection.ConnectionError) tcp connect (db:5432): non-existing domain - :nxdomain
2025-09-30T15:05:50.478 application=db_connection [error] Postgrex.Protocol (#PID<0.200.0>) failed to connect: ** (DBConnection.ConnectionError) tcp connect (db:5432): non-existing domain - :nxdomain
2025-09-30T15:05:50.479 application=db_connection [error] Postgrex.Protocol (#PID<0.196.0>) failed to connect: ** (DBConnection.ConnectionError) tcp connect (db:5432): non-existing domain - :nxdomain
2025-09-30T15:05:50.479 application=db_connection [error] Postgrex.Protocol (#PID<0.195.0>) failed to connect: ** (DBConnection.ConnectionError) tcp connect (db:5432): non-existing domain - :nxdomain
2025-09-30T15:05:50.478 [error] :gen_statem #PID<0.220.0> terminating
** (DBConnection.ConnectionError) tcp connect (db:5432): non-existing domain - :nxdomain
    (db_connection 2.8.0) lib/db_connection/connection.ex:104: DBConnection.Connection.handle_event/4
    (stdlib 6.2.2) gen_statem.erl:3737: :gen_statem.loop_state_callback/11
    (stdlib 6.2.2) proc_lib.erl:329: :proc_lib.init_p_do_apply/3
Queue: [internal: {:connect, :init}]
Postponed: []
State: Postgrex.Protocol
Callback mode: :handle_event_function, state_enter: false
2025-09-30T15:05:54.887 application=ecto_sql [error] Could not create schema migrations table. This error usually happens due to the following:

  * The database does not exist
  * The "schema_migrations" table, which Ecto uses for managing
    migrations, was defined by another library
  * There is a deadlock while migrating (such as using concurrent
    indexes with a migration_lock)

To fix the first issue, run "mix ecto.create" for the desired MIX_ENV.

To address the second, you can run "mix ecto.drop" followed by
"mix ecto.create", both for the desired MIX_ENV. Alternatively you may
configure Ecto to use another table and/or repository for managing
migrations:

    config :explorer, Explorer.Repo,
      migration_source: "some_other_table_for_schema_migrations",
      migration_repo: AnotherRepoForSchemaMigrations

The full error report is shown below.

2025-09-30T15:06:04.781 application=db_connection [error] Postgrex.Protocol (#PID<0.201.0>) failed to connect: ** (DBConnection.ConnectionError) tcp connect (db:5432): non-existing domain - :nxdomain
2025-09-30T15:06:04.781 application=db_connection [error] Postgrex.Protocol (#PID<0.196.0>) failed to connect: ** (DBConnection.ConnectionError) tcp connect (db:5432): non-existing domain - :nxdomain
2025-09-30T15:06:04.781 application=db_connection [error] Postgrex.Protocol (#PID<0.207.0>) failed to connect: ** (DBConnection.ConnectionError) tcp connect (db:5432): non-existing domain - :nxdomain
2025-09-30T15:06:04.781 application=db_connection [error] Postgrex.Protocol (#PID<0.200.0>) failed to connect: ** (DBConnection.ConnectionError) tcp connect (db:5432): non-existing domain - :nxdomain
2025-09-30T15:06:04.781 application=db_connection [error] Postgrex.Protocol (#PID<0.195.0>) failed to connect: ** (DBConnection.ConnectionError) tcp connect (db:5432): non-existing domain - :nxdomain
2025-09-30T15:06:04.790 [error] :gen_statem #PID<0.207.0> terminating
** (DBConnection.ConnectionError) tcp connect (db:5432): non-existing domain - :nxdomain
    (db_connection 2.8.0) lib/db_connection/connection.ex:104: DBConnection.Connection.handle_event/4
    (stdlib 6.2.2) gen_statem.erl:3737: :gen_statem.loop_state_callback/11
    (stdlib 6.2.2) proc_lib.erl:329: :proc_lib.init_p_do_apply/3
Queue: [internal: {:connect, :init}]
Postponed: []
State: Postgrex.Protocol
Callback mode: :handle_event_function, state_enter: false
2025-09-30T15:06:08.666 application=db_connection [error] Postgrex.Protocol (#PID<0.212.0>) failed to connect: ** (DBConnection.ConnectionError) tcp connect (db:5432): non-existing domain - :nxdomain
2025-09-30T15:06:08.666 application=db_connection [error] Postgrex.Protocol (#PID<0.196.0>) failed to connect: ** (DBConnection.ConnectionError) tcp connect (db:5432): non-existing domain - :nxdomain
2025-09-30T15:06:08.666 application=db_connection [error] Postgrex.Protocol (#PID<0.200.0>) failed to connect: ** (DBConnection.ConnectionError) tcp connect (db:5432): non-existing domain - :nxdomain
2025-09-30T15:06:08.666 application=db_connection [error] Postgrex.Protocol (#PID<0.195.0>) failed to connect: ** (DBConnection.ConnectionError) tcp connect (db:5432): non-existing domain - :nxdomain
2025-09-30T15:06:08.667 application=db_connection [error] Postgrex.Protocol (#PID<0.201.0>) failed to connect: ** (DBConnection.ConnectionError) tcp connect (db:5432): non-existing domain - :nxdomain
2025-09-30T15:06:08.666 [error] :gen_statem #PID<0.212.0> terminating
** (DBConnection.ConnectionError) tcp connect (db:5432): non-existing domain - :nxdomain
    (db_connection 2.8.0) lib/db_connection/connection.ex:104: DBConnection.Connection.handle_event/4
    (stdlib 6.2.2) gen_statem.erl:3737: :gen_statem.loop_state_callback/11
    (stdlib 6.2.2) proc_lib.erl:329: :proc_lib.init_p_do_apply/3
Queue: [internal: {:connect, :init}]
Postponed: []
State: Postgrex.Protocol
Callback mode: :handle_event_function, state_enter: false
2025-09-30T15:06:12.521 application=db_connection [error] Postgrex.Protocol (#PID<0.195.0>) failed to connect: ** (DBConnection.ConnectionError) tcp connect (db:5432): non-existing domain - :nxdomain
2025-09-30T15:06:12.521 application=db_connection [error] Postgrex.Protocol (#PID<0.216.0>) failed to connect: ** (DBConnection.ConnectionError) tcp connect (db:5432): non-existing domain - :nxdomain
2025-09-30T15:06:12.521 application=db_connection [error] Postgrex.Protocol (#PID<0.196.0>) failed to connect: ** (DBConnection.ConnectionError) tcp connect (db:5432): non-existing domain - :nxdomain
2025-09-30T15:06:12.521 application=db_connection [error] Postgrex.Protocol (#PID<0.200.0>) failed to connect: ** (DBConnection.ConnectionError) tcp connect (db:5432): non-existing domain - :nxdomain
2025-09-30T15:06:12.521 [error] :gen_statem #PID<0.216.0> terminating
** (DBConnection.ConnectionError) tcp connect (db:5432): non-existing domain - :nxdomain
    (db_connection 2.8.0) lib/db_connection/connection.ex:104: DBConnection.Connection.handle_event/4
    (stdlib 6.2.2) gen_statem.erl:3737: :gen_statem.loop_state_callback/11
    (stdlib 6.2.2) proc_lib.erl:329: :proc_lib.init_p_do_apply/3
Queue: [internal: {:connect, :init}]
Postponed: []
State: Postgrex.Protocol
Callback mode: :handle_event_function, state_enter: false
2025-09-30T15:06:15.248 application=db_connection [error] Postgrex.Protocol (#PID<0.220.0>) failed to connect: ** (DBConnection.ConnectionError) tcp connect (db:5432): non-existing domain - :nxdomain
2025-09-30T15:06:15.248 application=db_connection [error] Postgrex.Protocol (#PID<0.201.0>) failed to connect: ** (DBConnection.ConnectionError) tcp connect (db:5432): non-existing domain - :nxdomain
2025-09-30T15:06:15.248 [error] :gen_statem #PID<0.220.0> terminating
** (DBConnection.ConnectionError) tcp connect (db:5432): non-existing domain - :nxdomain
    (db_connection 2.8.0) lib/db_connection/connection.ex:104: DBConnection.Connection.handle_event/4
    (stdlib 6.2.2) gen_statem.erl:3737: :gen_statem.loop_state_callback/11
    (stdlib 6.2.2) proc_lib.erl:329: :proc_lib.init_p_do_apply/3
Queue: [internal: {:connect, :init}]
Postponed: []
State: Postgrex.Protocol
Callback mode: :handle_event_function, state_enter: false
2025-09-30T15:06:19.279 application=db_connection [error] Postgrex.Protocol (#PID<0.196.0>) failed to connect: ** (DBConnection.ConnectionError) tcp connect (db:5432): non-existing domain - :nxdomain
2025-09-30T15:06:19.279 application=db_connection [error] Postgrex.Protocol (#PID<0.195.0>) failed to connect: ** (DBConnection.ConnectionError) tcp connect (db:5432): non-existing domain - :nxdomain
2025-09-30T15:06:19.279 application=db_connection [error] Postgrex.Protocol (#PID<0.200.0>) failed to connect: ** (DBConnection.ConnectionError) tcp connect (db:5432): non-existing domain - :nxdomain
2025-09-30T15:06:19.781 application=ecto_sql [error] Could not create schema migrations table. This error usually happens due to the following:

  * The database does not exist
  * The "schema_migrations" table, which Ecto uses for managing
    migrations, was defined by another library
  * There is a deadlock while migrating (such as using concurrent
    indexes with a migration_lock)

To fix the first issue, run "mix ecto.create" for the desired MIX_ENV.

To address the second, you can run "mix ecto.drop" followed by
"mix ecto.create", both for the desired MIX_ENV. Alternatively you may
configure Ecto to use another table and/or repository for managing
migrations:

    config :explorer, Explorer.Repo,
      migration_source: "some_other_table_for_schema_migrations",
      migration_repo: AnotherRepoForSchemaMigrations

The full error report is shown below.

2025-09-30T15:06:29.582 application=db_connection [error] Postgrex.Protocol (#PID<0.196.0>) failed to connect: ** (DBConnection.ConnectionError) tcp connect (db:5432): non-existing domain - :nxdomain
2025-09-30T15:06:29.582 application=db_connection [error] Postgrex.Protocol (#PID<0.195.0>) failed to connect: ** (DBConnection.ConnectionError) tcp connect (db:5432): non-existing domain - :nxdomain
2025-09-30T15:06:29.582 application=db_connection [error] Postgrex.Protocol (#PID<0.207.0>) failed to connect: ** (DBConnection.ConnectionError) tcp connect (db:5432): non-existing domain - :nxdomain
2025-09-30T15:06:29.582 application=db_connection [error] Postgrex.Protocol (#PID<0.201.0>) failed to connect: ** (DBConnection.ConnectionError) tcp connect (db:5432): non-existing domain - :nxdomain
2025-09-30T15:06:29.582 application=db_connection [error] Postgrex.Protocol (#PID<0.200.0>) failed to connect: ** (DBConnection.ConnectionError) tcp connect (db:5432): non-existing domain - :nxdomain
2025-09-30T15:06:29.591 [error] :gen_statem #PID<0.207.0> terminating
** (DBConnection.ConnectionError) tcp connect (db:5432): non-existing domain - :nxdomain
    (db_connection 2.8.0) lib/db_connection/connection.ex:104: DBConnection.Connection.handle_event/4
    (stdlib 6.2.2) gen_statem.erl:3737: :gen_statem.loop_state_callback/11
    (stdlib 6.2.2) proc_lib.erl:329: :proc_lib.init_p_do_apply/3
Queue: [internal: {:connect, :init}]
Postponed: []
State: Postgrex.Protocol
Callback mode: :handle_event_function, state_enter: false
2025-09-30T15:06:33.488 application=db_connection [error] Postgrex.Protocol (#PID<0.212.0>) failed to connect: ** (DBConnection.ConnectionError) tcp connect (db:5432): non-existing domain - :nxdomain
2025-09-30T15:06:33.488 application=db_connection [error] Postgrex.Protocol (#PID<0.201.0>) failed to connect: ** (DBConnection.ConnectionError) tcp connect (db:5432): non-existing domain - :nxdomain
2025-09-30T15:06:33.488 application=db_connection [error] Postgrex.Protocol (#PID<0.195.0>) failed to connect: ** (DBConnection.ConnectionError) tcp connect (db:5432): non-existing domain - :nxdomain
2025-09-30T15:06:33.488 application=db_connection [error] Postgrex.Protocol (#PID<0.200.0>) failed to connect: ** (DBConnection.ConnectionError) tcp connect (db:5432): non-existing domain - :nxdomain
2025-09-30T15:06:33.488 application=db_connection [error] Postgrex.Protocol (#PID<0.196.0>) failed to connect: ** (DBConnection.ConnectionError) tcp connect (db:5432): non-existing domain - :nxdomain
2025-09-30T15:06:33.488 [error] :gen_statem #PID<0.212.0> terminating
** (DBConnection.ConnectionError) tcp connect (db:5432): non-existing domain - :nxdomain
    (db_connection 2.8.0) lib/db_connection/connection.ex:104: DBConnection.Connection.handle_event/4
    (stdlib 6.2.2) gen_statem.erl:3737: :gen_statem.loop_state_callback/11
    (stdlib 6.2.2) proc_lib.erl:329: :proc_lib.init_p_do_apply/3
Queue: [internal: {:connect, :init}]
Postponed: []
State: Postgrex.Protocol
Callback mode: :handle_event_function, state_enter: false
2025-09-30T15:06:37.369 application=db_connection [error] Postgrex.Protocol (#PID<0.216.0>) failed to connect: ** (DBConnection.ConnectionError) tcp connect (db:5432): non-existing domain - :nxdomain
2025-09-30T15:06:37.369 [error] :gen_statem #PID<0.216.0> terminating
** (DBConnection.ConnectionError) tcp connect (db:5432): non-existing domain - :nxdomain
    (db_connection 2.8.0) lib/db_connection/connection.ex:104: DBConnection.Connection.handle_event/4
    (stdlib 6.2.2) gen_statem.erl:3737: :gen_statem.loop_state_callback/11
    (stdlib 6.2.2) proc_lib.erl:329: :proc_lib.init_p_do_apply/3
Queue: [internal: {:connect, :init}]
Postponed: []
State: Postgrex.Protocol
Callback mode: :handle_event_function, state_enter: false
2025-09-30T15:06:41.246 application=db_connection [error] Postgrex.Protocol (#PID<0.220.0>) failed to connect: ** (DBConnection.ConnectionError) tcp connect (db:5432): non-existing domain - :nxdomain
2025-09-30T15:06:41.246 application=db_connection [error] Postgrex.Protocol (#PID<0.200.0>) failed to connect: ** (DBConnection.ConnectionError) tcp connect (db:5432): non-existing domain - :nxdomain
2025-09-30T15:06:41.246 application=db_connection [error] Postgrex.Protocol (#PID<0.201.0>) failed to connect: ** (DBConnection.ConnectionError) tcp connect (db:5432): non-existing domain - :nxdomain
2025-09-30T15:06:41.246 application=db_connection [error] Postgrex.Protocol (#PID<0.196.0>) failed to connect: ** (DBConnection.ConnectionError) tcp connect (db:5432): non-existing domain - :nxdomain
2025-09-30T15:06:41.246 application=db_connection [error] Postgrex.Protocol (#PID<0.195.0>) failed to connect: ** (DBConnection.ConnectionError) tcp connect (db:5432): non-existing domain - :nxdomain
2025-09-30T15:06:41.246 [error] :gen_statem #PID<0.220.0> terminating
** (DBConnection.ConnectionError) tcp connect (db:5432): non-existing domain - :nxdomain
    (db_connection 2.8.0) lib/db_connection/connection.ex:104: DBConnection.Connection.handle_event/4
    (stdlib 6.2.2) gen_statem.erl:3737: :gen_statem.loop_state_callback/11
    (stdlib 6.2.2) proc_lib.erl:329: :proc_lib.init_p_do_apply/3
Queue: [internal: {:connect, :init}]
Postponed: []
State: Postgrex.Protocol
Callback mode: :handle_event_function, state_enter: false
2025-09-30T15:06:44.542 application=ecto_sql [error] Could not create schema migrations table. This error usually happens due to the following:

  * The database does not exist
  * The "schema_migrations" table, which Ecto uses for managing
    migrations, was defined by another library
  * There is a deadlock while migrating (such as using concurrent
    indexes with a migration_lock)

To fix the first issue, run "mix ecto.create" for the desired MIX_ENV.

To address the second, you can run "mix ecto.drop" followed by
"mix ecto.create", both for the desired MIX_ENV. Alternatively you may
configure Ecto to use another table and/or repository for managing
migrations:

    config :explorer, Explorer.Repo,
      migration_source: "some_other_table_for_schema_migrations",
      migration_repo: AnotherRepoForSchemaMigrations

The full error report is shown below.

2025-09-30T15:06:52.841 application=db_connection [error] Postgrex.Protocol (#PID<0.207.0>) failed to connect: ** (DBConnection.ConnectionError) tcp connect (db:5432): non-existing domain - :nxdomain
2025-09-30T15:06:52.841 application=db_connection [error] Postgrex.Protocol (#PID<0.200.0>) failed to connect: ** (DBConnection.ConnectionError) tcp connect (db:5432): non-existing domain - :nxdomain
2025-09-30T15:06:52.841 application=db_connection [error] Postgrex.Protocol (#PID<0.195.0>) failed to connect: ** (DBConnection.ConnectionError) tcp connect (db:5432): non-existing domain - :nxdomain
2025-09-30T15:06:52.841 application=db_connection [error] Postgrex.Protocol (#PID<0.201.0>) failed to connect: ** (DBConnection.ConnectionError) tcp connect (db:5432): non-existing domain - :nxdomain
2025-09-30T15:06:52.841 application=db_connection [error] Postgrex.Protocol (#PID<0.196.0>) failed to connect: ** (DBConnection.ConnectionError) tcp connect (db:5432): non-existing domain - :nxdomain
2025-09-30T15:06:52.849 [error] :gen_statem #PID<0.207.0> terminating
** (DBConnection.ConnectionError) tcp connect (db:5432): non-existing domain - :nxdomain
    (db_connection 2.8.0) lib/db_connection/connection.ex:104: DBConnection.Connection.handle_event/4
    (stdlib 6.2.2) gen_statem.erl:3737: :gen_statem.loop_state_callback/11
    (stdlib 6.2.2) proc_lib.erl:329: :proc_lib.init_p_do_apply/3
Queue: [internal: {:connect, :init}]
Postponed: []
State: Postgrex.Protocol
Callback mode: :handle_event_function, state_enter: false
2025-09-30T15:06:56.724 application=db_connection [error] Postgrex.Protocol (#PID<0.212.0>) failed to connect: ** (DBConnection.ConnectionError) tcp connect (db:5432): non-existing domain - :nxdomain
2025-09-30T15:06:56.724 application=db_connection [error] Postgrex.Protocol (#PID<0.201.0>) failed to connect: ** (DBConnection.ConnectionError) tcp connect (db:5432): non-existing domain - :nxdomain
2025-09-30T15:06:56.724 application=db_connection [error] Postgrex.Protocol (#PID<0.196.0>) failed to connect: ** (DBConnection.ConnectionError) tcp connect (db:5432): non-existing domain - :nxdomain
2025-09-30T15:06:56.724 application=db_connection [error] Postgrex.Protocol (#PID<0.200.0>) failed to connect: ** (DBConnection.ConnectionError) tcp connect (db:5432): non-existing domain - :nxdomain
2025-09-30T15:06:56.724 application=db_connection [error] Postgrex.Protocol (#PID<0.195.0>) failed to connect: ** (DBConnection.ConnectionError) tcp connect (db:5432): non-existing domain - :nxdomain
2025-09-30T15:06:56.724 [error] :gen_statem #PID<0.212.0> terminating
** (DBConnection.ConnectionError) tcp connect (db:5432): non-existing domain - :nxdomain
    (db_connection 2.8.0) lib/db_connection/connection.ex:104: DBConnection.Connection.handle_event/4
    (stdlib 6.2.2) gen_statem.erl:3737: :gen_statem.loop_state_callback/11
    (stdlib 6.2.2) proc_lib.erl:329: :proc_lib.init_p_do_apply/3
Queue: [internal: {:connect, :init}]
Postponed: []
State: Postgrex.Protocol
Callback mode: :handle_event_function, state_enter: false
2025-09-30T15:07:00.588 application=db_connection [error] Postgrex.Protocol (#PID<0.216.0>) failed to connect: ** (DBConnection.ConnectionError) tcp connect (db:5432): non-existing domain - :nxdomain
2025-09-30T15:07:00.588 application=db_connection [error] Postgrex.Protocol (#PID<0.196.0>) failed to connect: ** (DBConnection.ConnectionError) tcp connect (db:5432): non-existing domain - :nxdomain
2025-09-30T15:07:00.588 [error] :gen_statem #PID<0.216.0> terminating
** (DBConnection.ConnectionError) tcp connect (db:5432): non-existing domain - :nxdomain
    (db_connection 2.8.0) lib/db_connection/connection.ex:104: DBConnection.Connection.handle_event/4
    (stdlib 6.2.2) gen_statem.erl:3737: :gen_statem.loop_state_callback/11
    (stdlib 6.2.2) proc_lib.erl:329: :proc_lib.init_p_do_apply/3
Queue: [internal: {:connect, :init}]
Postponed: []
State: Postgrex.Protocol
Callback mode: :handle_event_function, state_enter: false
2025-09-30T15:07:04.439 application=db_connection [error] Postgrex.Protocol (#PID<0.220.0>) failed to connect: ** (DBConnection.ConnectionError) tcp connect (db:5432): non-existing domain - :nxdomain
2025-09-30T15:07:04.440 application=db_connection [error] Postgrex.Protocol (#PID<0.201.0>) failed to connect: ** (DBConnection.ConnectionError) tcp connect (db:5432): non-existing domain - :nxdomain
2025-09-30T15:07:04.442 application=db_connection [error] Postgrex.Protocol (#PID<0.195.0>) failed to connect: ** (DBConnection.ConnectionError) tcp connect (db:5432): non-existing domain - :nxdomain
2025-09-30T15:07:04.442 application=db_connection [error] Postgrex.Protocol (#PID<0.196.0>) failed to connect: ** (DBConnection.ConnectionError) tcp connect (db:5432): non-existing domain - :nxdomain
2025-09-30T15:07:04.439 [error] :gen_statem #PID<0.220.0> terminating
** (DBConnection.ConnectionError) tcp connect (db:5432): non-existing domain - :nxdomain
    (db_connection 2.8.0) lib/db_connection/connection.ex:104: DBConnection.Connection.handle_event/4
    (stdlib 6.2.2) gen_statem.erl:3737: :gen_statem.loop_state_callback/11
    (stdlib 6.2.2) proc_lib.erl:329: :proc_lib.init_p_do_apply/3
Queue: [internal: {:connect, :init}]
Postponed: []
State: Postgrex.Protocol
Callback mode: :handle_event_function, state_enter: false
2025-09-30T15:07:08.931 application=ecto_sql [error] Could not create schema migrations table. This error usually happens due to the following:

  * The database does not exist
  * The "schema_migrations" table, which Ecto uses for managing
    migrations, was defined by another library
  * There is a deadlock while migrating (such as using concurrent
    indexes with a migration_lock)

To fix the first issue, run "mix ecto.create" for the desired MIX_ENV.

To address the second, you can run "mix ecto.drop" followed by
"mix ecto.create", both for the desired MIX_ENV. Alternatively you may
configure Ecto to use another table and/or repository for managing
migrations:

    config :explorer, Explorer.Repo,
      migration_source: "some_other_table_for_schema_migrations",
      migration_repo: AnotherRepoForSchemaMigrations

The full error report is shown below.

2025-09-30T15:07:16.733 application=db_connection [error] Postgrex.Protocol (#PID<0.195.0>) failed to connect: ** (DBConnection.ConnectionError) tcp connect (db:5432): non-existing domain - :nxdomain
2025-09-30T15:07:16.733 application=db_connection [error] Postgrex.Protocol (#PID<0.207.0>) failed to connect: ** (DBConnection.ConnectionError) tcp connect (db:5432): non-existing domain - :nxdomain
2025-09-30T15:07:16.733 application=db_connection [error] Postgrex.Protocol (#PID<0.201.0>) failed to connect: ** (DBConnection.ConnectionError) tcp connect (db:5432): non-existing domain - :nxdomain
2025-09-30T15:07:16.732 application=db_connection [error] Postgrex.Protocol (#PID<0.200.0>) failed to connect: ** (DBConnection.ConnectionError) tcp connect (db:5432): non-existing domain - :nxdomain
2025-09-30T15:07:16.732 application=db_connection [error] Postgrex.Protocol (#PID<0.196.0>) failed to connect: ** (DBConnection.ConnectionError) tcp connect (db:5432): non-existing domain - :nxdomain
2025-09-30T15:07:16.742 [error] :gen_statem #PID<0.207.0> terminating
** (DBConnection.ConnectionError) tcp connect (db:5432): non-existing domain - :nxdomain
    (db_connection 2.8.0) lib/db_connection/connection.ex:104: DBConnection.Connection.handle_event/4
    (stdlib 6.2.2) gen_statem.erl:3737: :gen_statem.loop_state_callback/11
    (stdlib 6.2.2) proc_lib.erl:329: :proc_lib.init_p_do_apply/3
Queue: [internal: {:connect, :init}]
Postponed: []
State: Postgrex.Protocol
Callback mode: :handle_event_function, state_enter: false
2025-09-30T15:07:20.626 application=db_connection [error] Postgrex.Protocol (#PID<0.212.0>) failed to connect: ** (DBConnection.ConnectionError) tcp connect (db:5432): non-existing domain - :nxdomain
2025-09-30T15:07:20.626 [error] :gen_statem #PID<0.212.0> terminating
** (DBConnection.ConnectionError) tcp connect (db:5432): non-existing domain - :nxdomain
    (db_connection 2.8.0) lib/db_connection/connection.ex:104: DBConnection.Connection.handle_event/4
    (stdlib 6.2.2) gen_statem.erl:3737: :gen_statem.loop_state_callback/11
    (stdlib 6.2.2) proc_lib.erl:329: :proc_lib.init_p_do_apply/3
Queue: [internal: {:connect, :init}]
Postponed: []
State: Postgrex.Protocol
Callback mode: :handle_event_function, state_enter: false
2025-09-30T15:07:20.629 application=db_connection [error] Postgrex.Protocol (#PID<0.195.0>) failed to connect: ** (DBConnection.ConnectionError) tcp connect (db:5432): non-existing domain - :nxdomain
2025-09-30T15:07:20.629 application=db_connection [error] Postgrex.Protocol (#PID<0.200.0>) failed to connect: ** (DBConnection.ConnectionError) tcp connect (db:5432): non-existing domain - :nxdomain
2025-09-30T15:07:20.629 application=db_connection [error] Postgrex.Protocol (#PID<0.201.0>) failed to connect: ** (DBConnection.ConnectionError) tcp connect (db:5432): non-existing domain - :nxdomain
2025-09-30T15:07:20.629 application=db_connection [error] Postgrex.Protocol (#PID<0.196.0>) failed to connect: ** (DBConnection.ConnectionError) tcp connect (db:5432): non-existing domain - :nxdomain
2025-09-30T15:07:24.468 application=db_connection [error] Postgrex.Protocol (#PID<0.216.0>) failed to connect: ** (DBConnection.ConnectionError) tcp connect (db:5432): non-existing domain - :nxdomain
2025-09-30T15:07:24.470 application=db_connection [error] Postgrex.Protocol (#PID<0.200.0>) failed to connect: ** (DBConnection.ConnectionError) tcp connect (db:5432): non-existing domain - :nxdomain
2025-09-30T15:07:24.470 application=db_connection [error] Postgrex.Protocol (#PID<0.201.0>) failed to connect: ** (DBConnection.ConnectionError) tcp connect (db:5432): non-existing domain - :nxdomain
2025-09-30T15:07:24.469 [error] :gen_statem #PID<0.216.0> terminating
** (DBConnection.ConnectionError) tcp connect (db:5432): non-existing domain - :nxdomain
    (db_connection 2.8.0) lib/db_connection/connection.ex:104: DBConnection.Connection.handle_event/4
    (stdlib 6.2.2) gen_statem.erl:3737: :gen_statem.loop_state_callback/11
    (stdlib 6.2.2) proc_lib.erl:329: :proc_lib.init_p_do_apply/3
Queue: [internal: {:connect, :init}]
Postponed: []
State: Postgrex.Protocol
Callback mode: :handle_event_function, state_enter: false
2025-09-30T15:07:28.340 application=db_connection [error] Postgrex.Protocol (#PID<0.195.0>) failed to connect: ** (DBConnection.ConnectionError) tcp connect (db:5432): non-existing domain - :nxdomain
2025-09-30T15:07:28.341 application=db_connection [error] Postgrex.Protocol (#PID<0.220.0>) failed to connect: ** (DBConnection.ConnectionError) tcp connect (db:5432): non-existing domain - :nxdomain
2025-09-30T15:07:28.342 application=db_connection [error] Postgrex.Protocol (#PID<0.196.0>) failed to connect: ** (DBConnection.ConnectionError) tcp connect (db:5432): non-existing domain - :nxdomain
2025-09-30T15:07:28.341 [error] :gen_statem #PID<0.220.0> terminating
** (DBConnection.ConnectionError) tcp connect (db:5432): non-existing domain - :nxdomain
    (db_connection 2.8.0) lib/db_connection/connection.ex:104: DBConnection.Connection.handle_event/4
    (stdlib 6.2.2) gen_statem.erl:3737: :gen_statem.loop_state_callback/11
    (stdlib 6.2.2) proc_lib.erl:329: :proc_lib.init_p_do_apply/3
Queue: [internal: {:connect, :init}]
Postponed: []
State: Postgrex.Protocol
Callback mode: :handle_event_function, state_enter: false
2025-09-30T15:07:32.850 application=ecto_sql [error] Could not create schema migrations table. This error usually happens due to the following:

  * The database does not exist
  * The "schema_migrations" table, which Ecto uses for managing
    migrations, was defined by another library
  * There is a deadlock while migrating (such as using concurrent
    indexes with a migration_lock)

To fix the first issue, run "mix ecto.create" for the desired MIX_ENV.

To address the second, you can run "mix ecto.drop" followed by
"mix ecto.create", both for the desired MIX_ENV. Alternatively you may
configure Ecto to use another table and/or repository for managing
migrations:

    config :explorer, Explorer.Repo,
      migration_source: "some_other_table_for_schema_migrations",
      migration_repo: AnotherRepoForSchemaMigrations

The full error report is shown below.

2025-09-30T15:07:41.942 application=db_connection [error] Postgrex.Protocol (#PID<0.207.0>) failed to connect: ** (DBConnection.ConnectionError) tcp connect (db:5432): non-existing domain - :nxdomain
2025-09-30T15:07:41.942 application=db_connection [error] Postgrex.Protocol (#PID<0.201.0>) failed to connect: ** (DBConnection.ConnectionError) tcp connect (db:5432): non-existing domain - :nxdomain
2025-09-30T15:07:41.942 application=db_connection [error] Postgrex.Protocol (#PID<0.200.0>) failed to connect: ** (DBConnection.ConnectionError) tcp connect (db:5432): non-existing domain - :nxdomain
2025-09-30T15:07:41.942 application=db_connection [error] Postgrex.Protocol (#PID<0.195.0>) failed to connect: ** (DBConnection.ConnectionError) tcp connect (db:5432): non-existing domain - :nxdomain
2025-09-30T15:07:41.942 application=db_connection [error] Postgrex.Protocol (#PID<0.196.0>) failed to connect: ** (DBConnection.ConnectionError) tcp connect (db:5432): non-existing domain - :nxdomain
2025-09-30T15:07:41.956 [error] :gen_statem #PID<0.207.0> terminating
** (DBConnection.ConnectionError) tcp connect (db:5432): non-existing domain - :nxdomain
    (db_connection 2.8.0) lib/db_connection/connection.ex:104: DBConnection.Connection.handle_event/4
    (stdlib 6.2.2) gen_statem.erl:3737: :gen_statem.loop_state_callback/11
    (stdlib 6.2.2) proc_lib.erl:329: :proc_lib.init_p_do_apply/3
Queue: [internal: {:connect, :init}]
Postponed: []
State: Postgrex.Protocol
Callback mode: :handle_event_function, state_enter: false
2025-09-30T15:07:45.850 application=db_connection [error] Postgrex.Protocol (#PID<0.196.0>) failed to connect: ** (DBConnection.ConnectionError) tcp connect (db:5432): non-existing domain - :nxdomain
2025-09-30T15:07:45.850 application=db_connection [error] Postgrex.Protocol (#PID<0.212.0>) failed to connect: ** (DBConnection.ConnectionError) tcp connect (db:5432): non-existing domain - :nxdomain
2025-09-30T15:07:45.850 application=db_connection [error] Postgrex.Protocol (#PID<0.195.0>) failed to connect: ** (DBConnection.ConnectionError) tcp connect (db:5432): non-existing domain - :nxdomain
2025-09-30T15:07:45.851 application=db_connection [error] Postgrex.Protocol (#PID<0.200.0>) failed to connect: ** (DBConnection.ConnectionError) tcp connect (db:5432): non-existing domain - :nxdomain
2025-09-30T15:07:45.851 application=db_connection [error] Postgrex.Protocol (#PID<0.201.0>) failed to connect: ** (DBConnection.ConnectionError) tcp connect (db:5432): non-existing domain - :nxdomain
2025-09-30T15:07:45.850 [error] :gen_statem #PID<0.212.0> terminating
** (DBConnection.ConnectionError) tcp connect (db:5432): non-existing domain - :nxdomain
    (db_connection 2.8.0) lib/db_connection/connection.ex:104: DBConnection.Connection.handle_event/4
    (stdlib 6.2.2) gen_statem.erl:3737: :gen_statem.loop_state_callback/11
    (stdlib 6.2.2) proc_lib.erl:329: :proc_lib.init_p_do_apply/3
Queue: [internal: {:connect, :init}]
Postponed: []
State: Postgrex.Protocol
Callback mode: :handle_event_function, state_enter: false
2025-09-30T15:07:49.704 application=db_connection [error] Postgrex.Protocol (#PID<0.216.0>) failed to connect: ** (DBConnection.ConnectionError) tcp connect (db:5432): non-existing domain - :nxdomain
2025-09-30T15:07:49.704 application=db_connection [error] Postgrex.Protocol (#PID<0.196.0>) failed to connect: ** (DBConnection.ConnectionError) tcp connect (db:5432): non-existing domain - :nxdomain
2025-09-30T15:07:49.704 application=db_connection [error] Postgrex.Protocol (#PID<0.201.0>) failed to connect: ** (DBConnection.ConnectionError) tcp connect (db:5432): non-existing domain - :nxdomain
2025-09-30T15:07:49.704 [error] :gen_statem #PID<0.216.0> terminating
** (DBConnection.ConnectionError) tcp connect (db:5432): non-existing domain - :nxdomain
    (db_connection 2.8.0) lib/db_connection/connection.ex:104: DBConnection.Connection.handle_event/4
    (stdlib 6.2.2) gen_statem.erl:3737: :gen_statem.loop_state_callback/11
    (stdlib 6.2.2) proc_lib.erl:329: :proc_lib.init_p_do_apply/3
Queue: [internal: {:connect, :init}]
Postponed: []
State: Postgrex.Protocol
Callback mode: :handle_event_function, state_enter: false
2025-09-30T15:07:53.561 application=db_connection [error] Postgrex.Protocol (#PID<0.195.0>) failed to connect: ** (DBConnection.ConnectionError) tcp connect (db:5432): non-existing domain - :nxdomain
2025-09-30T15:07:53.561 application=db_connection [error] Postgrex.Protocol (#PID<0.220.0>) failed to connect: ** (DBConnection.ConnectionError) tcp connect (db:5432): non-existing domain - :nxdomain
2025-09-30T15:07:53.561 application=db_connection [error] Postgrex.Protocol (#PID<0.200.0>) failed to connect: ** (DBConnection.ConnectionError) tcp connect (db:5432): non-existing domain - :nxdomain
2025-09-30T15:07:53.561 [error] :gen_statem #PID<0.220.0> terminating
** (DBConnection.ConnectionError) tcp connect (db:5432): non-existing domain - :nxdomain
    (db_connection 2.8.0) lib/db_connection/connection.ex:104: DBConnection.Connection.handle_event/4
    (stdlib 6.2.2) gen_statem.erl:3737: :gen_statem.loop_state_callback/11
    (stdlib 6.2.2) proc_lib.erl:329: :proc_lib.init_p_do_apply/3
Queue: [internal: {:connect, :init}]
Postponed: []
State: Postgrex.Protocol
Callback mode: :handle_event_function, state_enter: false
2025-09-30T15:07:57.500 application=db_connection [error] Postgrex.Protocol (#PID<0.196.0>) failed to connect: ** (DBConnection.ConnectionError) tcp connect (db:5432): non-existing domain - :nxdomain
2025-09-30T15:07:57.500 application=db_connection [error] Postgrex.Protocol (#PID<0.201.0>) failed to connect: ** (DBConnection.ConnectionError) tcp connect (db:5432): non-existing domain - :nxdomain
2025-09-30T15:07:58.034 application=ecto_sql [error] Could not create schema migrations table. This error usually happens due to the following:

  * The database does not exist
  * The "schema_migrations" table, which Ecto uses for managing
    migrations, was defined by another library
  * There is a deadlock while migrating (such as using concurrent
    indexes with a migration_lock)

To fix the first issue, run "mix ecto.create" for the desired MIX_ENV.

To address the second, you can run "mix ecto.drop" followed by
"mix ecto.create", both for the desired MIX_ENV. Alternatively you may
configure Ecto to use another table and/or repository for managing
migrations:

    config :explorer, Explorer.Repo,
      migration_source: "some_other_table_for_schema_migrations",
      migration_repo: AnotherRepoForSchemaMigrations

The full error report is shown below.

2025-09-30T15:08:07.602 application=db_connection [error] Postgrex.Protocol (#PID<0.201.0>) failed to connect: ** (DBConnection.ConnectionError) tcp connect (db:5432): non-existing domain - :nxdomain
2025-09-30T15:08:07.602 application=db_connection [error] Postgrex.Protocol (#PID<0.196.0>) failed to connect: ** (DBConnection.ConnectionError) tcp connect (db:5432): non-existing domain - :nxdomain
2025-09-30T15:08:07.602 application=db_connection [error] Postgrex.Protocol (#PID<0.207.0>) failed to connect: ** (DBConnection.ConnectionError) tcp connect (db:5432): non-existing domain - :nxdomain
2025-09-30T15:08:07.602 application=db_connection [error] Postgrex.Protocol (#PID<0.200.0>) failed to connect: ** (DBConnection.ConnectionError) tcp connect (db:5432): non-existing domain - :nxdomain
2025-09-30T15:08:07.602 application=db_connection [error] Postgrex.Protocol (#PID<0.195.0>) failed to connect: ** (DBConnection.ConnectionError) tcp connect (db:5432): non-existing domain - :nxdomain
2025-09-30T15:08:07.610 [error] :gen_statem #PID<0.207.0> terminating
** (DBConnection.ConnectionError) tcp connect (db:5432): non-existing domain - :nxdomain
    (db_connection 2.8.0) lib/db_connection/connection.ex:104: DBConnection.Connection.handle_event/4
    (stdlib 6.2.2) gen_statem.erl:3737: :gen_statem.loop_state_callback/11
    (stdlib 6.2.2) proc_lib.erl:329: :proc_lib.init_p_do_apply/3
Queue: [internal: {:connect, :init}]
Postponed: []
State: Postgrex.Protocol
Callback mode: :handle_event_function, state_enter: false
2025-09-30T15:08:10.353 application=db_connection [error] Postgrex.Protocol (#PID<0.211.0>) failed to connect: ** (DBConnection.ConnectionError) tcp connect (db:5432): non-existing domain - :nxdomain
2025-09-30T15:08:10.353 application=db_connection [error] Postgrex.Protocol (#PID<0.201.0>) failed to connect: ** (DBConnection.ConnectionError) tcp connect (db:5432): non-existing domain - :nxdomain
2025-09-30T15:08:10.353 application=db_connection [error] Postgrex.Protocol (#PID<0.200.0>) failed to connect: ** (DBConnection.ConnectionError) tcp connect (db:5432): non-existing domain - :nxdomain
2025-09-30T15:08:10.353 application=db_connection [error] Postgrex.Protocol (#PID<0.195.0>) failed to connect: ** (DBConnection.ConnectionError) tcp connect (db:5432): non-existing domain - :nxdomain
2025-09-30T15:08:10.353 application=db_connection [error] Postgrex.Protocol (#PID<0.196.0>) failed to connect: ** (DBConnection.ConnectionError) tcp connect (db:5432): non-existing domain - :nxdomain
2025-09-30T15:08:10.353 [error] :gen_statem #PID<0.211.0> terminating
** (DBConnection.ConnectionError) tcp connect (db:5432): non-existing domain - :nxdomain
    (db_connection 2.8.0) lib/db_connection/connection.ex:104: DBConnection.Connection.handle_event/4
    (stdlib 6.2.2) gen_statem.erl:3737: :gen_statem.loop_state_callback/11
    (stdlib 6.2.2) proc_lib.erl:329: :proc_lib.init_p_do_apply/3
Queue: [internal: {:connect, :init}]
Postponed: []
State: Postgrex.Protocol
Callback mode: :handle_event_function, state_enter: false
2025-09-30T15:08:14.205 application=db_connection [error] Postgrex.Protocol (#PID<0.201.0>) failed to connect: ** (DBConnection.ConnectionError) tcp connect (db:5432): non-existing domain - :nxdomain
2025-09-30T15:08:14.205 application=db_connection [error] Postgrex.Protocol (#PID<0.216.0>) failed to connect: ** (DBConnection.ConnectionError) tcp connect (db:5432): non-existing domain - :nxdomain
2025-09-30T15:08:14.206 [error] :gen_statem #PID<0.216.0> terminating
** (DBConnection.ConnectionError) tcp connect (db:5432): non-existing domain - :nxdomain
    (db_connection 2.8.0) lib/db_connection/connection.ex:104: DBConnection.Connection.handle_event/4
    (stdlib 6.2.2) gen_statem.erl:3737: :gen_statem.loop_state_callback/11
    (stdlib 6.2.2) proc_lib.erl:329: :proc_lib.init_p_do_apply/3
Queue: [internal: {:connect, :init}]
Postponed: []
State: Postgrex.Protocol
Callback mode: :handle_event_function, state_enter: false
2025-09-30T15:08:18.064 application=db_connection [error] Postgrex.Protocol (#PID<0.220.0>) failed to connect: ** (DBConnection.ConnectionError) tcp connect (db:5432): non-existing domain - :nxdomain
2025-09-30T15:08:18.064 application=db_connection [error] Postgrex.Protocol (#PID<0.200.0>) failed to connect: ** (DBConnection.ConnectionError) tcp connect (db:5432): non-existing domain - :nxdomain
2025-09-30T15:08:18.064 application=db_connection [error] Postgrex.Protocol (#PID<0.195.0>) failed to connect: ** (DBConnection.ConnectionError) tcp connect (db:5432): non-existing domain - :nxdomain
2025-09-30T15:08:18.064 application=db_connection [error] Postgrex.Protocol (#PID<0.196.0>) failed to connect: ** (DBConnection.ConnectionError) tcp connect (db:5432): non-existing domain - :nxdomain
2025-09-30T15:08:18.064 [error] :gen_statem #PID<0.220.0> terminating
** (DBConnection.ConnectionError) tcp connect (db:5432): non-existing domain - :nxdomain
    (db_connection 2.8.0) lib/db_connection/connection.ex:104: DBConnection.Connection.handle_event/4
    (stdlib 6.2.2) gen_statem.erl:3737: :gen_statem.loop_state_callback/11
    (stdlib 6.2.2) proc_lib.erl:329: :proc_lib.init_p_do_apply/3
Queue: [internal: {:connect, :init}]
Postponed: []
State: Postgrex.Protocol
Callback mode: :handle_event_function, state_enter: false
2025-09-30T15:08:22.594 application=ecto_sql [error] Could not create schema migrations table. This error usually happens due to the following:

  * The database does not exist
  * The "schema_migrations" table, which Ecto uses for managing
    migrations, was defined by another library
  * There is a deadlock while migrating (such as using concurrent
    indexes with a migration_lock)

To fix the first issue, run "mix ecto.create" for the desired MIX_ENV.

To address the second, you can run "mix ecto.drop" followed by
"mix ecto.create", both for the desired MIX_ENV. Alternatively you may
configure Ecto to use another table and/or repository for managing
migrations:

    config :explorer, Explorer.Repo,
      migration_source: "some_other_table_for_schema_migrations",
      migration_repo: AnotherRepoForSchemaMigrations

The full error report is shown below.

2025-09-30T15:08:32.940 application=db_connection [error] Postgrex.Protocol (#PID<0.207.0>) failed to connect: ** (DBConnection.ConnectionError) tcp connect (db:5432): non-existing domain - :nxdomain
2025-09-30T15:08:32.940 application=db_connection [error] Postgrex.Protocol (#PID<0.196.0>) failed to connect: ** (DBConnection.ConnectionError) tcp connect (db:5432): non-existing domain - :nxdomain
2025-09-30T15:08:32.940 application=db_connection [error] Postgrex.Protocol (#PID<0.200.0>) failed to connect: ** (DBConnection.ConnectionError) tcp connect (db:5432): non-existing domain - :nxdomain
2025-09-30T15:08:32.940 application=db_connection [error] Postgrex.Protocol (#PID<0.201.0>) failed to connect: ** (DBConnection.ConnectionError) tcp connect (db:5432): non-existing domain - :nxdomain
2025-09-30T15:08:32.940 application=db_connection [error] Postgrex.Protocol (#PID<0.195.0>) failed to connect: ** (DBConnection.ConnectionError) tcp connect (db:5432): non-existing domain - :nxdomain
2025-09-30T15:08:32.955 [error] :gen_statem #PID<0.207.0> terminating
** (DBConnection.ConnectionError) tcp connect (db:5432): non-existing domain - :nxdomain
    (db_connection 2.8.0) lib/db_connection/connection.ex:104: DBConnection.Connection.handle_event/4
    (stdlib 6.2.2) gen_statem.erl:3737: :gen_statem.loop_state_callback/11
    (stdlib 6.2.2) proc_lib.erl:329: :proc_lib.init_p_do_apply/3
Queue: [internal: {:connect, :init}]
Postponed: []
State: Postgrex.Protocol
Callback mode: :handle_event_function, state_enter: false
2025-09-30T15:08:36.838 application=db_connection [error] Postgrex.Protocol (#PID<0.196.0>) failed to connect: ** (DBConnection.ConnectionError) tcp connect (db:5432): non-existing domain - :nxdomain
2025-09-30T15:08:36.838 application=db_connection [error] Postgrex.Protocol (#PID<0.200.0>) failed to connect: ** (DBConnection.ConnectionError) tcp connect (db:5432): non-existing domain - :nxdomain
2025-09-30T15:08:36.838 application=db_connection [error] Postgrex.Protocol (#PID<0.212.0>) failed to connect: ** (DBConnection.ConnectionError) tcp connect (db:5432): non-existing domain - :nxdomain
2025-09-30T15:08:36.838 application=db_connection [error] Postgrex.Protocol (#PID<0.195.0>) failed to connect: ** (DBConnection.ConnectionError) tcp connect (db:5432): non-existing domain - :nxdomain
2025-09-30T15:08:36.838 application=db_connection [error] Postgrex.Protocol (#PID<0.201.0>) failed to connect: ** (DBConnection.ConnectionError) tcp connect (db:5432): non-existing domain - :nxdomain
2025-09-30T15:08:36.838 [error] :gen_statem #PID<0.212.0> terminating
** (DBConnection.ConnectionError) tcp connect (db:5432): non-existing domain - :nxdomain
    (db_connection 2.8.0) lib/db_connection/connection.ex:104: DBConnection.Connection.handle_event/4
    (stdlib 6.2.2) gen_statem.erl:3737: :gen_statem.loop_state_callback/11
    (stdlib 6.2.2) proc_lib.erl:329: :proc_lib.init_p_do_apply/3
Queue: [internal: {:connect, :init}]
Postponed: []
State: Postgrex.Protocol
Callback mode: :handle_event_function, state_enter: false
2025-09-30T15:08:39.587 application=db_connection [error] Postgrex.Protocol (#PID<0.216.0>) failed to connect: ** (DBConnection.ConnectionError) tcp connect (db:5432): non-existing domain - :nxdomain
2025-09-30T15:08:39.587 application=db_connection [error] Postgrex.Protocol (#PID<0.196.0>) failed to connect: ** (DBConnection.ConnectionError) tcp connect (db:5432): non-existing domain - :nxdomain
2025-09-30T15:08:39.587 [error] :gen_statem #PID<0.216.0> terminating
** (DBConnection.ConnectionError) tcp connect (db:5432): non-existing domain - :nxdomain
    (db_connection 2.8.0) lib/db_connection/connection.ex:104: DBConnection.Connection.handle_event/4
    (stdlib 6.2.2) gen_statem.erl:3737: :gen_statem.loop_state_callback/11
    (stdlib 6.2.2) proc_lib.erl:329: :proc_lib.init_p_do_apply/3
Queue: [internal: {:connect, :init}]
Postponed: []
State: Postgrex.Protocol
Callback mode: :handle_event_function, state_enter: false
2025-09-30T15:08:43.442 application=db_connection [error] Postgrex.Protocol (#PID<0.201.0>) failed to connect: ** (DBConnection.ConnectionError) tcp connect (db:5432): non-existing domain - :nxdomain
2025-09-30T15:08:43.442 application=db_connection [error] Postgrex.Protocol (#PID<0.220.0>) failed to connect: ** (DBConnection.ConnectionError) tcp connect (db:5432): non-existing domain - :nxdomain
2025-09-30T15:08:43.442 application=db_connection [error] Postgrex.Protocol (#PID<0.200.0>) failed to connect: ** (DBConnection.ConnectionError) tcp connect (db:5432): non-existing domain - :nxdomain
2025-09-30T15:08:43.443 application=db_connection [error] Postgrex.Protocol (#PID<0.195.0>) failed to connect: ** (DBConnection.ConnectionError) tcp connect (db:5432): non-existing domain - :nxdomain
2025-09-30T15:08:43.442 [error] :gen_statem #PID<0.220.0> terminating
** (DBConnection.ConnectionError) tcp connect (db:5432): non-existing domain - :nxdomain
    (db_connection 2.8.0) lib/db_connection/connection.ex:104: DBConnection.Connection.handle_event/4
    (stdlib 6.2.2) gen_statem.erl:3737: :gen_statem.loop_state_callback/11
    (stdlib 6.2.2) proc_lib.erl:329: :proc_lib.init_p_do_apply/3
Queue: [internal: {:connect, :init}]
Postponed: []
State: Postgrex.Protocol
Callback mode: :handle_event_function, state_enter: false
2025-09-30T15:08:47.925 application=ecto_sql [error] Could not create schema migrations table. This error usually happens due to the following:

  * The database does not exist
  * The "schema_migrations" table, which Ecto uses for managing
    migrations, was defined by another library
  * There is a deadlock while migrating (such as using concurrent
    indexes with a migration_lock)

To fix the first issue, run "mix ecto.create" for the desired MIX_ENV.

To address the second, you can run "mix ecto.drop" followed by
"mix ecto.create", both for the desired MIX_ENV. Alternatively you may
configure Ecto to use another table and/or repository for managing
migrations:

    config :explorer, Explorer.Repo,
      migration_source: "some_other_table_for_schema_migrations",
      migration_repo: AnotherRepoForSchemaMigrations

The full error report is shown below.

2025-09-30T15:08:59.241 application=db_connection [error] Postgrex.Protocol (#PID<0.195.0>) failed to connect: ** (DBConnection.ConnectionError) tcp connect (db:5432): non-existing domain - :nxdomain
2025-09-30T15:08:59.241 application=db_connection [error] Postgrex.Protocol (#PID<0.201.0>) failed to connect: ** (DBConnection.ConnectionError) tcp connect (db:5432): non-existing domain - :nxdomain
2025-09-30T15:08:59.241 application=db_connection [error] Postgrex.Protocol (#PID<0.200.0>) failed to connect: ** (DBConnection.ConnectionError) tcp connect (db:5432): non-existing domain - :nxdomain
2025-09-30T15:08:59.241 application=db_connection [error] Postgrex.Protocol (#PID<0.196.0>) failed to connect: ** (DBConnection.ConnectionError) tcp connect (db:5432): non-existing domain - :nxdomain
2025-09-30T15:08:59.241 application=db_connection [error] Postgrex.Protocol (#PID<0.207.0>) failed to connect: ** (DBConnection.ConnectionError) tcp connect (db:5432): non-existing domain - :nxdomain
2025-09-30T15:08:59.252 [error] :gen_statem #PID<0.207.0> terminating
** (DBConnection.ConnectionError) tcp connect (db:5432): non-existing domain - :nxdomain
    (db_connection 2.8.0) lib/db_connection/connection.ex:104: DBConnection.Connection.handle_event/4
    (stdlib 6.2.2) gen_statem.erl:3737: :gen_statem.loop_state_callback/11
    (stdlib 6.2.2) proc_lib.erl:329: :proc_lib.init_p_do_apply/3
Queue: [internal: {:connect, :init}]
Postponed: []
State: Postgrex.Protocol
Callback mode: :handle_event_function, state_enter: false
2025-09-30T15:09:03.140 application=db_connection [error] Postgrex.Protocol (#PID<0.201.0>) failed to connect: ** (DBConnection.ConnectionError) tcp connect (db:5432): non-existing domain - :nxdomain
2025-09-30T15:09:03.140 application=db_connection [error] Postgrex.Protocol (#PID<0.195.0>) failed to connect: ** (DBConnection.ConnectionError) tcp connect (db:5432): non-existing domain - :nxdomain
2025-09-30T15:09:03.140 application=db_connection [error] Postgrex.Protocol (#PID<0.212.0>) failed to connect: ** (DBConnection.ConnectionError) tcp connect (db:5432): non-existing domain - :nxdomain
2025-09-30T15:09:03.141 application=db_connection [error] Postgrex.Protocol (#PID<0.196.0>) failed to connect: ** (DBConnection.ConnectionError) tcp connect (db:5432): non-existing domain - :nxdomain
2025-09-30T15:09:03.141 application=db_connection [error] Postgrex.Protocol (#PID<0.200.0>) failed to connect: ** (DBConnection.ConnectionError) tcp connect (db:5432): non-existing domain - :nxdomain
2025-09-30T15:09:03.140 [error] :gen_statem #PID<0.212.0> terminating
** (DBConnection.ConnectionError) tcp connect (db:5432): non-existing domain - :nxdomain
    (db_connection 2.8.0) lib/db_connection/connection.ex:104: DBConnection.Connection.handle_event/4
    (stdlib 6.2.2) gen_statem.erl:3737: :gen_statem.loop_state_callback/11
    (stdlib 6.2.2) proc_lib.erl:329: :proc_lib.init_p_do_apply/3
Queue: [internal: {:connect, :init}]
Postponed: []
State: Postgrex.Protocol
Callback mode: :handle_event_function, state_enter: false
2025-09-30T15:09:06.997 application=db_connection [error] Postgrex.Protocol (#PID<0.201.0>) failed to connect: ** (DBConnection.ConnectionError) tcp connect (db:5432): non-existing domain - :nxdomain
2025-09-30T15:09:06.997 application=db_connection [error] Postgrex.Protocol (#PID<0.196.0>) failed to connect: ** (DBConnection.ConnectionError) tcp connect (db:5432): non-existing domain - :nxdomain
2025-09-30T15:09:06.997 application=db_connection [error] Postgrex.Protocol (#PID<0.200.0>) failed to connect: ** (DBConnection.ConnectionError) tcp connect (db:5432): non-existing domain - :nxdomain
2025-09-30T15:09:06.997 application=db_connection [error] Postgrex.Protocol (#PID<0.216.0>) failed to connect: ** (DBConnection.ConnectionError) tcp connect (db:5432): non-existing domain - :nxdomain
2025-09-30T15:09:06.998 [error] :gen_statem #PID<0.216.0> terminating
** (DBConnection.ConnectionError) tcp connect (db:5432): non-existing domain - :nxdomain
    (db_connection 2.8.0) lib/db_connection/connection.ex:104: DBConnection.Connection.handle_event/4
    (stdlib 6.2.2) gen_statem.erl:3737: :gen_statem.loop_state_callback/11
    (stdlib 6.2.2) proc_lib.erl:329: :proc_lib.init_p_do_apply/3
Queue: [internal: {:connect, :init}]
Postponed: []
State: Postgrex.Protocol
Callback mode: :handle_event_function, state_enter: false
2025-09-30T15:09:09.706 application=db_connection [error] Postgrex.Protocol (#PID<0.201.0>) failed to connect: ** (DBConnection.ConnectionError) tcp connect (db:5432): non-existing domain - :nxdomain
2025-09-30T15:09:09.706 application=db_connection [error] Postgrex.Protocol (#PID<0.220.0>) failed to connect: ** (DBConnection.ConnectionError) tcp connect (db:5432): non-existing domain - :nxdomain
2025-09-30T15:09:09.706 application=db_connection [error] Postgrex.Protocol (#PID<0.195.0>) failed to connect: ** (DBConnection.ConnectionError) tcp connect (db:5432): non-existing domain - :nxdomain
2025-09-30T15:09:09.706 [error] :gen_statem #PID<0.220.0> terminating
** (DBConnection.ConnectionError) tcp connect (db:5432): non-existing domain - :nxdomain
    (db_connection 2.8.0) lib/db_connection/connection.ex:104: DBConnection.Connection.handle_event/4
    (stdlib 6.2.2) gen_statem.erl:3737: :gen_statem.loop_state_callback/11
    (stdlib 6.2.2) proc_lib.erl:329: :proc_lib.init_p_do_apply/3
Queue: [internal: {:connect, :init}]
Postponed: []
State: Postgrex.Protocol
Callback mode: :handle_event_function, state_enter: false
2025-09-30T15:09:14.233 application=ecto_sql [error] Could not create schema migrations table. This error usually happens due to the following:

  * The database does not exist
  * The "schema_migrations" table, which Ecto uses for managing
    migrations, was defined by another library
  * There is a deadlock while migrating (such as using concurrent
    indexes with a migration_lock)

To fix the first issue, run "mix ecto.create" for the desired MIX_ENV.

To address the second, you can run "mix ecto.drop" followed by
"mix ecto.create", both for the desired MIX_ENV. Alternatively you may
configure Ecto to use another table and/or repository for managing
migrations:

    config :explorer, Explorer.Repo,
      migration_source: "some_other_table_for_schema_migrations",
      migration_repo: AnotherRepoForSchemaMigrations

The full error report is shown below.

2025-09-30T15:09:24.375 application=db_connection [error] Postgrex.Protocol (#PID<0.200.0>) failed to connect: ** (DBConnection.ConnectionError) tcp connect (db:5432): non-existing domain - :nxdomain
2025-09-30T15:09:24.375 application=db_connection [error] Postgrex.Protocol (#PID<0.201.0>) failed to connect: ** (DBConnection.ConnectionError) tcp connect (db:5432): non-existing domain - :nxdomain
2025-09-30T15:09:24.375 application=db_connection [error] Postgrex.Protocol (#PID<0.207.0>) failed to connect: ** (DBConnection.ConnectionError) tcp connect (db:5432): non-existing domain - :nxdomain
2025-09-30T15:09:24.375 application=db_connection [error] Postgrex.Protocol (#PID<0.196.0>) failed to connect: ** (DBConnection.ConnectionError) tcp connect (db:5432): non-existing domain - :nxdomain
2025-09-30T15:09:24.375 application=db_connection [error] Postgrex.Protocol (#PID<0.195.0>) failed to connect: ** (DBConnection.ConnectionError) tcp connect (db:5432): non-existing domain - :nxdomain
2025-09-30T15:09:24.396 [error] :gen_statem #PID<0.207.0> terminating
** (DBConnection.ConnectionError) tcp connect (db:5432): non-existing domain - :nxdomain
    (db_connection 2.8.0) lib/db_connection/connection.ex:104: DBConnection.Connection.handle_event/4
    (stdlib 6.2.2) gen_statem.erl:3737: :gen_statem.loop_state_callback/11
    (stdlib 6.2.2) proc_lib.erl:329: :proc_lib.init_p_do_apply/3
Queue: [internal: {:connect, :init}]
Postponed: []
State: Postgrex.Protocol
Callback mode: :handle_event_function, state_enter: false
2025-09-30T15:09:28.313 application=db_connection [error] Postgrex.Protocol (#PID<0.212.0>) failed to connect: ** (DBConnection.ConnectionError) tcp connect (db:5432): non-existing domain - :nxdomain
2025-09-30T15:09:28.314 application=db_connection [error] Postgrex.Protocol (#PID<0.195.0>) failed to connect: ** (DBConnection.ConnectionError) tcp connect (db:5432): non-existing domain - :nxdomain
2025-09-30T15:09:28.314 application=db_connection [error] Postgrex.Protocol (#PID<0.200.0>) failed to connect: ** (DBConnection.ConnectionError) tcp connect (db:5432): non-existing domain - :nxdomain
2025-09-30T15:09:28.314 application=db_connection [error] Postgrex.Protocol (#PID<0.196.0>) failed to connect: ** (DBConnection.ConnectionError) tcp connect (db:5432): non-existing domain - :nxdomain
2025-09-30T15:09:28.314 application=db_connection [error] Postgrex.Protocol (#PID<0.201.0>) failed to connect: ** (DBConnection.ConnectionError) tcp connect (db:5432): non-existing domain - :nxdomain
2025-09-30T15:09:28.313 [error] :gen_statem #PID<0.212.0> terminating
** (DBConnection.ConnectionError) tcp connect (db:5432): non-existing domain - :nxdomain
    (db_connection 2.8.0) lib/db_connection/connection.ex:104: DBConnection.Connection.handle_event/4
    (stdlib 6.2.2) gen_statem.erl:3737: :gen_statem.loop_state_callback/11
    (stdlib 6.2.2) proc_lib.erl:329: :proc_lib.init_p_do_apply/3
Queue: [internal: {:connect, :init}]
Postponed: []
State: Postgrex.Protocol
Callback mode: :handle_event_function, state_enter: false
2025-09-30T15:09:32.177 application=db_connection [error] Postgrex.Protocol (#PID<0.216.0>) failed to connect: ** (DBConnection.ConnectionError) tcp connect (db:5432): non-existing domain - :nxdomain
2025-09-30T15:09:32.177 application=db_connection [error] Postgrex.Protocol (#PID<0.195.0>) failed to connect: ** (DBConnection.ConnectionError) tcp connect (db:5432): non-existing domain - :nxdomain
2025-09-30T15:09:32.177 [error] :gen_statem #PID<0.216.0> terminating
** (DBConnection.ConnectionError) tcp connect (db:5432): non-existing domain - :nxdomain
    (db_connection 2.8.0) lib/db_connection/connection.ex:104: DBConnection.Connection.handle_event/4
    (stdlib 6.2.2) gen_statem.erl:3737: :gen_statem.loop_state_callback/11
    (stdlib 6.2.2) proc_lib.erl:329: :proc_lib.init_p_do_apply/3
Queue: [internal: {:connect, :init}]
Postponed: []
State: Postgrex.Protocol
Callback mode: :handle_event_function, state_enter: false
2025-09-30T15:09:36.033 application=db_connection [error] Postgrex.Protocol (#PID<0.220.0>) failed to connect: ** (DBConnection.ConnectionError) tcp connect (db:5432): non-existing domain - :nxdomain
2025-09-30T15:09:36.034 application=db_connection [error] Postgrex.Protocol (#PID<0.196.0>) failed to connect: ** (DBConnection.ConnectionError) tcp connect (db:5432): non-existing domain - :nxdomain
2025-09-30T15:09:36.034 application=db_connection [error] Postgrex.Protocol (#PID<0.201.0>) failed to connect: ** (DBConnection.ConnectionError) tcp connect (db:5432): non-existing domain - :nxdomain
2025-09-30T15:09:36.034 application=db_connection [error] Postgrex.Protocol (#PID<0.200.0>) failed to connect: ** (DBConnection.ConnectionError) tcp connect (db:5432): non-existing domain - :nxdomain
2025-09-30T15:09:36.034 [error] :gen_statem #PID<0.220.0> terminating
** (DBConnection.ConnectionError) tcp connect (db:5432): non-existing domain - :nxdomain
    (db_connection 2.8.0) lib/db_connection/connection.ex:104: DBConnection.Connection.handle_event/4
    (stdlib 6.2.2) gen_statem.erl:3737: :gen_statem.loop_state_callback/11
    (stdlib 6.2.2) proc_lib.erl:329: :proc_lib.init_p_do_apply/3
Queue: [internal: {:connect, :init}]
Postponed: []
State: Postgrex.Protocol
Callback mode: :handle_event_function, state_enter: false
2025-09-30T15:09:38.830 application=db_connection [error] Postgrex.Protocol (#PID<0.195.0>) failed to connect: ** (DBConnection.ConnectionError) tcp connect (db:5432): non-existing domain - :nxdomain
2025-09-30T15:09:39.352 application=ecto_sql [error] Could not create schema migrations table. This error usually happens due to the following:

  * The database does not exist
  * The "schema_migrations" table, which Ecto uses for managing
    migrations, was defined by another library
  * There is a deadlock while migrating (such as using concurrent
    indexes with a migration_lock)

To fix the first issue, run "mix ecto.create" for the desired MIX_ENV.

To address the second, you can run "mix ecto.drop" followed by
"mix ecto.create", both for the desired MIX_ENV. Alternatively you may
configure Ecto to use another table and/or repository for managing
migrations:

    config :explorer, Explorer.Repo,
      migration_source: "some_other_table_for_schema_migrations",
      migration_repo: AnotherRepoForSchemaMigrations

The full error report is shown below.

2025-09-30T15:09:49.084 application=db_connection [error] Postgrex.Protocol (#PID<0.195.0>) failed to connect: ** (DBConnection.ConnectionError) tcp connect (db:5432): non-existing domain - :nxdomain
2025-09-30T15:09:49.084 application=db_connection [error] Postgrex.Protocol (#PID<0.196.0>) failed to connect: ** (DBConnection.ConnectionError) tcp connect (db:5432): non-existing domain - :nxdomain
2025-09-30T15:09:49.084 application=db_connection [error] Postgrex.Protocol (#PID<0.200.0>) failed to connect: ** (DBConnection.ConnectionError) tcp connect (db:5432): non-existing domain - :nxdomain
2025-09-30T15:09:49.084 application=db_connection [error] Postgrex.Protocol (#PID<0.207.0>) failed to connect: ** (DBConnection.ConnectionError) tcp connect (db:5432): non-existing domain - :nxdomain
2025-09-30T15:09:49.084 application=db_connection [error] Postgrex.Protocol (#PID<0.201.0>) failed to connect: ** (DBConnection.ConnectionError) tcp connect (db:5432): non-existing domain - :nxdomain
2025-09-30T15:09:49.097 [error] :gen_statem #PID<0.207.0> terminating
** (DBConnection.ConnectionError) tcp connect (db:5432): non-existing domain - :nxdomain
    (db_connection 2.8.0) lib/db_connection/connection.ex:104: DBConnection.Connection.handle_event/4
    (stdlib 6.2.2) gen_statem.erl:3737: :gen_statem.loop_state_callback/11
    (stdlib 6.2.2) proc_lib.erl:329: :proc_lib.init_p_do_apply/3
Queue: [internal: {:connect, :init}]
Postponed: []
State: Postgrex.Protocol
Callback mode: :handle_event_function, state_enter: false
2025-09-30T15:09:52.969 application=db_connection [error] Postgrex.Protocol (#PID<0.212.0>) failed to connect: ** (DBConnection.ConnectionError) tcp connect (db:5432): non-existing domain - :nxdomain
2025-09-30T15:09:52.969 application=db_connection [error] Postgrex.Protocol (#PID<0.200.0>) failed to connect: ** (DBConnection.ConnectionError) tcp connect (db:5432): non-existing domain - :nxdomain
2025-09-30T15:09:52.969 application=db_connection [error] Postgrex.Protocol (#PID<0.195.0>) failed to connect: ** (DBConnection.ConnectionError) tcp connect (db:5432): non-existing domain - :nxdomain
2025-09-30T15:09:52.969 application=db_connection [error] Postgrex.Protocol (#PID<0.196.0>) failed to connect: ** (DBConnection.ConnectionError) tcp connect (db:5432): non-existing domain - :nxdomain
2025-09-30T15:09:52.970 application=db_connection [error] Postgrex.Protocol (#PID<0.201.0>) failed to connect: ** (DBConnection.ConnectionError) tcp connect (db:5432): non-existing domain - :nxdomain
2025-09-30T15:09:52.969 [error] :gen_statem #PID<0.212.0> terminating
** (DBConnection.ConnectionError) tcp connect (db:5432): non-existing domain - :nxdomain
    (db_connection 2.8.0) lib/db_connection/connection.ex:104: DBConnection.Connection.handle_event/4
    (stdlib 6.2.2) gen_statem.erl:3737: :gen_statem.loop_state_callback/11
    (stdlib 6.2.2) proc_lib.erl:329: :proc_lib.init_p_do_apply/3
Queue: [internal: {:connect, :init}]
Postponed: []
State: Postgrex.Protocol
Callback mode: :handle_event_function, state_enter: false
2025-09-30T15:09:56.813 application=db_connection [error] Postgrex.Protocol (#PID<0.200.0>) failed to connect: ** (DBConnection.ConnectionError) tcp connect (db:5432): non-existing domain - :nxdomain
2025-09-30T15:09:56.813 application=db_connection [error] Postgrex.Protocol (#PID<0.216.0>) failed to connect: ** (DBConnection.ConnectionError) tcp connect (db:5432): non-existing domain - :nxdomain
2025-09-30T15:09:56.813 [error] :gen_statem #PID<0.216.0> terminating
** (DBConnection.ConnectionError) tcp connect (db:5432): non-existing domain - :nxdomain
    (db_connection 2.8.0) lib/db_connection/connection.ex:104: DBConnection.Connection.handle_event/4
    (stdlib 6.2.2) gen_statem.erl:3737: :gen_statem.loop_state_callback/11
    (stdlib 6.2.2) proc_lib.erl:329: :proc_lib.init_p_do_apply/3
Queue: [internal: {:connect, :init}]
Postponed: []
State: Postgrex.Protocol
Callback mode: :handle_event_function, state_enter: false
2025-09-30T15:10:00.677 application=db_connection [error] Postgrex.Protocol (#PID<0.220.0>) failed to connect: ** (DBConnection.ConnectionError) tcp connect (db:5432): non-existing domain - :nxdomain
2025-09-30T15:10:00.677 application=db_connection [error] Postgrex.Protocol (#PID<0.201.0>) failed to connect: ** (DBConnection.ConnectionError) tcp connect (db:5432): non-existing domain - :nxdomain
2025-09-30T15:10:00.678 application=db_connection [error] Postgrex.Protocol (#PID<0.195.0>) failed to connect: ** (DBConnection.ConnectionError) tcp connect (db:5432): non-existing domain - :nxdomain
2025-09-30T15:10:00.678 [error] :gen_statem #PID<0.220.0> terminating
** (DBConnection.ConnectionError) tcp connect (db:5432): non-existing domain - :nxdomain
    (db_connection 2.8.0) lib/db_connection/connection.ex:104: DBConnection.Connection.handle_event/4
    (stdlib 6.2.2) gen_statem.erl:3737: :gen_statem.loop_state_callback/11
    (stdlib 6.2.2) proc_lib.erl:329: :proc_lib.init_p_do_apply/3
Queue: [internal: {:connect, :init}]
Postponed: []
State: Postgrex.Protocol
Callback mode: :handle_event_function, state_enter: false
2025-09-30T15:10:04.693 application=db_connection [error] Postgrex.Protocol (#PID<0.200.0>) failed to connect: ** (DBConnection.ConnectionError) tcp connect (db:5432): non-existing domain - :nxdomain
2025-09-30T15:10:04.693 application=db_connection [error] Postgrex.Protocol (#PID<0.196.0>) failed to connect: ** (DBConnection.ConnectionError) tcp connect (db:5432): non-existing domain - :nxdomain
2025-09-30T15:10:05.184 application=ecto_sql [error] Could not create schema migrations table. This error usually happens due to the following:

  * The database does not exist
  * The "schema_migrations" table, which Ecto uses for managing
    migrations, was defined by another library
  * There is a deadlock while migrating (such as using concurrent
    indexes with a migration_lock)

To fix the first issue, run "mix ecto.create" for the desired MIX_ENV.

To address the second, you can run "mix ecto.drop" followed by
"mix ecto.create", both for the desired MIX_ENV. Alternatively you may
configure Ecto to use another table and/or repository for managing
migrations:

    config :explorer, Explorer.Repo,
      migration_source: "some_other_table_for_schema_migrations",
      migration_repo: AnotherRepoForSchemaMigrations

The full error report is shown below.

2025-09-30T15:10:13.885 application=db_connection [error] Postgrex.Protocol (#PID<0.200.0>) failed to connect: ** (DBConnection.ConnectionError) tcp connect (db:5432): non-existing domain - :nxdomain
2025-09-30T15:10:13.885 application=db_connection [error] Postgrex.Protocol (#PID<0.207.0>) failed to connect: ** (DBConnection.ConnectionError) tcp connect (db:5432): non-existing domain - :nxdomain
2025-09-30T15:10:13.885 application=db_connection [error] Postgrex.Protocol (#PID<0.196.0>) failed to connect: ** (DBConnection.ConnectionError) tcp connect (db:5432): non-existing domain - :nxdomain
2025-09-30T15:10:13.885 application=db_connection [error] Postgrex.Protocol (#PID<0.195.0>) failed to connect: ** (DBConnection.ConnectionError) tcp connect (db:5432): non-existing domain - :nxdomain
2025-09-30T15:10:13.885 application=db_connection [error] Postgrex.Protocol (#PID<0.201.0>) failed to connect: ** (DBConnection.ConnectionError) tcp connect (db:5432): non-existing domain - :nxdomain
2025-09-30T15:10:13.904 [error] :gen_statem #PID<0.207.0> terminating
** (DBConnection.ConnectionError) tcp connect (db:5432): non-existing domain - :nxdomain
    (db_connection 2.8.0) lib/db_connection/connection.ex:104: DBConnection.Connection.handle_event/4
    (stdlib 6.2.2) gen_statem.erl:3737: :gen_statem.loop_state_callback/11
    (stdlib 6.2.2) proc_lib.erl:329: :proc_lib.init_p_do_apply/3
Queue: [internal: {:connect, :init}]
Postponed: []
State: Postgrex.Protocol
Callback mode: :handle_event_function, state_enter: false
2025-09-30T15:10:17.816 application=db_connection [error] Postgrex.Protocol (#PID<0.196.0>) failed to connect: ** (DBConnection.ConnectionError) tcp connect (db:5432): non-existing domain - :nxdomain
2025-09-30T15:10:17.817 application=db_connection [error] Postgrex.Protocol (#PID<0.212.0>) failed to connect: ** (DBConnection.ConnectionError) tcp connect (db:5432): non-existing domain - :nxdomain
2025-09-30T15:10:17.817 application=db_connection [error] Postgrex.Protocol (#PID<0.201.0>) failed to connect: ** (DBConnection.ConnectionError) tcp connect (db:5432): non-existing domain - :nxdomain
2025-09-30T15:10:17.817 application=db_connection [error] Postgrex.Protocol (#PID<0.200.0>) failed to connect: ** (DBConnection.ConnectionError) tcp connect (db:5432): non-existing domain - :nxdomain
2025-09-30T15:10:17.817 application=db_connection [error] Postgrex.Protocol (#PID<0.195.0>) failed to connect: ** (DBConnection.ConnectionError) tcp connect (db:5432): non-existing domain - :nxdomain
2025-09-30T15:10:17.817 [error] :gen_statem #PID<0.212.0> terminating
** (DBConnection.ConnectionError) tcp connect (db:5432): non-existing domain - :nxdomain
    (db_connection 2.8.0) lib/db_connection/connection.ex:104: DBConnection.Connection.handle_event/4
    (stdlib 6.2.2) gen_statem.erl:3737: :gen_statem.loop_state_callback/11
    (stdlib 6.2.2) proc_lib.erl:329: :proc_lib.init_p_do_apply/3
Queue: [internal: {:connect, :init}]
Postponed: []
State: Postgrex.Protocol
Callback mode: :handle_event_function, state_enter: false
2025-09-30T15:10:21.677 application=db_connection [error] Postgrex.Protocol (#PID<0.196.0>) failed to connect: ** (DBConnection.ConnectionError) tcp connect (db:5432): non-existing domain - :nxdomain
2025-09-30T15:10:21.677 application=db_connection [error] Postgrex.Protocol (#PID<0.216.0>) failed to connect: ** (DBConnection.ConnectionError) tcp connect (db:5432): non-existing domain - :nxdomain
2025-09-30T15:10:21.677 application=db_connection [error] Postgrex.Protocol (#PID<0.200.0>) failed to connect: ** (DBConnection.ConnectionError) tcp connect (db:5432): non-existing domain - :nxdomain
2025-09-30T15:10:21.677 application=db_connection [error] Postgrex.Protocol (#PID<0.201.0>) failed to connect: ** (DBConnection.ConnectionError) tcp connect (db:5432): non-existing domain - :nxdomain
2025-09-30T15:10:21.677 application=db_connection [error] Postgrex.Protocol (#PID<0.195.0>) failed to connect: ** (DBConnection.ConnectionError) tcp connect (db:5432): non-existing domain - :nxdomain
2025-09-30T15:10:21.677 [error] :gen_statem #PID<0.216.0> terminating
** (DBConnection.ConnectionError) tcp connect (db:5432): non-existing domain - :nxdomain
    (db_connection 2.8.0) lib/db_connection/connection.ex:104: DBConnection.Connection.handle_event/4
    (stdlib 6.2.2) gen_statem.erl:3737: :gen_statem.loop_state_callback/11
    (stdlib 6.2.2) proc_lib.erl:329: :proc_lib.init_p_do_apply/3
Queue: [internal: {:connect, :init}]
Postponed: []
State: Postgrex.Protocol
Callback mode: :handle_event_function, state_enter: false
2025-09-30T15:10:25.551 application=db_connection [error] Postgrex.Protocol (#PID<0.196.0>) failed to connect: ** (DBConnection.ConnectionError) tcp connect (db:5432): non-existing domain - :nxdomain
2025-09-30T15:10:25.551 application=db_connection [error] Postgrex.Protocol (#PID<0.220.0>) failed to connect: ** (DBConnection.ConnectionError) tcp connect (db:5432): non-existing domain - :nxdomain
2025-09-30T15:10:25.551 application=db_connection [error] Postgrex.Protocol (#PID<0.200.0>) failed to connect: ** (DBConnection.ConnectionError) tcp connect (db:5432): non-existing domain - :nxdomain
2025-09-30T15:10:25.551 application=db_connection [error] Postgrex.Protocol (#PID<0.201.0>) failed to connect: ** (DBConnection.ConnectionError) tcp connect (db:5432): non-existing domain - :nxdomain
2025-09-30T15:10:25.551 [error] :gen_statem #PID<0.220.0> terminating
** (DBConnection.ConnectionError) tcp connect (db:5432): non-existing domain - :nxdomain
    (db_connection 2.8.0) lib/db_connection/connection.ex:104: DBConnection.Connection.handle_event/4
    (stdlib 6.2.2) gen_statem.erl:3737: :gen_statem.loop_state_callback/11
    (stdlib 6.2.2) proc_lib.erl:329: :proc_lib.init_p_do_apply/3
Queue: [internal: {:connect, :init}]
Postponed: []
State: Postgrex.Protocol
Callback mode: :handle_event_function, state_enter: false
2025-09-30T15:10:29.969 application=ecto_sql [error] Could not create schema migrations table. This error usually happens due to the following:

  * The database does not exist
  * The "schema_migrations" table, which Ecto uses for managing
    migrations, was defined by another library
  * There is a deadlock while migrating (such as using concurrent
    indexes with a migration_lock)

To fix the first issue, run "mix ecto.create" for the desired MIX_ENV.

To address the second, you can run "mix ecto.drop" followed by
"mix ecto.create", both for the desired MIX_ENV. Alternatively you may
configure Ecto to use another table and/or repository for managing
migrations:

    config :explorer, Explorer.Repo,
      migration_source: "some_other_table_for_schema_migrations",
      migration_repo: AnotherRepoForSchemaMigrations

The full error report is shown below.

2025-09-30T15:10:39.119 application=db_connection [error] Postgrex.Protocol (#PID<0.196.0>) failed to connect: ** (DBConnection.ConnectionError) tcp connect (db:5432): non-existing domain - :nxdomain
2025-09-30T15:10:39.119 application=db_connection [error] Postgrex.Protocol (#PID<0.200.0>) failed to connect: ** (DBConnection.ConnectionError) tcp connect (db:5432): non-existing domain - :nxdomain
2025-09-30T15:10:39.119 application=db_connection [error] Postgrex.Protocol (#PID<0.207.0>) failed to connect: ** (DBConnection.ConnectionError) tcp connect (db:5432): non-existing domain - :nxdomain
2025-09-30T15:10:39.119 application=db_connection [error] Postgrex.Protocol (#PID<0.195.0>) failed to connect: ** (DBConnection.ConnectionError) tcp connect (db:5432): non-existing domain - :nxdomain
2025-09-30T15:10:39.119 application=db_connection [error] Postgrex.Protocol (#PID<0.201.0>) failed to connect: ** (DBConnection.ConnectionError) tcp connect (db:5432): non-existing domain - :nxdomain
2025-09-30T15:10:39.130 [error] :gen_statem #PID<0.207.0> terminating
** (DBConnection.ConnectionError) tcp connect (db:5432): non-existing domain - :nxdomain
    (db_connection 2.8.0) lib/db_connection/connection.ex:104: DBConnection.Connection.handle_event/4
    (stdlib 6.2.2) gen_statem.erl:3737: :gen_statem.loop_state_callback/11
    (stdlib 6.2.2) proc_lib.erl:329: :proc_lib.init_p_do_apply/3
Queue: [internal: {:connect, :init}]
Postponed: []
State: Postgrex.Protocol
Callback mode: :handle_event_function, state_enter: false
2025-09-30T15:10:42.985 application=db_connection [error] Postgrex.Protocol (#PID<0.212.0>) failed to connect: ** (DBConnection.ConnectionError) tcp connect (db:5432): non-existing domain - :nxdomain
2025-09-30T15:10:42.987 application=db_connection [error] Postgrex.Protocol (#PID<0.195.0>) failed to connect: ** (DBConnection.ConnectionError) tcp connect (db:5432): non-existing domain - :nxdomain
2025-09-30T15:10:42.987 application=db_connection [error] Postgrex.Protocol (#PID<0.196.0>) failed to connect: ** (DBConnection.ConnectionError) tcp connect (db:5432): non-existing domain - :nxdomain
2025-09-30T15:10:42.987 application=db_connection [error] Postgrex.Protocol (#PID<0.200.0>) failed to connect: ** (DBConnection.ConnectionError) tcp connect (db:5432): non-existing domain - :nxdomain
2025-09-30T15:10:42.987 application=db_connection [error] Postgrex.Protocol (#PID<0.201.0>) failed to connect: ** (DBConnection.ConnectionError) tcp connect (db:5432): non-existing domain - :nxdomain
2025-09-30T15:10:42.985 [error] :gen_statem #PID<0.212.0> terminating
** (DBConnection.ConnectionError) tcp connect (db:5432): non-existing domain - :nxdomain
    (db_connection 2.8.0) lib/db_connection/connection.ex:104: DBConnection.Connection.handle_event/4
    (stdlib 6.2.2) gen_statem.erl:3737: :gen_statem.loop_state_callback/11
    (stdlib 6.2.2) proc_lib.erl:329: :proc_lib.init_p_do_apply/3
Queue: [internal: {:connect, :init}]
Postponed: []
State: Postgrex.Protocol
Callback mode: :handle_event_function, state_enter: false
2025-09-30T15:10:46.841 application=db_connection [error] Postgrex.Protocol (#PID<0.216.0>) failed to connect: ** (DBConnection.ConnectionError) tcp connect (db:5432): non-existing domain - :nxdomain
2025-09-30T15:10:46.842 application=db_connection [error] Postgrex.Protocol (#PID<0.195.0>) failed to connect: ** (DBConnection.ConnectionError) tcp connect (db:5432): non-existing domain - :nxdomain
2025-09-30T15:10:46.842 application=db_connection [error] Postgrex.Protocol (#PID<0.196.0>) failed to connect: ** (DBConnection.ConnectionError) tcp connect (db:5432): non-existing domain - :nxdomain
2025-09-30T15:10:46.841 [error] :gen_statem #PID<0.216.0> terminating
** (DBConnection.ConnectionError) tcp connect (db:5432): non-existing domain - :nxdomain
    (db_connection 2.8.0) lib/db_connection/connection.ex:104: DBConnection.Connection.handle_event/4
    (stdlib 6.2.2) gen_statem.erl:3737: :gen_statem.loop_state_callback/11
    (stdlib 6.2.2) proc_lib.erl:329: :proc_lib.init_p_do_apply/3
Queue: [internal: {:connect, :init}]
Postponed: []
State: Postgrex.Protocol
Callback mode: :handle_event_function, state_enter: false
2025-09-30T15:10:50.687 application=db_connection [error] Postgrex.Protocol (#PID<0.220.0>) failed to connect: ** (DBConnection.ConnectionError) tcp connect (db:5432): non-existing domain - :nxdomain
2025-09-30T15:10:50.687 application=db_connection [error] Postgrex.Protocol (#PID<0.201.0>) failed to connect: ** (DBConnection.ConnectionError) tcp connect (db:5432): non-existing domain - :nxdomain
2025-09-30T15:10:50.688 application=db_connection [error] Postgrex.Protocol (#PID<0.200.0>) failed to connect: ** (DBConnection.ConnectionError) tcp connect (db:5432): non-existing domain - :nxdomain
2025-09-30T15:10:50.687 [error] :gen_statem #PID<0.220.0> terminating
** (DBConnection.ConnectionError) tcp connect (db:5432): non-existing domain - :nxdomain
    (db_connection 2.8.0) lib/db_connection/connection.ex:104: DBConnection.Connection.handle_event/4
    (stdlib 6.2.2) gen_statem.erl:3737: :gen_statem.loop_state_callback/11
    (stdlib 6.2.2) proc_lib.erl:329: :proc_lib.init_p_do_apply/3
Queue: [internal: {:connect, :init}]
Postponed: []
State: Postgrex.Protocol
Callback mode: :handle_event_function, state_enter: false
2025-09-30T15:10:55.247 application=ecto_sql [error] Could not create schema migrations table. This error usually happens due to the following:

  * The database does not exist
  * The "schema_migrations" table, which Ecto uses for managing
    migrations, was defined by another library
  * There is a deadlock while migrating (such as using concurrent
    indexes with a migration_lock)

To fix the first issue, run "mix ecto.create" for the desired MIX_ENV.

To address the second, you can run "mix ecto.drop" followed by
"mix ecto.create", both for the desired MIX_ENV. Alternatively you may
configure Ecto to use another table and/or repository for managing
migrations:

    config :explorer, Explorer.Repo,
      migration_source: "some_other_table_for_schema_migrations",
      migration_repo: AnotherRepoForSchemaMigrations

The full error report is shown below.

2025-09-30T15:11:04.965 application=db_connection [error] Postgrex.Protocol (#PID<0.195.0>) failed to connect: ** (DBConnection.ConnectionError) tcp connect (db:5432): non-existing domain - :nxdomain
2025-09-30T15:11:04.965 application=db_connection [error] Postgrex.Protocol (#PID<0.201.0>) failed to connect: ** (DBConnection.ConnectionError) tcp connect (db:5432): non-existing domain - :nxdomain
2025-09-30T15:11:04.965 application=db_connection [error] Postgrex.Protocol (#PID<0.207.0>) failed to connect: ** (DBConnection.ConnectionError) tcp connect (db:5432): non-existing domain - :nxdomain
2025-09-30T15:11:04.965 application=db_connection [error] Postgrex.Protocol (#PID<0.200.0>) failed to connect: ** (DBConnection.ConnectionError) tcp connect (db:5432): non-existing domain - :nxdomain
2025-09-30T15:11:04.965 application=db_connection [error] Postgrex.Protocol (#PID<0.196.0>) failed to connect: ** (DBConnection.ConnectionError) tcp connect (db:5432): non-existing domain - :nxdomain
2025-09-30T15:11:04.980 [error] :gen_statem #PID<0.207.0> terminating
** (DBConnection.ConnectionError) tcp connect (db:5432): non-existing domain - :nxdomain
    (db_connection 2.8.0) lib/db_connection/connection.ex:104: DBConnection.Connection.handle_event/4
    (stdlib 6.2.2) gen_statem.erl:3737: :gen_statem.loop_state_callback/11
    (stdlib 6.2.2) proc_lib.erl:329: :proc_lib.init_p_do_apply/3
Queue: [internal: {:connect, :init}]
Postponed: []
State: Postgrex.Protocol
Callback mode: :handle_event_function, state_enter: false
2025-09-30T15:11:08.862 application=db_connection [error] Postgrex.Protocol (#PID<0.195.0>) failed to connect: ** (DBConnection.ConnectionError) tcp connect (db:5432): non-existing domain - :nxdomain
2025-09-30T15:11:08.862 application=db_connection [error] Postgrex.Protocol (#PID<0.212.0>) failed to connect: ** (DBConnection.ConnectionError) tcp connect (db:5432): non-existing domain - :nxdomain
2025-09-30T15:11:08.863 application=db_connection [error] Postgrex.Protocol (#PID<0.200.0>) failed to connect: ** (DBConnection.ConnectionError) tcp connect (db:5432): non-existing domain - :nxdomain
2025-09-30T15:11:08.863 application=db_connection [error] Postgrex.Protocol (#PID<0.196.0>) failed to connect: ** (DBConnection.ConnectionError) tcp connect (db:5432): non-existing domain - :nxdomain
2025-09-30T15:11:08.863 application=db_connection [error] Postgrex.Protocol (#PID<0.201.0>) failed to connect: ** (DBConnection.ConnectionError) tcp connect (db:5432): non-existing domain - :nxdomain
2025-09-30T15:11:08.862 [error] :gen_statem #PID<0.212.0> terminating
** (DBConnection.ConnectionError) tcp connect (db:5432): non-existing domain - :nxdomain
    (db_connection 2.8.0) lib/db_connection/connection.ex:104: DBConnection.Connection.handle_event/4
    (stdlib 6.2.2) gen_statem.erl:3737: :gen_statem.loop_state_callback/11
    (stdlib 6.2.2) proc_lib.erl:329: :proc_lib.init_p_do_apply/3
Queue: [internal: {:connect, :init}]
Postponed: []
State: Postgrex.Protocol
Callback mode: :handle_event_function, state_enter: false
2025-09-30T15:11:12.705 application=db_connection [error] Postgrex.Protocol (#PID<0.216.0>) failed to connect: ** (DBConnection.ConnectionError) tcp connect (db:5432): non-existing domain - :nxdomain
2025-09-30T15:11:12.706 application=db_connection [error] Postgrex.Protocol (#PID<0.195.0>) failed to connect: ** (DBConnection.ConnectionError) tcp connect (db:5432): non-existing domain - :nxdomain
2025-09-30T15:11:12.706 application=db_connection [error] Postgrex.Protocol (#PID<0.196.0>) failed to connect: ** (DBConnection.ConnectionError) tcp connect (db:5432): non-existing domain - :nxdomain
2025-09-30T15:11:12.705 [error] :gen_statem #PID<0.216.0> terminating
** (DBConnection.ConnectionError) tcp connect (db:5432): non-existing domain - :nxdomain
    (db_connection 2.8.0) lib/db_connection/connection.ex:104: DBConnection.Connection.handle_event/4
    (stdlib 6.2.2) gen_statem.erl:3737: :gen_statem.loop_state_callback/11
    (stdlib 6.2.2) proc_lib.erl:329: :proc_lib.init_p_do_apply/3
Queue: [internal: {:connect, :init}]
Postponed: []
State: Postgrex.Protocol
Callback mode: :handle_event_function, state_enter: false
2025-09-30T15:11:16.565 application=db_connection [error] Postgrex.Protocol (#PID<0.220.0>) failed to connect: ** (DBConnection.ConnectionError) tcp connect (db:5432): non-existing domain - :nxdomain
2025-09-30T15:11:16.566 application=db_connection [error] Postgrex.Protocol (#PID<0.201.0>) failed to connect: ** (DBConnection.ConnectionError) tcp connect (db:5432): non-existing domain - :nxdomain
2025-09-30T15:11:16.566 application=db_connection [error] Postgrex.Protocol (#PID<0.200.0>) failed to connect: ** (DBConnection.ConnectionError) tcp connect (db:5432): non-existing domain - :nxdomain
2025-09-30T15:11:16.565 [error] :gen_statem #PID<0.220.0> terminating
** (DBConnection.ConnectionError) tcp connect (db:5432): non-existing domain - :nxdomain
    (db_connection 2.8.0) lib/db_connection/connection.ex:104: DBConnection.Connection.handle_event/4
    (stdlib 6.2.2) gen_statem.erl:3737: :gen_statem.loop_state_callback/11
    (stdlib 6.2.2) proc_lib.erl:329: :proc_lib.init_p_do_apply/3
Queue: [internal: {:connect, :init}]
Postponed: []
State: Postgrex.Protocol
Callback mode: :handle_event_function, state_enter: false
2025-09-30T15:11:21.081 application=ecto_sql [error] Could not create schema migrations table. This error usually happens due to the following:

  * The database does not exist
  * The "schema_migrations" table, which Ecto uses for managing
    migrations, was defined by another library
  * There is a deadlock while migrating (such as using concurrent
    indexes with a migration_lock)

To fix the first issue, run "mix ecto.create" for the desired MIX_ENV.

To address the second, you can run "mix ecto.drop" followed by
"mix ecto.create", both for the desired MIX_ENV. Alternatively you may
configure Ecto to use another table and/or repository for managing
migrations:

    config :explorer, Explorer.Repo,
      migration_source: "some_other_table_for_schema_migrations",
      migration_repo: AnotherRepoForSchemaMigrations

The full error report is shown below.

2025-09-30T15:11:32.066 application=db_connection [error] Postgrex.Protocol (#PID<0.196.0>) failed to connect: ** (DBConnection.ConnectionError) tcp connect (db:5432): non-existing domain - :nxdomain
2025-09-30T15:11:32.066 application=db_connection [error] Postgrex.Protocol (#PID<0.202.0>) failed to connect: ** (DBConnection.ConnectionError) tcp connect (db:5432): non-existing domain - :nxdomain
2025-09-30T15:11:32.066 application=db_connection [error] Postgrex.Protocol (#PID<0.207.0>) failed to connect: ** (DBConnection.ConnectionError) tcp connect (db:5432): non-existing domain - :nxdomain
2025-09-30T15:11:32.066 application=db_connection [error] Postgrex.Protocol (#PID<0.195.0>) failed to connect: ** (DBConnection.ConnectionError) tcp connect (db:5432): non-existing domain - :nxdomain
2025-09-30T15:11:32.065 application=db_connection [error] Postgrex.Protocol (#PID<0.203.0>) failed to connect: ** (DBConnection.ConnectionError) tcp connect (db:5432): non-existing domain - :nxdomain
2025-09-30T15:11:32.095 [error] :gen_statem #PID<0.207.0> terminating
** (DBConnection.ConnectionError) tcp connect (db:5432): non-existing domain - :nxdomain
    (db_connection 2.8.0) lib/db_connection/connection.ex:104: DBConnection.Connection.handle_event/4
    (stdlib 6.2.2) gen_statem.erl:3737: :gen_statem.loop_state_callback/11
    (stdlib 6.2.2) proc_lib.erl:329: :proc_lib.init_p_do_apply/3
Queue: [internal: {:connect, :init}]
Postponed: []
State: Postgrex.Protocol
Callback mode: :handle_event_function, state_enter: false
2025-09-30T15:11:34.871 application=db_connection [error] Postgrex.Protocol (#PID<0.212.0>) failed to connect: ** (DBConnection.ConnectionError) tcp connect (db:5432): non-existing domain - :nxdomain
2025-09-30T15:11:34.871 application=db_connection [error] Postgrex.Protocol (#PID<0.195.0>) failed to connect: ** (DBConnection.ConnectionError) tcp connect (db:5432): non-existing domain - :nxdomain
2025-09-30T15:11:34.871 application=db_connection [error] Postgrex.Protocol (#PID<0.196.0>) failed to connect: ** (DBConnection.ConnectionError) tcp connect (db:5432): non-existing domain - :nxdomain
2025-09-30T15:11:34.871 application=db_connection [error] Postgrex.Protocol (#PID<0.202.0>) failed to connect: ** (DBConnection.ConnectionError) tcp connect (db:5432): non-existing domain - :nxdomain
2025-09-30T15:11:34.871 application=db_connection [error] Postgrex.Protocol (#PID<0.203.0>) failed to connect: ** (DBConnection.ConnectionError) tcp connect (db:5432): non-existing domain - :nxdomain
2025-09-30T15:11:34.871 [error] :gen_statem #PID<0.212.0> terminating
** (DBConnection.ConnectionError) tcp connect (db:5432): non-existing domain - :nxdomain
    (db_connection 2.8.0) lib/db_connection/connection.ex:104: DBConnection.Connection.handle_event/4
    (stdlib 6.2.2) gen_statem.erl:3737: :gen_statem.loop_state_callback/11
    (stdlib 6.2.2) proc_lib.erl:329: :proc_lib.init_p_do_apply/3
Queue: [internal: {:connect, :init}]
Postponed: []
State: Postgrex.Protocol
Callback mode: :handle_event_function, state_enter: false
2025-09-30T15:11:38.708 application=db_connection [error] Postgrex.Protocol (#PID<0.216.0>) failed to connect: ** (DBConnection.ConnectionError) tcp connect (db:5432): non-existing domain - :nxdomain
2025-09-30T15:11:38.709 application=db_connection [error] Postgrex.Protocol (#PID<0.195.0>) failed to connect: ** (DBConnection.ConnectionError) tcp connect (db:5432): non-existing domain - :nxdomain
2025-09-30T15:11:38.708 [error] :gen_statem #PID<0.216.0> terminating
** (DBConnection.ConnectionError) tcp connect (db:5432): non-existing domain - :nxdomain
    (db_connection 2.8.0) lib/db_connection/connection.ex:104: DBConnection.Connection.handle_event/4
    (stdlib 6.2.2) gen_statem.erl:3737: :gen_statem.loop_state_callback/11
    (stdlib 6.2.2) proc_lib.erl:329: :proc_lib.init_p_do_apply/3
Queue: [internal: {:connect, :init}]
Postponed: []
State: Postgrex.Protocol
Callback mode: :handle_event_function, state_enter: false
2025-09-30T15:11:42.565 application=db_connection [error] Postgrex.Protocol (#PID<0.220.0>) failed to connect: ** (DBConnection.ConnectionError) tcp connect (db:5432): non-existing domain - :nxdomain
2025-09-30T15:11:42.566 application=db_connection [error] Postgrex.Protocol (#PID<0.203.0>) failed to connect: ** (DBConnection.ConnectionError) tcp connect (db:5432): non-existing domain - :nxdomain
2025-09-30T15:11:42.566 application=db_connection [error] Postgrex.Protocol (#PID<0.202.0>) failed to connect: ** (DBConnection.ConnectionError) tcp connect (db:5432): non-existing domain - :nxdomain
2025-09-30T15:11:42.566 application=db_connection [error] Postgrex.Protocol (#PID<0.196.0>) failed to connect: ** (DBConnection.ConnectionError) tcp connect (db:5432): non-existing domain - :nxdomain
2025-09-30T15:11:42.565 [error] :gen_statem #PID<0.220.0> terminating
** (DBConnection.ConnectionError) tcp connect (db:5432): non-existing domain - :nxdomain
    (db_connection 2.8.0) lib/db_connection/connection.ex:104: DBConnection.Connection.handle_event/4
    (stdlib 6.2.2) gen_statem.erl:3737: :gen_statem.loop_state_callback/11
    (stdlib 6.2.2) proc_lib.erl:329: :proc_lib.init_p_do_apply/3
Queue: [internal: {:connect, :init}]
Postponed: []
State: Postgrex.Protocol
Callback mode: :handle_event_function, state_enter: false
2025-09-30T15:11:47.023 application=ecto_sql [error] Could not create schema migrations table. This error usually happens due to the following:

  * The database does not exist
  * The "schema_migrations" table, which Ecto uses for managing
    migrations, was defined by another library
  * There is a deadlock while migrating (such as using concurrent
    indexes with a migration_lock)

To fix the first issue, run "mix ecto.create" for the desired MIX_ENV.

To address the second, you can run "mix ecto.drop" followed by
"mix ecto.create", both for the desired MIX_ENV. Alternatively you may
configure Ecto to use another table and/or repository for managing
migrations:

    config :explorer, Explorer.Repo,
      migration_source: "some_other_table_for_schema_migrations",
      migration_repo: AnotherRepoForSchemaMigrations

The full error report is shown below.

2025-09-30T15:11:57.345 application=db_connection [error] Postgrex.Protocol (#PID<0.195.0>) failed to connect: ** (DBConnection.ConnectionError) tcp connect (db:5432): non-existing domain - :nxdomain
2025-09-30T15:11:57.345 application=db_connection [error] Postgrex.Protocol (#PID<0.201.0>) failed to connect: ** (DBConnection.ConnectionError) tcp connect (db:5432): non-existing domain - :nxdomain
2025-09-30T15:11:57.345 application=db_connection [error] Postgrex.Protocol (#PID<0.207.0>) failed to connect: ** (DBConnection.ConnectionError) tcp connect (db:5432): non-existing domain - :nxdomain
2025-09-30T15:11:57.345 application=db_connection [error] Postgrex.Protocol (#PID<0.196.0>) failed to connect: ** (DBConnection.ConnectionError) tcp connect (db:5432): non-existing domain - :nxdomain
2025-09-30T15:11:57.345 application=db_connection [error] Postgrex.Protocol (#PID<0.200.0>) failed to connect: ** (DBConnection.ConnectionError) tcp connect (db:5432): non-existing domain - :nxdomain
2025-09-30T15:11:57.354 [error] :gen_statem #PID<0.207.0> terminating
** (DBConnection.ConnectionError) tcp connect (db:5432): non-existing domain - :nxdomain
    (db_connection 2.8.0) lib/db_connection/connection.ex:104: DBConnection.Connection.handle_event/4
    (stdlib 6.2.2) gen_statem.erl:3737: :gen_statem.loop_state_callback/11
    (stdlib 6.2.2) proc_lib.erl:329: :proc_lib.init_p_do_apply/3
Queue: [internal: {:connect, :init}]
Postponed: []
State: Postgrex.Protocol
Callback mode: :handle_event_function, state_enter: false
2025-09-30T15:12:00.704 application=db_connection [error] Postgrex.Protocol (#PID<0.212.0>) failed to connect: ** (DBConnection.ConnectionError) tcp connect (db:5432): non-existing domain - :nxdomain
2025-09-30T15:12:00.704 application=db_connection [error] Postgrex.Protocol (#PID<0.195.0>) failed to connect: ** (DBConnection.ConnectionError) tcp connect (db:5432): non-existing domain - :nxdomain
2025-09-30T15:12:00.704 application=db_connection [error] Postgrex.Protocol (#PID<0.200.0>) failed to connect: ** (DBConnection.ConnectionError) tcp connect (db:5432): non-existing domain - :nxdomain
2025-09-30T15:12:00.704 application=db_connection [error] Postgrex.Protocol (#PID<0.196.0>) failed to connect: ** (DBConnection.ConnectionError) tcp connect (db:5432): non-existing domain - :nxdomain
2025-09-30T15:12:00.705 application=db_connection [error] Postgrex.Protocol (#PID<0.201.0>) failed to connect: ** (DBConnection.ConnectionError) tcp connect (db:5432): non-existing domain - :nxdomain
2025-09-30T15:12:00.704 [error] :gen_statem #PID<0.212.0> terminating
** (DBConnection.ConnectionError) tcp connect (db:5432): non-existing domain - :nxdomain
    (db_connection 2.8.0) lib/db_connection/connection.ex:104: DBConnection.Connection.handle_event/4
    (stdlib 6.2.2) gen_statem.erl:3737: :gen_statem.loop_state_callback/11
    (stdlib 6.2.2) proc_lib.erl:329: :proc_lib.init_p_do_apply/3
Queue: [internal: {:connect, :init}]
Postponed: []
State: Postgrex.Protocol
Callback mode: :handle_event_function, state_enter: false
2025-09-30T15:12:03.976 application=db_connection [error] Postgrex.Protocol (#PID<0.216.0>) failed to connect: ** (DBConnection.ConnectionError) tcp connect (db:5432): non-existing domain - :nxdomain
2025-09-30T15:12:03.976 application=db_connection [error] Postgrex.Protocol (#PID<0.195.0>) failed to connect: ** (DBConnection.ConnectionError) tcp connect (db:5432): non-existing domain - :nxdomain
2025-09-30T15:12:03.976 application=db_connection [error] Postgrex.Protocol (#PID<0.200.0>) failed to connect: ** (DBConnection.ConnectionError) tcp connect (db:5432): non-existing domain - :nxdomain
2025-09-30T15:12:03.976 [error] :gen_statem #PID<0.216.0> terminating
** (DBConnection.ConnectionError) tcp connect (db:5432): non-existing domain - :nxdomain
    (db_connection 2.8.0) lib/db_connection/connection.ex:104: DBConnection.Connection.handle_event/4
    (stdlib 6.2.2) gen_statem.erl:3737: :gen_statem.loop_state_callback/11
    (stdlib 6.2.2) proc_lib.erl:329: :proc_lib.init_p_do_apply/3
Queue: [internal: {:connect, :init}]
Postponed: []
State: Postgrex.Protocol
Callback mode: :handle_event_function, state_enter: false
2025-09-30T15:12:07.825 application=db_connection [error] Postgrex.Protocol (#PID<0.220.0>) failed to connect: ** (DBConnection.ConnectionError) tcp connect (db:5432): non-existing domain - :nxdomain
2025-09-30T15:12:07.825 application=db_connection [error] Postgrex.Protocol (#PID<0.201.0>) failed to connect: ** (DBConnection.ConnectionError) tcp connect (db:5432): non-existing domain - :nxdomain
2025-09-30T15:12:07.826 application=db_connection [error] Postgrex.Protocol (#PID<0.196.0>) failed to connect: ** (DBConnection.ConnectionError) tcp connect (db:5432): non-existing domain - :nxdomain
2025-09-30T15:12:07.826 application=db_connection [error] Postgrex.Protocol (#PID<0.200.0>) failed to connect: ** (DBConnection.ConnectionError) tcp connect (db:5432): non-existing domain - :nxdomain
2025-09-30T15:12:07.826 application=db_connection [error] Postgrex.Protocol (#PID<0.195.0>) failed to connect: ** (DBConnection.ConnectionError) tcp connect (db:5432): non-existing domain - :nxdomain
2025-09-30T15:12:07.825 [error] :gen_statem #PID<0.220.0> terminating
** (DBConnection.ConnectionError) tcp connect (db:5432): non-existing domain - :nxdomain
    (db_connection 2.8.0) lib/db_connection/connection.ex:104: DBConnection.Connection.handle_event/4
    (stdlib 6.2.2) gen_statem.erl:3737: :gen_statem.loop_state_callback/11
    (stdlib 6.2.2) proc_lib.erl:329: :proc_lib.init_p_do_apply/3
Queue: [internal: {:connect, :init}]
Postponed: []
State: Postgrex.Protocol
Callback mode: :handle_event_function, state_enter: false
2025-09-30T15:12:12.353 application=ecto_sql [error] Could not create schema migrations table. This error usually happens due to the following:

  * The database does not exist
  * The "schema_migrations" table, which Ecto uses for managing
    migrations, was defined by another library
  * There is a deadlock while migrating (such as using concurrent
    indexes with a migration_lock)

To fix the first issue, run "mix ecto.create" for the desired MIX_ENV.

To address the second, you can run "mix ecto.drop" followed by
"mix ecto.create", both for the desired MIX_ENV. Alternatively you may
configure Ecto to use another table and/or repository for managing
migrations:

    config :explorer, Explorer.Repo,
      migration_source: "some_other_table_for_schema_migrations",
      migration_repo: AnotherRepoForSchemaMigrations

The full error report is shown below.

2025-09-30T15:12:21.720 application=db_connection [error] Postgrex.Protocol (#PID<0.200.0>) failed to connect: ** (DBConnection.ConnectionError) tcp connect (db:5432): non-existing domain - :nxdomain
2025-09-30T15:12:21.720 application=db_connection [error] Postgrex.Protocol (#PID<0.201.0>) failed to connect: ** (DBConnection.ConnectionError) tcp connect (db:5432): non-existing domain - :nxdomain
2025-09-30T15:12:21.720 application=db_connection [error] Postgrex.Protocol (#PID<0.207.0>) failed to connect: ** (DBConnection.ConnectionError) tcp connect (db:5432): non-existing domain - :nxdomain
2025-09-30T15:12:21.720 application=db_connection [error] Postgrex.Protocol (#PID<0.196.0>) failed to connect: ** (DBConnection.ConnectionError) tcp connect (db:5432): non-existing domain - :nxdomain
2025-09-30T15:12:21.720 application=db_connection [error] Postgrex.Protocol (#PID<0.195.0>) failed to connect: ** (DBConnection.ConnectionError) tcp connect (db:5432): non-existing domain - :nxdomain
2025-09-30T15:12:21.734 [error] :gen_statem #PID<0.207.0> terminating
** (DBConnection.ConnectionError) tcp connect (db:5432): non-existing domain - :nxdomain
    (db_connection 2.8.0) lib/db_connection/connection.ex:104: DBConnection.Connection.handle_event/4
    (stdlib 6.2.2) gen_statem.erl:3737: :gen_statem.loop_state_callback/11
    (stdlib 6.2.2) proc_lib.erl:329: :proc_lib.init_p_do_apply/3
Queue: [internal: {:connect, :init}]
Postponed: []
State: Postgrex.Protocol
Callback mode: :handle_event_function, state_enter: false
2025-09-30T15:12:25.608 application=db_connection [error] Postgrex.Protocol (#PID<0.212.0>) failed to connect: ** (DBConnection.ConnectionError) tcp connect (db:5432): non-existing domain - :nxdomain
2025-09-30T15:12:25.609 application=db_connection [error] Postgrex.Protocol (#PID<0.200.0>) failed to connect: ** (DBConnection.ConnectionError) tcp connect (db:5432): non-existing domain - :nxdomain
2025-09-30T15:12:25.609 application=db_connection [error] Postgrex.Protocol (#PID<0.195.0>) failed to connect: ** (DBConnection.ConnectionError) tcp connect (db:5432): non-existing domain - :nxdomain
2025-09-30T15:12:25.609 application=db_connection [error] Postgrex.Protocol (#PID<0.201.0>) failed to connect: ** (DBConnection.ConnectionError) tcp connect (db:5432): non-existing domain - :nxdomain
2025-09-30T15:12:25.609 application=db_connection [error] Postgrex.Protocol (#PID<0.196.0>) failed to connect: ** (DBConnection.ConnectionError) tcp connect (db:5432): non-existing domain - :nxdomain
2025-09-30T15:12:25.608 [error] :gen_statem #PID<0.212.0> terminating
** (DBConnection.ConnectionError) tcp connect (db:5432): non-existing domain - :nxdomain
    (db_connection 2.8.0) lib/db_connection/connection.ex:104: DBConnection.Connection.handle_event/4
    (stdlib 6.2.2) gen_statem.erl:3737: :gen_statem.loop_state_callback/11
    (stdlib 6.2.2) proc_lib.erl:329: :proc_lib.init_p_do_apply/3
Queue: [internal: {:connect, :init}]
Postponed: []
State: Postgrex.Protocol
Callback mode: :handle_event_function, state_enter: false
2025-09-30T15:12:29.460 application=db_connection [error] Postgrex.Protocol (#PID<0.216.0>) failed to connect: ** (DBConnection.ConnectionError) tcp connect (db:5432): non-existing domain - :nxdomain
2025-09-30T15:12:29.462 application=db_connection [error] Postgrex.Protocol (#PID<0.195.0>) failed to connect: ** (DBConnection.ConnectionError) tcp connect (db:5432): non-existing domain - :nxdomain
2025-09-30T15:12:29.462 application=db_connection [error] Postgrex.Protocol (#PID<0.200.0>) failed to connect: ** (DBConnection.ConnectionError) tcp connect (db:5432): non-existing domain - :nxdomain
2025-09-30T15:12:29.460 [error] :gen_statem #PID<0.216.0> terminating
** (DBConnection.ConnectionError) tcp connect (db:5432): non-existing domain - :nxdomain
    (db_connection 2.8.0) lib/db_connection/connection.ex:104: DBConnection.Connection.handle_event/4
    (stdlib 6.2.2) gen_statem.erl:3737: :gen_statem.loop_state_callback/11
    (stdlib 6.2.2) proc_lib.erl:329: :proc_lib.init_p_do_apply/3
Queue: [internal: {:connect, :init}]
Postponed: []
State: Postgrex.Protocol
Callback mode: :handle_event_function, state_enter: false
2025-09-30T15:12:32.187 application=db_connection [error] Postgrex.Protocol (#PID<0.220.0>) failed to connect: ** (DBConnection.ConnectionError) tcp connect (db:5432): non-existing domain - :nxdomain
2025-09-30T15:12:32.188 application=db_connection [error] Postgrex.Protocol (#PID<0.195.0>) failed to connect: ** (DBConnection.ConnectionError) tcp connect (db:5432): non-existing domain - :nxdomain
2025-09-30T15:12:32.188 application=db_connection [error] Postgrex.Protocol (#PID<0.196.0>) failed to connect: ** (DBConnection.ConnectionError) tcp connect (db:5432): non-existing domain - :nxdomain
2025-09-30T15:12:32.188 application=db_connection [error] Postgrex.Protocol (#PID<0.201.0>) failed to connect: ** (DBConnection.ConnectionError) tcp connect (db:5432): non-existing domain - :nxdomain
2025-09-30T15:12:32.187 [error] :gen_statem #PID<0.220.0> terminating
** (DBConnection.ConnectionError) tcp connect (db:5432): non-existing domain - :nxdomain
    (db_connection 2.8.0) lib/db_connection/connection.ex:104: DBConnection.Connection.handle_event/4
    (stdlib 6.2.2) gen_statem.erl:3737: :gen_statem.loop_state_callback/11
    (stdlib 6.2.2) proc_lib.erl:329: :proc_lib.init_p_do_apply/3
Queue: [internal: {:connect, :init}]
Postponed: []
State: Postgrex.Protocol
Callback mode: :handle_event_function, state_enter: false
2025-09-30T15:12:36.725 application=ecto_sql [error] Could not create schema migrations table. This error usually happens due to the following:

  * The database does not exist
  * The "schema_migrations" table, which Ecto uses for managing
    migrations, was defined by another library
  * There is a deadlock while migrating (such as using concurrent
    indexes with a migration_lock)

To fix the first issue, run "mix ecto.create" for the desired MIX_ENV.

To address the second, you can run "mix ecto.drop" followed by
"mix ecto.create", both for the desired MIX_ENV. Alternatively you may
configure Ecto to use another table and/or repository for managing
migrations:

    config :explorer, Explorer.Repo,
      migration_source: "some_other_table_for_schema_migrations",
      migration_repo: AnotherRepoForSchemaMigrations

The full error report is shown below.

2025-09-30T15:12:47.654 application=db_connection [error] Postgrex.Protocol (#PID<0.200.0>) failed to connect: ** (DBConnection.ConnectionError) tcp connect (db:5432): non-existing domain - :nxdomain
2025-09-30T15:12:47.654 application=db_connection [error] Postgrex.Protocol (#PID<0.201.0>) failed to connect: ** (DBConnection.ConnectionError) tcp connect (db:5432): non-existing domain - :nxdomain
2025-09-30T15:12:47.654 application=db_connection [error] Postgrex.Protocol (#PID<0.207.0>) failed to connect: ** (DBConnection.ConnectionError) tcp connect (db:5432): non-existing domain - :nxdomain
2025-09-30T15:12:47.653 application=db_connection [error] Postgrex.Protocol (#PID<0.196.0>) failed to connect: ** (DBConnection.ConnectionError) tcp connect (db:5432): non-existing domain - :nxdomain
2025-09-30T15:12:47.653 application=db_connection [error] Postgrex.Protocol (#PID<0.195.0>) failed to connect: ** (DBConnection.ConnectionError) tcp connect (db:5432): non-existing domain - :nxdomain
2025-09-30T15:12:47.670 [error] :gen_statem #PID<0.207.0> terminating
** (DBConnection.ConnectionError) tcp connect (db:5432): non-existing domain - :nxdomain
    (db_connection 2.8.0) lib/db_connection/connection.ex:104: DBConnection.Connection.handle_event/4
    (stdlib 6.2.2) gen_statem.erl:3737: :gen_statem.loop_state_callback/11
    (stdlib 6.2.2) proc_lib.erl:329: :proc_lib.init_p_do_apply/3
Queue: [internal: {:connect, :init}]
Postponed: []
State: Postgrex.Protocol
Callback mode: :handle_event_function, state_enter: false
2025-09-30T15:12:51.535 application=db_connection [error] Postgrex.Protocol (#PID<0.212.0>) failed to connect: ** (DBConnection.ConnectionError) tcp connect (db:5432): non-existing domain - :nxdomain
2025-09-30T15:12:51.536 application=db_connection [error] Postgrex.Protocol (#PID<0.195.0>) failed to connect: ** (DBConnection.ConnectionError) tcp connect (db:5432): non-existing domain - :nxdomain
2025-09-30T15:12:51.536 application=db_connection [error] Postgrex.Protocol (#PID<0.200.0>) failed to connect: ** (DBConnection.ConnectionError) tcp connect (db:5432): non-existing domain - :nxdomain
2025-09-30T15:12:51.536 application=db_connection [error] Postgrex.Protocol (#PID<0.196.0>) failed to connect: ** (DBConnection.ConnectionError) tcp connect (db:5432): non-existing domain - :nxdomain
2025-09-30T15:12:51.536 application=db_connection [error] Postgrex.Protocol (#PID<0.201.0>) failed to connect: ** (DBConnection.ConnectionError) tcp connect (db:5432): non-existing domain - :nxdomain
2025-09-30T15:12:51.535 [error] :gen_statem #PID<0.212.0> terminating
** (DBConnection.ConnectionError) tcp connect (db:5432): non-existing domain - :nxdomain
    (db_connection 2.8.0) lib/db_connection/connection.ex:104: DBConnection.Connection.handle_event/4
    (stdlib 6.2.2) gen_statem.erl:3737: :gen_statem.loop_state_callback/11
    (stdlib 6.2.2) proc_lib.erl:329: :proc_lib.init_p_do_apply/3
Queue: [internal: {:connect, :init}]
Postponed: []
State: Postgrex.Protocol
Callback mode: :handle_event_function, state_enter: false
2025-09-30T15:12:55.378 application=db_connection [error] Postgrex.Protocol (#PID<0.195.0>) failed to connect: ** (DBConnection.ConnectionError) tcp connect (db:5432): non-existing domain - :nxdomain
2025-09-30T15:12:55.378 application=db_connection [error] Postgrex.Protocol (#PID<0.216.0>) failed to connect: ** (DBConnection.ConnectionError) tcp connect (db:5432): non-existing domain - :nxdomain
2025-09-30T15:12:55.378 [error] :gen_statem #PID<0.216.0> terminating
** (DBConnection.ConnectionError) tcp connect (db:5432): non-existing domain - :nxdomain
    (db_connection 2.8.0) lib/db_connection/connection.ex:104: DBConnection.Connection.handle_event/4
    (stdlib 6.2.2) gen_statem.erl:3737: :gen_statem.loop_state_callback/11
    (stdlib 6.2.2) proc_lib.erl:329: :proc_lib.init_p_do_apply/3
Queue: [internal: {:connect, :init}]
Postponed: []
State: Postgrex.Protocol
Callback mode: :handle_event_function, state_enter: false
2025-09-30T15:12:58.687 application=db_connection [error] Postgrex.Protocol (#PID<0.200.0>) failed to connect: ** (DBConnection.ConnectionError) tcp connect (db:5432): non-existing domain - :nxdomain
2025-09-30T15:12:58.687 application=db_connection [error] Postgrex.Protocol (#PID<0.220.0>) failed to connect: ** (DBConnection.ConnectionError) tcp connect (db:5432): non-existing domain - :nxdomain
2025-09-30T15:12:58.688 application=db_connection [error] Postgrex.Protocol (#PID<0.196.0>) failed to connect: ** (DBConnection.ConnectionError) tcp connect (db:5432): non-existing domain - :nxdomain
2025-09-30T15:12:58.688 application=db_connection [error] Postgrex.Protocol (#PID<0.201.0>) failed to connect: ** (DBConnection.ConnectionError) tcp connect (db:5432): non-existing domain - :nxdomain
2025-09-30T15:12:58.688 [error] :gen_statem #PID<0.220.0> terminating
** (DBConnection.ConnectionError) tcp connect (db:5432): non-existing domain - :nxdomain
    (db_connection 2.8.0) lib/db_connection/connection.ex:104: DBConnection.Connection.handle_event/4
    (stdlib 6.2.2) gen_statem.erl:3737: :gen_statem.loop_state_callback/11
    (stdlib 6.2.2) proc_lib.erl:329: :proc_lib.init_p_do_apply/3
Queue: [internal: {:connect, :init}]
Postponed: []
State: Postgrex.Protocol
Callback mode: :handle_event_function, state_enter: false
2025-09-30T15:13:02.644 application=ecto_sql [error] Could not create schema migrations table. This error usually happens due to the following:

  * The database does not exist
  * The "schema_migrations" table, which Ecto uses for managing
    migrations, was defined by another library
  * There is a deadlock while migrating (such as using concurrent
    indexes with a migration_lock)

To fix the first issue, run "mix ecto.create" for the desired MIX_ENV.

To address the second, you can run "mix ecto.drop" followed by
"mix ecto.create", both for the desired MIX_ENV. Alternatively you may
configure Ecto to use another table and/or repository for managing
migrations:

    config :explorer, Explorer.Repo,
      migration_source: "some_other_table_for_schema_migrations",
      migration_repo: AnotherRepoForSchemaMigrations

The full error report is shown below.

2025-09-30T15:13:10.146 application=db_connection [error] Postgrex.Protocol (#PID<0.196.0>) failed to connect: ** (DBConnection.ConnectionError) tcp connect (db:5432): non-existing domain - :nxdomain
2025-09-30T15:13:10.146 application=db_connection [error] Postgrex.Protocol (#PID<0.195.0>) failed to connect: ** (DBConnection.ConnectionError) tcp connect (db:5432): non-existing domain - :nxdomain
2025-09-30T15:13:10.146 application=db_connection [error] Postgrex.Protocol (#PID<0.201.0>) failed to connect: ** (DBConnection.ConnectionError) tcp connect (db:5432): non-existing domain - :nxdomain
2025-09-30T15:13:10.145 application=db_connection [error] Postgrex.Protocol (#PID<0.200.0>) failed to connect: ** (DBConnection.ConnectionError) tcp connect (db:5432): non-existing domain - :nxdomain
2025-09-30T15:13:10.145 application=db_connection [error] Postgrex.Protocol (#PID<0.207.0>) failed to connect: ** (DBConnection.ConnectionError) tcp connect (db:5432): non-existing domain - :nxdomain
2025-09-30T15:13:10.159 [error] :gen_statem #PID<0.207.0> terminating
** (DBConnection.ConnectionError) tcp connect (db:5432): non-existing domain - :nxdomain
    (db_connection 2.8.0) lib/db_connection/connection.ex:104: DBConnection.Connection.handle_event/4
    (stdlib 6.2.2) gen_statem.erl:3737: :gen_statem.loop_state_callback/11
    (stdlib 6.2.2) proc_lib.erl:329: :proc_lib.init_p_do_apply/3
Queue: [internal: {:connect, :init}]
Postponed: []
State: Postgrex.Protocol
Callback mode: :handle_event_function, state_enter: false
2025-09-30T15:13:14.034 application=db_connection [error] Postgrex.Protocol (#PID<0.195.0>) failed to connect: ** (DBConnection.ConnectionError) tcp connect (db:5432): non-existing domain - :nxdomain
2025-09-30T15:13:14.034 application=db_connection [error] Postgrex.Protocol (#PID<0.196.0>) failed to connect: ** (DBConnection.ConnectionError) tcp connect (db:5432): non-existing domain - :nxdomain
2025-09-30T15:13:14.034 application=db_connection [error] Postgrex.Protocol (#PID<0.212.0>) failed to connect: ** (DBConnection.ConnectionError) tcp connect (db:5432): non-existing domain - :nxdomain
2025-09-30T15:13:14.034 application=db_connection [error] Postgrex.Protocol (#PID<0.201.0>) failed to connect: ** (DBConnection.ConnectionError) tcp connect (db:5432): non-existing domain - :nxdomain
2025-09-30T15:13:14.034 application=db_connection [error] Postgrex.Protocol (#PID<0.200.0>) failed to connect: ** (DBConnection.ConnectionError) tcp connect (db:5432): non-existing domain - :nxdomain
2025-09-30T15:13:14.034 [error] :gen_statem #PID<0.212.0> terminating
** (DBConnection.ConnectionError) tcp connect (db:5432): non-existing domain - :nxdomain
    (db_connection 2.8.0) lib/db_connection/connection.ex:104: DBConnection.Connection.handle_event/4
    (stdlib 6.2.2) gen_statem.erl:3737: :gen_statem.loop_state_callback/11
    (stdlib 6.2.2) proc_lib.erl:329: :proc_lib.init_p_do_apply/3
Queue: [internal: {:connect, :init}]
Postponed: []
State: Postgrex.Protocol
Callback mode: :handle_event_function, state_enter: false
2025-09-30T15:13:17.871 application=db_connection [error] Postgrex.Protocol (#PID<0.216.0>) failed to connect: ** (DBConnection.ConnectionError) tcp connect (db:5432): non-existing domain - :nxdomain
2025-09-30T15:13:17.871 application=db_connection [error] Postgrex.Protocol (#PID<0.195.0>) failed to connect: ** (DBConnection.ConnectionError) tcp connect (db:5432): non-existing domain - :nxdomain
2025-09-30T15:13:17.871 application=db_connection [error] Postgrex.Protocol (#PID<0.196.0>) failed to connect: ** (DBConnection.ConnectionError) tcp connect (db:5432): non-existing domain - :nxdomain
2025-09-30T15:13:17.871 [error] :gen_statem #PID<0.216.0> terminating
** (DBConnection.ConnectionError) tcp connect (db:5432): non-existing domain - :nxdomain
    (db_connection 2.8.0) lib/db_connection/connection.ex:104: DBConnection.Connection.handle_event/4
    (stdlib 6.2.2) gen_statem.erl:3737: :gen_statem.loop_state_callback/11
    (stdlib 6.2.2) proc_lib.erl:329: :proc_lib.init_p_do_apply/3
Queue: [internal: {:connect, :init}]
Postponed: []
State: Postgrex.Protocol
Callback mode: :handle_event_function, state_enter: false
2025-09-30T15:13:21.726 application=db_connection [error] Postgrex.Protocol (#PID<0.201.0>) failed to connect: ** (DBConnection.ConnectionError) tcp connect (db:5432): non-existing domain - :nxdomain
2025-09-30T15:13:21.726 application=db_connection [error] Postgrex.Protocol (#PID<0.220.0>) failed to connect: ** (DBConnection.ConnectionError) tcp connect (db:5432): non-existing domain - :nxdomain
2025-09-30T15:13:21.726 [error] :gen_statem #PID<0.220.0> terminating
** (DBConnection.ConnectionError) tcp connect (db:5432): non-existing domain - :nxdomain
    (db_connection 2.8.0) lib/db_connection/connection.ex:104: DBConnection.Connection.handle_event/4
    (stdlib 6.2.2) gen_statem.erl:3737: :gen_statem.loop_state_callback/11
    (stdlib 6.2.2) proc_lib.erl:329: :proc_lib.init_p_do_apply/3
Queue: [internal: {:connect, :init}]
Postponed: []
State: Postgrex.Protocol
Callback mode: :handle_event_function, state_enter: false
2025-09-30T15:13:25.970 application=db_connection [error] Postgrex.Protocol (#PID<0.196.0>) failed to connect: ** (DBConnection.ConnectionError) tcp connect (db:5432): non-existing domain - :nxdomain
2025-09-30T15:13:25.970 application=db_connection [error] Postgrex.Protocol (#PID<0.200.0>) failed to connect: ** (DBConnection.ConnectionError) tcp connect (db:5432): non-existing domain - :nxdomain
2025-09-30T15:13:25.970 application=db_connection [error] Postgrex.Protocol (#PID<0.195.0>) failed to connect: ** (DBConnection.ConnectionError) tcp connect (db:5432): non-existing domain - :nxdomain
2025-09-30T15:13:26.226 application=ecto_sql [error] Could not create schema migrations table. This error usually happens due to the following:

  * The database does not exist
  * The "schema_migrations" table, which Ecto uses for managing
    migrations, was defined by another library
  * There is a deadlock while migrating (such as using concurrent
    indexes with a migration_lock)

To fix the first issue, run "mix ecto.create" for the desired MIX_ENV.

To address the second, you can run "mix ecto.drop" followed by
"mix ecto.create", both for the desired MIX_ENV. Alternatively you may
configure Ecto to use another table and/or repository for managing
migrations:

    config :explorer, Explorer.Repo,
      migration_source: "some_other_table_for_schema_migrations",
      migration_repo: AnotherRepoForSchemaMigrations

The full error report is shown below.

2025-09-30T15:13:35.641 application=db_connection [error] Postgrex.Protocol (#PID<0.200.0>) failed to connect: ** (DBConnection.ConnectionError) tcp connect (db:5432): non-existing domain - :nxdomain
2025-09-30T15:13:35.641 application=db_connection [error] Postgrex.Protocol (#PID<0.196.0>) failed to connect: ** (DBConnection.ConnectionError) tcp connect (db:5432): non-existing domain - :nxdomain
2025-09-30T15:13:35.641 application=db_connection [error] Postgrex.Protocol (#PID<0.207.0>) failed to connect: ** (DBConnection.ConnectionError) tcp connect (db:5432): non-existing domain - :nxdomain
2025-09-30T15:13:35.641 application=db_connection [error] Postgrex.Protocol (#PID<0.201.0>) failed to connect: ** (DBConnection.ConnectionError) tcp connect (db:5432): non-existing domain - :nxdomain
2025-09-30T15:13:35.641 application=db_connection [error] Postgrex.Protocol (#PID<0.195.0>) failed to connect: ** (DBConnection.ConnectionError) tcp connect (db:5432): non-existing domain - :nxdomain
2025-09-30T15:13:35.649 [error] :gen_statem #PID<0.207.0> terminating
** (DBConnection.ConnectionError) tcp connect (db:5432): non-existing domain - :nxdomain
    (db_connection 2.8.0) lib/db_connection/connection.ex:104: DBConnection.Connection.handle_event/4
    (stdlib 6.2.2) gen_statem.erl:3737: :gen_statem.loop_state_callback/11
    (stdlib 6.2.2) proc_lib.erl:329: :proc_lib.init_p_do_apply/3
Queue: [internal: {:connect, :init}]
Postponed: []
State: Postgrex.Protocol
Callback mode: :handle_event_function, state_enter: false
2025-09-30T15:13:39.535 application=db_connection [error] Postgrex.Protocol (#PID<0.212.0>) failed to connect: ** (DBConnection.ConnectionError) tcp connect (db:5432): non-existing domain - :nxdomain
2025-09-30T15:13:39.535 application=db_connection [error] Postgrex.Protocol (#PID<0.196.0>) failed to connect: ** (DBConnection.ConnectionError) tcp connect (db:5432): non-existing domain - :nxdomain
2025-09-30T15:13:39.535 application=db_connection [error] Postgrex.Protocol (#PID<0.201.0>) failed to connect: ** (DBConnection.ConnectionError) tcp connect (db:5432): non-existing domain - :nxdomain
2025-09-30T15:13:39.536 application=db_connection [error] Postgrex.Protocol (#PID<0.200.0>) failed to connect: ** (DBConnection.ConnectionError) tcp connect (db:5432): non-existing domain - :nxdomain
2025-09-30T15:13:39.536 application=db_connection [error] Postgrex.Protocol (#PID<0.195.0>) failed to connect: ** (DBConnection.ConnectionError) tcp connect (db:5432): non-existing domain - :nxdomain
2025-09-30T15:13:39.535 [error] :gen_statem #PID<0.212.0> terminating
** (DBConnection.ConnectionError) tcp connect (db:5432): non-existing domain - :nxdomain
    (db_connection 2.8.0) lib/db_connection/connection.ex:104: DBConnection.Connection.handle_event/4
    (stdlib 6.2.2) gen_statem.erl:3737: :gen_statem.loop_state_callback/11
    (stdlib 6.2.2) proc_lib.erl:329: :proc_lib.init_p_do_apply/3
Queue: [internal: {:connect, :init}]
Postponed: []
State: Postgrex.Protocol
Callback mode: :handle_event_function, state_enter: false
2025-09-30T15:13:43.398 application=db_connection [error] Postgrex.Protocol (#PID<0.201.0>) failed to connect: ** (DBConnection.ConnectionError) tcp connect (db:5432): non-existing domain - :nxdomain
2025-09-30T15:13:43.398 application=db_connection [error] Postgrex.Protocol (#PID<0.216.0>) failed to connect: ** (DBConnection.ConnectionError) tcp connect (db:5432): non-existing domain - :nxdomain
2025-09-30T15:13:43.398 application=db_connection [error] Postgrex.Protocol (#PID<0.196.0>) failed to connect: ** (DBConnection.ConnectionError) tcp connect (db:5432): non-existing domain - :nxdomain
2025-09-30T15:13:43.398 [error] :gen_statem #PID<0.216.0> terminating
** (DBConnection.ConnectionError) tcp connect (db:5432): non-existing domain - :nxdomain
    (db_connection 2.8.0) lib/db_connection/connection.ex:104: DBConnection.Connection.handle_event/4
    (stdlib 6.2.2) gen_statem.erl:3737: :gen_statem.loop_state_callback/11
    (stdlib 6.2.2) proc_lib.erl:329: :proc_lib.init_p_do_apply/3
Queue: [internal: {:connect, :init}]
Postponed: []
State: Postgrex.Protocol
Callback mode: :handle_event_function, state_enter: false
2025-09-30T15:13:47.263 application=db_connection [error] Postgrex.Protocol (#PID<0.200.0>) failed to connect: ** (DBConnection.ConnectionError) tcp connect (db:5432): non-existing domain - :nxdomain
2025-09-30T15:13:47.263 application=db_connection [error] Postgrex.Protocol (#PID<0.220.0>) failed to connect: ** (DBConnection.ConnectionError) tcp connect (db:5432): non-existing domain - :nxdomain
2025-09-30T15:13:47.263 application=db_connection [error] Postgrex.Protocol (#PID<0.196.0>) failed to connect: ** (DBConnection.ConnectionError) tcp connect (db:5432): non-existing domain - :nxdomain
2025-09-30T15:13:47.263 [error] :gen_statem #PID<0.220.0> terminating
** (DBConnection.ConnectionError) tcp connect (db:5432): non-existing domain - :nxdomain
    (db_connection 2.8.0) lib/db_connection/connection.ex:104: DBConnection.Connection.handle_event/4
    (stdlib 6.2.2) gen_statem.erl:3737: :gen_statem.loop_state_callback/11
    (stdlib 6.2.2) proc_lib.erl:329: :proc_lib.init_p_do_apply/3
Queue: [internal: {:connect, :init}]
Postponed: []
State: Postgrex.Protocol
Callback mode: :handle_event_function, state_enter: false
2025-09-30T15:13:51.180 application=db_connection [error] Postgrex.Protocol (#PID<0.195.0>) failed to connect: ** (DBConnection.ConnectionError) tcp connect (db:5432): non-existing domain - :nxdomain
2025-09-30T15:13:51.180 application=db_connection [error] Postgrex.Protocol (#PID<0.201.0>) failed to connect: ** (DBConnection.ConnectionError) tcp connect (db:5432): non-existing domain - :nxdomain
2025-09-30T15:13:51.753 application=ecto_sql [error] Could not create schema migrations table. This error usually happens due to the following:

  * The database does not exist
  * The "schema_migrations" table, which Ecto uses for managing
    migrations, was defined by another library
  * There is a deadlock while migrating (such as using concurrent
    indexes with a migration_lock)

To fix the first issue, run "mix ecto.create" for the desired MIX_ENV.

To address the second, you can run "mix ecto.drop" followed by
"mix ecto.create", both for the desired MIX_ENV. Alternatively you may
configure Ecto to use another table and/or repository for managing
migrations:

    config :explorer, Explorer.Repo,
      migration_source: "some_other_table_for_schema_migrations",
      migration_repo: AnotherRepoForSchemaMigrations

The full error report is shown below.

2025-09-30T15:14:00.647 application=db_connection [error] Postgrex.Protocol (#PID<0.195.0>) failed to connect: ** (DBConnection.ConnectionError) tcp connect (db:5432): non-existing domain - :nxdomain
2025-09-30T15:14:00.647 application=db_connection [error] Postgrex.Protocol (#PID<0.207.0>) failed to connect: ** (DBConnection.ConnectionError) tcp connect (db:5432): non-existing domain - :nxdomain
2025-09-30T15:14:00.647 application=db_connection [error] Postgrex.Protocol (#PID<0.200.0>) failed to connect: ** (DBConnection.ConnectionError) tcp connect (db:5432): non-existing domain - :nxdomain
2025-09-30T15:14:00.647 application=db_connection [error] Postgrex.Protocol (#PID<0.196.0>) failed to connect: ** (DBConnection.ConnectionError) tcp connect (db:5432): non-existing domain - :nxdomain
2025-09-30T15:14:00.647 application=db_connection [error] Postgrex.Protocol (#PID<0.201.0>) failed to connect: ** (DBConnection.ConnectionError) tcp connect (db:5432): non-existing domain - :nxdomain
2025-09-30T15:14:00.653 [error] :gen_statem #PID<0.207.0> terminating
** (DBConnection.ConnectionError) tcp connect (db:5432): non-existing domain - :nxdomain
    (db_connection 2.8.0) lib/db_connection/connection.ex:104: DBConnection.Connection.handle_event/4
    (stdlib 6.2.2) gen_statem.erl:3737: :gen_statem.loop_state_callback/11
    (stdlib 6.2.2) proc_lib.erl:329: :proc_lib.init_p_do_apply/3
Queue: [internal: {:connect, :init}]
Postponed: []
State: Postgrex.Protocol
Callback mode: :handle_event_function, state_enter: false
2025-09-30T15:14:04.530 application=db_connection [error] Postgrex.Protocol (#PID<0.195.0>) failed to connect: ** (DBConnection.ConnectionError) tcp connect (db:5432): non-existing domain - :nxdomain
2025-09-30T15:14:04.530 application=db_connection [error] Postgrex.Protocol (#PID<0.212.0>) failed to connect: ** (DBConnection.ConnectionError) tcp connect (db:5432): non-existing domain - :nxdomain
2025-09-30T15:14:04.530 application=db_connection [error] Postgrex.Protocol (#PID<0.201.0>) failed to connect: ** (DBConnection.ConnectionError) tcp connect (db:5432): non-existing domain - :nxdomain
2025-09-30T15:14:04.530 application=db_connection [error] Postgrex.Protocol (#PID<0.196.0>) failed to connect: ** (DBConnection.ConnectionError) tcp connect (db:5432): non-existing domain - :nxdomain
2025-09-30T15:14:04.531 application=db_connection [error] Postgrex.Protocol (#PID<0.200.0>) failed to connect: ** (DBConnection.ConnectionError) tcp connect (db:5432): non-existing domain - :nxdomain
2025-09-30T15:14:04.530 [error] :gen_statem #PID<0.212.0> terminating
** (DBConnection.ConnectionError) tcp connect (db:5432): non-existing domain - :nxdomain
    (db_connection 2.8.0) lib/db_connection/connection.ex:104: DBConnection.Connection.handle_event/4
    (stdlib 6.2.2) gen_statem.erl:3737: :gen_statem.loop_state_callback/11
    (stdlib 6.2.2) proc_lib.erl:329: :proc_lib.init_p_do_apply/3
Queue: [internal: {:connect, :init}]
Postponed: []
State: Postgrex.Protocol
Callback mode: :handle_event_function, state_enter: false
2025-09-30T15:14:08.400 application=db_connection [error] Postgrex.Protocol (#PID<0.195.0>) failed to connect: ** (DBConnection.ConnectionError) tcp connect (db:5432): non-existing domain - :nxdomain
2025-09-30T15:14:08.400 application=db_connection [error] Postgrex.Protocol (#PID<0.216.0>) failed to connect: ** (DBConnection.ConnectionError) tcp connect (db:5432): non-existing domain - :nxdomain
2025-09-30T15:14:08.400 application=db_connection [error] Postgrex.Protocol (#PID<0.200.0>) failed to connect: ** (DBConnection.ConnectionError) tcp connect (db:5432): non-existing domain - :nxdomain
2025-09-30T15:14:08.400 [error] :gen_statem #PID<0.216.0> terminating
** (DBConnection.ConnectionError) tcp connect (db:5432): non-existing domain - :nxdomain
    (db_connection 2.8.0) lib/db_connection/connection.ex:104: DBConnection.Connection.handle_event/4
    (stdlib 6.2.2) gen_statem.erl:3737: :gen_statem.loop_state_callback/11
    (stdlib 6.2.2) proc_lib.erl:329: :proc_lib.init_p_do_apply/3
Queue: [internal: {:connect, :init}]
Postponed: []
State: Postgrex.Protocol
Callback mode: :handle_event_function, state_enter: false
2025-09-30T15:14:12.259 application=db_connection [error] Postgrex.Protocol (#PID<0.220.0>) failed to connect: ** (DBConnection.ConnectionError) tcp connect (db:5432): non-existing domain - :nxdomain
2025-09-30T15:14:12.259 application=db_connection [error] Postgrex.Protocol (#PID<0.201.0>) failed to connect: ** (DBConnection.ConnectionError) tcp connect (db:5432): non-existing domain - :nxdomain
2025-09-30T15:14:12.259 application=db_connection [error] Postgrex.Protocol (#PID<0.196.0>) failed to connect: ** (DBConnection.ConnectionError) tcp connect (db:5432): non-existing domain - :nxdomain
2025-09-30T15:14:12.259 [error] :gen_statem #PID<0.220.0> terminating
** (DBConnection.ConnectionError) tcp connect (db:5432): non-existing domain - :nxdomain
    (db_connection 2.8.0) lib/db_connection/connection.ex:104: DBConnection.Connection.handle_event/4
    (stdlib 6.2.2) gen_statem.erl:3737: :gen_statem.loop_state_callback/11
    (stdlib 6.2.2) proc_lib.erl:329: :proc_lib.init_p_do_apply/3
Queue: [internal: {:connect, :init}]
Postponed: []
State: Postgrex.Protocol
Callback mode: :handle_event_function, state_enter: false
2025-09-30T15:14:16.428 application=db_connection [error] Postgrex.Protocol (#PID<0.195.0>) failed to connect: ** (DBConnection.ConnectionError) tcp connect (db:5432): non-existing domain - :nxdomain
2025-09-30T15:14:16.428 application=db_connection [error] Postgrex.Protocol (#PID<0.200.0>) failed to connect: ** (DBConnection.ConnectionError) tcp connect (db:5432): non-existing domain - :nxdomain
2025-09-30T15:14:16.745 application=ecto_sql [error] Could not create schema migrations table. This error usually happens due to the following:

  * The database does not exist
  * The "schema_migrations" table, which Ecto uses for managing
    migrations, was defined by another library
  * There is a deadlock while migrating (such as using concurrent
    indexes with a migration_lock)

To fix the first issue, run "mix ecto.create" for the desired MIX_ENV.

To address the second, you can run "mix ecto.drop" followed by
"mix ecto.create", both for the desired MIX_ENV. Alternatively you may
configure Ecto to use another table and/or repository for managing
migrations:

    config :explorer, Explorer.Repo,
      migration_source: "some_other_table_for_schema_migrations",
      migration_repo: AnotherRepoForSchemaMigrations

The full error report is shown below.

2025-09-30T15:14:26.888 application=db_connection [error] Postgrex.Protocol (#PID<0.196.0>) failed to connect: ** (DBConnection.ConnectionError) tcp connect (db:5432): non-existing domain - :nxdomain
2025-09-30T15:14:26.888 application=db_connection [error] Postgrex.Protocol (#PID<0.201.0>) failed to connect: ** (DBConnection.ConnectionError) tcp connect (db:5432): non-existing domain - :nxdomain
2025-09-30T15:14:26.888 application=db_connection [error] Postgrex.Protocol (#PID<0.200.0>) failed to connect: ** (DBConnection.ConnectionError) tcp connect (db:5432): non-existing domain - :nxdomain
2025-09-30T15:14:26.888 application=db_connection [error] Postgrex.Protocol (#PID<0.207.0>) failed to connect: ** (DBConnection.ConnectionError) tcp connect (db:5432): non-existing domain - :nxdomain
2025-09-30T15:14:26.888 application=db_connection [error] Postgrex.Protocol (#PID<0.195.0>) failed to connect: ** (DBConnection.ConnectionError) tcp connect (db:5432): non-existing domain - :nxdomain
2025-09-30T15:14:26.897 [error] :gen_statem #PID<0.207.0> terminating
** (DBConnection.ConnectionError) tcp connect (db:5432): non-existing domain - :nxdomain
    (db_connection 2.8.0) lib/db_connection/connection.ex:104: DBConnection.Connection.handle_event/4
    (stdlib 6.2.2) gen_statem.erl:3737: :gen_statem.loop_state_callback/11
    (stdlib 6.2.2) proc_lib.erl:329: :proc_lib.init_p_do_apply/3
Queue: [internal: {:connect, :init}]
Postponed: []
State: Postgrex.Protocol
Callback mode: :handle_event_function, state_enter: false
2025-09-30T15:14:30.760 application=db_connection [error] Postgrex.Protocol (#PID<0.200.0>) failed to connect: ** (DBConnection.ConnectionError) tcp connect (db:5432): non-existing domain - :nxdomain
2025-09-30T15:14:30.760 application=db_connection [error] Postgrex.Protocol (#PID<0.212.0>) failed to connect: ** (DBConnection.ConnectionError) tcp connect (db:5432): non-existing domain - :nxdomain
2025-09-30T15:14:30.760 application=db_connection [error] Postgrex.Protocol (#PID<0.201.0>) failed to connect: ** (DBConnection.ConnectionError) tcp connect (db:5432): non-existing domain - :nxdomain
2025-09-30T15:14:30.760 application=db_connection [error] Postgrex.Protocol (#PID<0.196.0>) failed to connect: ** (DBConnection.ConnectionError) tcp connect (db:5432): non-existing domain - :nxdomain
2025-09-30T15:14:30.760 application=db_connection [error] Postgrex.Protocol (#PID<0.195.0>) failed to connect: ** (DBConnection.ConnectionError) tcp connect (db:5432): non-existing domain - :nxdomain
2025-09-30T15:14:30.760 [error] :gen_statem #PID<0.212.0> terminating
** (DBConnection.ConnectionError) tcp connect (db:5432): non-existing domain - :nxdomain
    (db_connection 2.8.0) lib/db_connection/connection.ex:104: DBConnection.Connection.handle_event/4
    (stdlib 6.2.2) gen_statem.erl:3737: :gen_statem.loop_state_callback/11
    (stdlib 6.2.2) proc_lib.erl:329: :proc_lib.init_p_do_apply/3
Queue: [internal: {:connect, :init}]
Postponed: []
State: Postgrex.Protocol
Callback mode: :handle_event_function, state_enter: false
2025-09-30T15:14:34.617 application=db_connection [error] Postgrex.Protocol (#PID<0.216.0>) failed to connect: ** (DBConnection.ConnectionError) tcp connect (db:5432): non-existing domain - :nxdomain
2025-09-30T15:14:34.618 application=db_connection [error] Postgrex.Protocol (#PID<0.196.0>) failed to connect: ** (DBConnection.ConnectionError) tcp connect (db:5432): non-existing domain - :nxdomain
2025-09-30T15:14:34.618 application=db_connection [error] Postgrex.Protocol (#PID<0.200.0>) failed to connect: ** (DBConnection.ConnectionError) tcp connect (db:5432): non-existing domain - :nxdomain
2025-09-30T15:14:34.618 application=db_connection [error] Postgrex.Protocol (#PID<0.201.0>) failed to connect: ** (DBConnection.ConnectionError) tcp connect (db:5432): non-existing domain - :nxdomain
2025-09-30T15:14:34.617 [error] :gen_statem #PID<0.216.0> terminating
** (DBConnection.ConnectionError) tcp connect (db:5432): non-existing domain - :nxdomain
    (db_connection 2.8.0) lib/db_connection/connection.ex:104: DBConnection.Connection.handle_event/4
    (stdlib 6.2.2) gen_statem.erl:3737: :gen_statem.loop_state_callback/11
    (stdlib 6.2.2) proc_lib.erl:329: :proc_lib.init_p_do_apply/3
Queue: [internal: {:connect, :init}]
Postponed: []
State: Postgrex.Protocol
Callback mode: :handle_event_function, state_enter: false
2025-09-30T15:14:38.474 application=db_connection [error] Postgrex.Protocol (#PID<0.195.0>) failed to connect: ** (DBConnection.ConnectionError) tcp connect (db:5432): non-existing domain - :nxdomain
2025-09-30T15:14:38.474 application=db_connection [error] Postgrex.Protocol (#PID<0.220.0>) failed to connect: ** (DBConnection.ConnectionError) tcp connect (db:5432): non-existing domain - :nxdomain
2025-09-30T15:14:38.474 application=db_connection [error] Postgrex.Protocol (#PID<0.200.0>) failed to connect: ** (DBConnection.ConnectionError) tcp connect (db:5432): non-existing domain - :nxdomain
2025-09-30T15:14:38.474 application=db_connection [error] Postgrex.Protocol (#PID<0.196.0>) failed to connect: ** (DBConnection.ConnectionError) tcp connect (db:5432): non-existing domain - :nxdomain
2025-09-30T15:14:38.475 application=db_connection [error] Postgrex.Protocol (#PID<0.201.0>) failed to connect: ** (DBConnection.ConnectionError) tcp connect (db:5432): non-existing domain - :nxdomain
2025-09-30T15:14:38.474 [error] :gen_statem #PID<0.220.0> terminating
** (DBConnection.ConnectionError) tcp connect (db:5432): non-existing domain - :nxdomain
    (db_connection 2.8.0) lib/db_connection/connection.ex:104: DBConnection.Connection.handle_event/4
    (stdlib 6.2.2) gen_statem.erl:3737: :gen_statem.loop_state_callback/11
    (stdlib 6.2.2) proc_lib.erl:329: :proc_lib.init_p_do_apply/3
Queue: [internal: {:connect, :init}]
Postponed: []
State: Postgrex.Protocol
Callback mode: :handle_event_function, state_enter: false
2025-09-30T15:14:42.981 application=ecto_sql [error] Could not create schema migrations table. This error usually happens due to the following:

  * The database does not exist
  * The "schema_migrations" table, which Ecto uses for managing
    migrations, was defined by another library
  * There is a deadlock while migrating (such as using concurrent
    indexes with a migration_lock)

To fix the first issue, run "mix ecto.create" for the desired MIX_ENV.

To address the second, you can run "mix ecto.drop" followed by
"mix ecto.create", both for the desired MIX_ENV. Alternatively you may
configure Ecto to use another table and/or repository for managing
migrations:

    config :explorer, Explorer.Repo,
      migration_source: "some_other_table_for_schema_migrations",
      migration_repo: AnotherRepoForSchemaMigrations

The full error report is shown below.

2025-09-30T15:14:52.577 application=db_connection [error] Postgrex.Protocol (#PID<0.207.0>) failed to connect: ** (DBConnection.ConnectionError) tcp connect (db:5432): non-existing domain - :nxdomain
2025-09-30T15:14:52.577 application=db_connection [error] Postgrex.Protocol (#PID<0.200.0>) failed to connect: ** (DBConnection.ConnectionError) tcp connect (db:5432): non-existing domain - :nxdomain
2025-09-30T15:14:52.577 application=db_connection [error] Postgrex.Protocol (#PID<0.196.0>) failed to connect: ** (DBConnection.ConnectionError) tcp connect (db:5432): non-existing domain - :nxdomain
2025-09-30T15:14:52.577 application=db_connection [error] Postgrex.Protocol (#PID<0.203.0>) failed to connect: ** (DBConnection.ConnectionError) tcp connect (db:5432): non-existing domain - :nxdomain
2025-09-30T15:14:52.577 application=db_connection [error] Postgrex.Protocol (#PID<0.195.0>) failed to connect: ** (DBConnection.ConnectionError) tcp connect (db:5432): non-existing domain - :nxdomain
2025-09-30T15:14:52.588 [error] :gen_statem #PID<0.207.0> terminating
** (DBConnection.ConnectionError) tcp connect (db:5432): non-existing domain - :nxdomain
    (db_connection 2.8.0) lib/db_connection/connection.ex:104: DBConnection.Connection.handle_event/4
    (stdlib 6.2.2) gen_statem.erl:3737: :gen_statem.loop_state_callback/11
    (stdlib 6.2.2) proc_lib.erl:329: :proc_lib.init_p_do_apply/3
Queue: [internal: {:connect, :init}]
Postponed: []
State: Postgrex.Protocol
Callback mode: :handle_event_function, state_enter: false
2025-09-30T15:14:55.336 application=db_connection [error] Postgrex.Protocol (#PID<0.195.0>) failed to connect: ** (DBConnection.ConnectionError) tcp connect (db:5432): non-existing domain - :nxdomain
2025-09-30T15:14:55.336 application=db_connection [error] Postgrex.Protocol (#PID<0.212.0>) failed to connect: ** (DBConnection.ConnectionError) tcp connect (db:5432): non-existing domain - :nxdomain
2025-09-30T15:14:55.336 application=db_connection [error] Postgrex.Protocol (#PID<0.200.0>) failed to connect: ** (DBConnection.ConnectionError) tcp connect (db:5432): non-existing domain - :nxdomain
2025-09-30T15:14:55.336 application=db_connection [error] Postgrex.Protocol (#PID<0.203.0>) failed to connect: ** (DBConnection.ConnectionError) tcp connect (db:5432): non-existing domain - :nxdomain
2025-09-30T15:14:55.336 application=db_connection [error] Postgrex.Protocol (#PID<0.196.0>) failed to connect: ** (DBConnection.ConnectionError) tcp connect (db:5432): non-existing domain - :nxdomain
2025-09-30T15:14:55.336 [error] :gen_statem #PID<0.212.0> terminating
** (DBConnection.ConnectionError) tcp connect (db:5432): non-existing domain - :nxdomain
    (db_connection 2.8.0) lib/db_connection/connection.ex:104: DBConnection.Connection.handle_event/4
    (stdlib 6.2.2) gen_statem.erl:3737: :gen_statem.loop_state_callback/11
    (stdlib 6.2.2) proc_lib.erl:329: :proc_lib.init_p_do_apply/3
Queue: [internal: {:connect, :init}]
Postponed: []
State: Postgrex.Protocol
Callback mode: :handle_event_function, state_enter: false
2025-09-30T15:14:59.189 application=db_connection [error] Postgrex.Protocol (#PID<0.216.0>) failed to connect: ** (DBConnection.ConnectionError) tcp connect (db:5432): non-existing domain - :nxdomain
2025-09-30T15:14:59.189 application=db_connection [error] Postgrex.Protocol (#PID<0.195.0>) failed to connect: ** (DBConnection.ConnectionError) tcp connect (db:5432): non-existing domain - :nxdomain
2025-09-30T15:14:59.189 application=db_connection [error] Postgrex.Protocol (#PID<0.203.0>) failed to connect: ** (DBConnection.ConnectionError) tcp connect (db:5432): non-existing domain - :nxdomain
2025-09-30T15:14:59.189 [error] :gen_statem #PID<0.216.0> terminating
** (DBConnection.ConnectionError) tcp connect (db:5432): non-existing domain - :nxdomain
    (db_connection 2.8.0) lib/db_connection/connection.ex:104: DBConnection.Connection.handle_event/4
    (stdlib 6.2.2) gen_statem.erl:3737: :gen_statem.loop_state_callback/11
    (stdlib 6.2.2) proc_lib.erl:329: :proc_lib.init_p_do_apply/3
Queue: [internal: {:connect, :init}]
Postponed: []
State: Postgrex.Protocol
Callback mode: :handle_event_function, state_enter: false
2025-09-30T15:15:03.030 application=db_connection [error] Postgrex.Protocol (#PID<0.220.0>) failed to connect: ** (DBConnection.ConnectionError) tcp connect (db:5432): non-existing domain - :nxdomain
2025-09-30T15:15:03.030 application=db_connection [error] Postgrex.Protocol (#PID<0.196.0>) failed to connect: ** (DBConnection.ConnectionError) tcp connect (db:5432): non-existing domain - :nxdomain
2025-09-30T15:15:03.030 application=db_connection [error] Postgrex.Protocol (#PID<0.200.0>) failed to connect: ** (DBConnection.ConnectionError) tcp connect (db:5432): non-existing domain - :nxdomain
2025-09-30T15:15:03.031 application=db_connection [error] Postgrex.Protocol (#PID<0.195.0>) failed to connect: ** (DBConnection.ConnectionError) tcp connect (db:5432): non-existing domain - :nxdomain
2025-09-30T15:15:03.030 [error] :gen_statem #PID<0.220.0> terminating
** (DBConnection.ConnectionError) tcp connect (db:5432): non-existing domain - :nxdomain
    (db_connection 2.8.0) lib/db_connection/connection.ex:104: DBConnection.Connection.handle_event/4
    (stdlib 6.2.2) gen_statem.erl:3737: :gen_statem.loop_state_callback/11
    (stdlib 6.2.2) proc_lib.erl:329: :proc_lib.init_p_do_apply/3
Queue: [internal: {:connect, :init}]
Postponed: []
State: Postgrex.Protocol
Callback mode: :handle_event_function, state_enter: false
2025-09-30T15:15:07.610 application=ecto_sql [error] Could not create schema migrations table. This error usually happens due to the following:

  * The database does not exist
  * The "schema_migrations" table, which Ecto uses for managing
    migrations, was defined by another library
  * There is a deadlock while migrating (such as using concurrent
    indexes with a migration_lock)

To fix the first issue, run "mix ecto.create" for the desired MIX_ENV.

To address the second, you can run "mix ecto.drop" followed by
"mix ecto.create", both for the desired MIX_ENV. Alternatively you may
configure Ecto to use another table and/or repository for managing
migrations:

    config :explorer, Explorer.Repo,
      migration_source: "some_other_table_for_schema_migrations",
      migration_repo: AnotherRepoForSchemaMigrations

The full error report is shown below.

2025-09-30T15:15:17.679 application=db_connection [error] Postgrex.Protocol (#PID<0.196.0>) failed to connect: ** (DBConnection.ConnectionError) tcp connect (db:5432): non-existing domain - :nxdomain
2025-09-30T15:15:17.679 application=db_connection [error] Postgrex.Protocol (#PID<0.201.0>) failed to connect: ** (DBConnection.ConnectionError) tcp connect (db:5432): non-existing domain - :nxdomain
2025-09-30T15:15:17.679 application=db_connection [error] Postgrex.Protocol (#PID<0.200.0>) failed to connect: ** (DBConnection.ConnectionError) tcp connect (db:5432): non-existing domain - :nxdomain
2025-09-30T15:15:17.679 application=db_connection [error] Postgrex.Protocol (#PID<0.207.0>) failed to connect: ** (DBConnection.ConnectionError) tcp connect (db:5432): non-existing domain - :nxdomain
2025-09-30T15:15:17.679 application=db_connection [error] Postgrex.Protocol (#PID<0.195.0>) failed to connect: ** (DBConnection.ConnectionError) tcp connect (db:5432): non-existing domain - :nxdomain
2025-09-30T15:15:17.692 [error] :gen_statem #PID<0.207.0> terminating
** (DBConnection.ConnectionError) tcp connect (db:5432): non-existing domain - :nxdomain
    (db_connection 2.8.0) lib/db_connection/connection.ex:104: DBConnection.Connection.handle_event/4
    (stdlib 6.2.2) gen_statem.erl:3737: :gen_statem.loop_state_callback/11
    (stdlib 6.2.2) proc_lib.erl:329: :proc_lib.init_p_do_apply/3
Queue: [internal: {:connect, :init}]
Postponed: []
State: Postgrex.Protocol
Callback mode: :handle_event_function, state_enter: false
2025-09-30T15:15:21.584 application=db_connection [error] Postgrex.Protocol (#PID<0.195.0>) failed to connect: ** (DBConnection.ConnectionError) tcp connect (db:5432): non-existing domain - :nxdomain
2025-09-30T15:15:21.584 application=db_connection [error] Postgrex.Protocol (#PID<0.200.0>) failed to connect: ** (DBConnection.ConnectionError) tcp connect (db:5432): non-existing domain - :nxdomain
2025-09-30T15:15:21.584 application=db_connection [error] Postgrex.Protocol (#PID<0.196.0>) failed to connect: ** (DBConnection.ConnectionError) tcp connect (db:5432): non-existing domain - :nxdomain
2025-09-30T15:15:21.584 application=db_connection [error] Postgrex.Protocol (#PID<0.212.0>) failed to connect: ** (DBConnection.ConnectionError) tcp connect (db:5432): non-existing domain - :nxdomain
2025-09-30T15:15:21.584 application=db_connection [error] Postgrex.Protocol (#PID<0.201.0>) failed to connect: ** (DBConnection.ConnectionError) tcp connect (db:5432): non-existing domain - :nxdomain
2025-09-30T15:15:21.584 [error] :gen_statem #PID<0.212.0> terminating
** (DBConnection.ConnectionError) tcp connect (db:5432): non-existing domain - :nxdomain
    (db_connection 2.8.0) lib/db_connection/connection.ex:104: DBConnection.Connection.handle_event/4
    (stdlib 6.2.2) gen_statem.erl:3737: :gen_statem.loop_state_callback/11
    (stdlib 6.2.2) proc_lib.erl:329: :proc_lib.init_p_do_apply/3
Queue: [internal: {:connect, :init}]
Postponed: []
State: Postgrex.Protocol
Callback mode: :handle_event_function, state_enter: false
2025-09-30T15:15:24.339 application=db_connection [error] Postgrex.Protocol (#PID<0.216.0>) failed to connect: ** (DBConnection.ConnectionError) tcp connect (db:5432): non-existing domain - :nxdomain
2025-09-30T15:15:24.340 application=db_connection [error] Postgrex.Protocol (#PID<0.195.0>) failed to connect: ** (DBConnection.ConnectionError) tcp connect (db:5432): non-existing domain - :nxdomain
2025-09-30T15:15:24.340 application=db_connection [error] Postgrex.Protocol (#PID<0.196.0>) failed to connect: ** (DBConnection.ConnectionError) tcp connect (db:5432): non-existing domain - :nxdomain
2025-09-30T15:15:24.339 [error] :gen_statem #PID<0.216.0> terminating
** (DBConnection.ConnectionError) tcp connect (db:5432): non-existing domain - :nxdomain
    (db_connection 2.8.0) lib/db_connection/connection.ex:104: DBConnection.Connection.handle_event/4
    (stdlib 6.2.2) gen_statem.erl:3737: :gen_statem.loop_state_callback/11
    (stdlib 6.2.2) proc_lib.erl:329: :proc_lib.init_p_do_apply/3
Queue: [internal: {:connect, :init}]
Postponed: []
State: Postgrex.Protocol
Callback mode: :handle_event_function, state_enter: false
2025-09-30T15:15:28.190 application=db_connection [error] Postgrex.Protocol (#PID<0.220.0>) failed to connect: ** (DBConnection.ConnectionError) tcp connect (db:5432): non-existing domain - :nxdomain
2025-09-30T15:15:28.190 application=db_connection [error] Postgrex.Protocol (#PID<0.200.0>) failed to connect: ** (DBConnection.ConnectionError) tcp connect (db:5432): non-existing domain - :nxdomain
2025-09-30T15:15:28.191 application=db_connection [error] Postgrex.Protocol (#PID<0.201.0>) failed to connect: ** (DBConnection.ConnectionError) tcp connect (db:5432): non-existing domain - :nxdomain
2025-09-30T15:15:28.191 [error] :gen_statem #PID<0.220.0> terminating
** (DBConnection.ConnectionError) tcp connect (db:5432): non-existing domain - :nxdomain
    (db_connection 2.8.0) lib/db_connection/connection.ex:104: DBConnection.Connection.handle_event/4
    (stdlib 6.2.2) gen_statem.erl:3737: :gen_statem.loop_state_callback/11
    (stdlib 6.2.2) proc_lib.erl:329: :proc_lib.init_p_do_apply/3
Queue: [internal: {:connect, :init}]
Postponed: []
State: Postgrex.Protocol
Callback mode: :handle_event_function, state_enter: false
2025-09-30T15:15:32.662 application=ecto_sql [error] Could not create schema migrations table. This error usually happens due to the following:

  * The database does not exist
  * The "schema_migrations" table, which Ecto uses for managing
    migrations, was defined by another library
  * There is a deadlock while migrating (such as using concurrent
    indexes with a migration_lock)

To fix the first issue, run "mix ecto.create" for the desired MIX_ENV.

To address the second, you can run "mix ecto.drop" followed by
"mix ecto.create", both for the desired MIX_ENV. Alternatively you may
configure Ecto to use another table and/or repository for managing
migrations:

    config :explorer, Explorer.Repo,
      migration_source: "some_other_table_for_schema_migrations",
      migration_repo: AnotherRepoForSchemaMigrations

The full error report is shown below.

2025-09-30T15:15:43.262 application=db_connection [error] Postgrex.Protocol (#PID<0.207.0>) failed to connect: ** (DBConnection.ConnectionError) tcp connect (db:5432): non-existing domain - :nxdomain
2025-09-30T15:15:43.262 application=db_connection [error] Postgrex.Protocol (#PID<0.200.0>) failed to connect: ** (DBConnection.ConnectionError) tcp connect (db:5432): non-existing domain - :nxdomain
2025-09-30T15:15:43.262 application=db_connection [error] Postgrex.Protocol (#PID<0.196.0>) failed to connect: ** (DBConnection.ConnectionError) tcp connect (db:5432): non-existing domain - :nxdomain
2025-09-30T15:15:43.262 application=db_connection [error] Postgrex.Protocol (#PID<0.195.0>) failed to connect: ** (DBConnection.ConnectionError) tcp connect (db:5432): non-existing domain - :nxdomain
2025-09-30T15:15:43.262 application=db_connection [error] Postgrex.Protocol (#PID<0.201.0>) failed to connect: ** (DBConnection.ConnectionError) tcp connect (db:5432): non-existing domain - :nxdomain
2025-09-30T15:15:43.270 [error] :gen_statem #PID<0.207.0> terminating
** (DBConnection.ConnectionError) tcp connect (db:5432): non-existing domain - :nxdomain
    (db_connection 2.8.0) lib/db_connection/connection.ex:104: DBConnection.Connection.handle_event/4
    (stdlib 6.2.2) gen_statem.erl:3737: :gen_statem.loop_state_callback/11
    (stdlib 6.2.2) proc_lib.erl:329: :proc_lib.init_p_do_apply/3
Queue: [internal: {:connect, :init}]
Postponed: []
State: Postgrex.Protocol
Callback mode: :handle_event_function, state_enter: false
2025-09-30T15:15:47.123 application=db_connection [error] Postgrex.Protocol (#PID<0.212.0>) failed to connect: ** (DBConnection.ConnectionError) tcp connect (db:5432): non-existing domain - :nxdomain
2025-09-30T15:15:47.123 application=db_connection [error] Postgrex.Protocol (#PID<0.195.0>) failed to connect: ** (DBConnection.ConnectionError) tcp connect (db:5432): non-existing domain - :nxdomain
2025-09-30T15:15:47.123 application=db_connection [error] Postgrex.Protocol (#PID<0.200.0>) failed to connect: ** (DBConnection.ConnectionError) tcp connect (db:5432): non-existing domain - :nxdomain
2025-09-30T15:15:47.123 application=db_connection [error] Postgrex.Protocol (#PID<0.196.0>) failed to connect: ** (DBConnection.ConnectionError) tcp connect (db:5432): non-existing domain - :nxdomain
2025-09-30T15:15:47.123 application=db_connection [error] Postgrex.Protocol (#PID<0.201.0>) failed to connect: ** (DBConnection.ConnectionError) tcp connect (db:5432): non-existing domain - :nxdomain
2025-09-30T15:15:47.123 [error] :gen_statem #PID<0.212.0> terminating
** (DBConnection.ConnectionError) tcp connect (db:5432): non-existing domain - :nxdomain
    (db_connection 2.8.0) lib/db_connection/connection.ex:104: DBConnection.Connection.handle_event/4
    (stdlib 6.2.2) gen_statem.erl:3737: :gen_statem.loop_state_callback/11
    (stdlib 6.2.2) proc_lib.erl:329: :proc_lib.init_p_do_apply/3
Queue: [internal: {:connect, :init}]
Postponed: []
State: Postgrex.Protocol
Callback mode: :handle_event_function, state_enter: false
2025-09-30T15:15:50.975 application=db_connection [error] Postgrex.Protocol (#PID<0.216.0>) failed to connect: ** (DBConnection.ConnectionError) tcp connect (db:5432): non-existing domain - :nxdomain
2025-09-30T15:15:50.975 application=db_connection [error] Postgrex.Protocol (#PID<0.195.0>) failed to connect: ** (DBConnection.ConnectionError) tcp connect (db:5432): non-existing domain - :nxdomain
2025-09-30T15:15:50.976 application=db_connection [error] Postgrex.Protocol (#PID<0.201.0>) failed to connect: ** (DBConnection.ConnectionError) tcp connect (db:5432): non-existing domain - :nxdomain
2025-09-30T15:15:50.976 application=db_connection [error] Postgrex.Protocol (#PID<0.200.0>) failed to connect: ** (DBConnection.ConnectionError) tcp connect (db:5432): non-existing domain - :nxdomain
2025-09-30T15:15:50.976 application=db_connection [error] Postgrex.Protocol (#PID<0.196.0>) failed to connect: ** (DBConnection.ConnectionError) tcp connect (db:5432): non-existing domain - :nxdomain
2025-09-30T15:15:50.976 [error] :gen_statem #PID<0.216.0> terminating
** (DBConnection.ConnectionError) tcp connect (db:5432): non-existing domain - :nxdomain
    (db_connection 2.8.0) lib/db_connection/connection.ex:104: DBConnection.Connection.handle_event/4
    (stdlib 6.2.2) gen_statem.erl:3737: :gen_statem.loop_state_callback/11
    (stdlib 6.2.2) proc_lib.erl:329: :proc_lib.init_p_do_apply/3
Queue: [internal: {:connect, :init}]
Postponed: []
State: Postgrex.Protocol
Callback mode: :handle_event_function, state_enter: false
2025-09-30T15:15:53.723 application=db_connection [error] Postgrex.Protocol (#PID<0.201.0>) failed to connect: ** (DBConnection.ConnectionError) tcp connect (db:5432): non-existing domain - :nxdomain
2025-09-30T15:15:53.723 application=db_connection [error] Postgrex.Protocol (#PID<0.220.0>) failed to connect: ** (DBConnection.ConnectionError) tcp connect (db:5432): non-existing domain - :nxdomain
2025-09-30T15:15:53.723 [error] :gen_statem #PID<0.220.0> terminating
** (DBConnection.ConnectionError) tcp connect (db:5432): non-existing domain - :nxdomain
    (db_connection 2.8.0) lib/db_connection/connection.ex:104: DBConnection.Connection.handle_event/4
    (stdlib 6.2.2) gen_statem.erl:3737: :gen_statem.loop_state_callback/11
    (stdlib 6.2.2) proc_lib.erl:329: :proc_lib.init_p_do_apply/3
Queue: [internal: {:connect, :init}]
Postponed: []
State: Postgrex.Protocol
Callback mode: :handle_event_function, state_enter: false
2025-09-30T15:15:57.676 application=db_connection [error] Postgrex.Protocol (#PID<0.200.0>) failed to connect: ** (DBConnection.ConnectionError) tcp connect (db:5432): non-existing domain - :nxdomain
2025-09-30T15:15:57.676 application=db_connection [error] Postgrex.Protocol (#PID<0.195.0>) failed to connect: ** (DBConnection.ConnectionError) tcp connect (db:5432): non-existing domain - :nxdomain
2025-09-30T15:15:58.253 application=ecto_sql [error] Could not create schema migrations table. This error usually happens due to the following:

  * The database does not exist
  * The "schema_migrations" table, which Ecto uses for managing
    migrations, was defined by another library
  * There is a deadlock while migrating (such as using concurrent
    indexes with a migration_lock)

To fix the first issue, run "mix ecto.create" for the desired MIX_ENV.

To address the second, you can run "mix ecto.drop" followed by
"mix ecto.create", both for the desired MIX_ENV. Alternatively you may
configure Ecto to use another table and/or repository for managing
migrations:

    config :explorer, Explorer.Repo,
      migration_source: "some_other_table_for_schema_migrations",
      migration_repo: AnotherRepoForSchemaMigrations

The full error report is shown below.

2025-09-30T15:16:08.143 application=db_connection [error] Postgrex.Protocol (#PID<0.195.0>) failed to connect: ** (DBConnection.ConnectionError) tcp connect (db:5432): non-existing domain - :nxdomain
2025-09-30T15:16:08.143 application=db_connection [error] Postgrex.Protocol (#PID<0.201.0>) failed to connect: ** (DBConnection.ConnectionError) tcp connect (db:5432): non-existing domain - :nxdomain
2025-09-30T15:16:08.143 application=db_connection [error] Postgrex.Protocol (#PID<0.207.0>) failed to connect: ** (DBConnection.ConnectionError) tcp connect (db:5432): non-existing domain - :nxdomain
2025-09-30T15:16:08.143 application=db_connection [error] Postgrex.Protocol (#PID<0.196.0>) failed to connect: ** (DBConnection.ConnectionError) tcp connect (db:5432): non-existing domain - :nxdomain
2025-09-30T15:16:08.143 application=db_connection [error] Postgrex.Protocol (#PID<0.200.0>) failed to connect: ** (DBConnection.ConnectionError) tcp connect (db:5432): non-existing domain - :nxdomain
2025-09-30T15:16:08.153 [error] :gen_statem #PID<0.207.0> terminating
** (DBConnection.ConnectionError) tcp connect (db:5432): non-existing domain - :nxdomain
    (db_connection 2.8.0) lib/db_connection/connection.ex:104: DBConnection.Connection.handle_event/4
    (stdlib 6.2.2) gen_statem.erl:3737: :gen_statem.loop_state_callback/11
    (stdlib 6.2.2) proc_lib.erl:329: :proc_lib.init_p_do_apply/3
Queue: [internal: {:connect, :init}]
Postponed: []
State: Postgrex.Protocol
Callback mode: :handle_event_function, state_enter: false
2025-09-30T15:16:12.024 application=db_connection [error] Postgrex.Protocol (#PID<0.196.0>) failed to connect: ** (DBConnection.ConnectionError) tcp connect (db:5432): non-existing domain - :nxdomain
2025-09-30T15:16:12.024 application=db_connection [error] Postgrex.Protocol (#PID<0.212.0>) failed to connect: ** (DBConnection.ConnectionError) tcp connect (db:5432): non-existing domain - :nxdomain
2025-09-30T15:16:12.024 application=db_connection [error] Postgrex.Protocol (#PID<0.201.0>) failed to connect: ** (DBConnection.ConnectionError) tcp connect (db:5432): non-existing domain - :nxdomain
2025-09-30T15:16:12.024 application=db_connection [error] Postgrex.Protocol (#PID<0.195.0>) failed to connect: ** (DBConnection.ConnectionError) tcp connect (db:5432): non-existing domain - :nxdomain
2025-09-30T15:16:12.025 application=db_connection [error] Postgrex.Protocol (#PID<0.200.0>) failed to connect: ** (DBConnection.ConnectionError) tcp connect (db:5432): non-existing domain - :nxdomain
2025-09-30T15:16:12.024 [error] :gen_statem #PID<0.212.0> terminating
** (DBConnection.ConnectionError) tcp connect (db:5432): non-existing domain - :nxdomain
    (db_connection 2.8.0) lib/db_connection/connection.ex:104: DBConnection.Connection.handle_event/4
    (stdlib 6.2.2) gen_statem.erl:3737: :gen_statem.loop_state_callback/11
    (stdlib 6.2.2) proc_lib.erl:329: :proc_lib.init_p_do_apply/3
Queue: [internal: {:connect, :init}]
Postponed: []
State: Postgrex.Protocol
Callback mode: :handle_event_function, state_enter: false
2025-09-30T15:16:15.874 application=db_connection [error] Postgrex.Protocol (#PID<0.196.0>) failed to connect: ** (DBConnection.ConnectionError) tcp connect (db:5432): non-existing domain - :nxdomain
2025-09-30T15:16:15.874 application=db_connection [error] Postgrex.Protocol (#PID<0.216.0>) failed to connect: ** (DBConnection.ConnectionError) tcp connect (db:5432): non-existing domain - :nxdomain
2025-09-30T15:16:15.874 application=db_connection [error] Postgrex.Protocol (#PID<0.195.0>) failed to connect: ** (DBConnection.ConnectionError) tcp connect (db:5432): non-existing domain - :nxdomain
2025-09-30T15:16:15.874 application=db_connection [error] Postgrex.Protocol (#PID<0.200.0>) failed to connect: ** (DBConnection.ConnectionError) tcp connect (db:5432): non-existing domain - :nxdomain
2025-09-30T15:16:15.874 [error] :gen_statem #PID<0.216.0> terminating
** (DBConnection.ConnectionError) tcp connect (db:5432): non-existing domain - :nxdomain
    (db_connection 2.8.0) lib/db_connection/connection.ex:104: DBConnection.Connection.handle_event/4
    (stdlib 6.2.2) gen_statem.erl:3737: :gen_statem.loop_state_callback/11
    (stdlib 6.2.2) proc_lib.erl:329: :proc_lib.init_p_do_apply/3
Queue: [internal: {:connect, :init}]
Postponed: []
State: Postgrex.Protocol
Callback mode: :handle_event_function, state_enter: false
2025-09-30T15:16:19.712 application=db_connection [error] Postgrex.Protocol (#PID<0.196.0>) failed to connect: ** (DBConnection.ConnectionError) tcp connect (db:5432): non-existing domain - :nxdomain
2025-09-30T15:16:19.712 application=db_connection [error] Postgrex.Protocol (#PID<0.220.0>) failed to connect: ** (DBConnection.ConnectionError) tcp connect (db:5432): non-existing domain - :nxdomain
2025-09-30T15:16:19.713 application=db_connection [error] Postgrex.Protocol (#PID<0.201.0>) failed to connect: ** (DBConnection.ConnectionError) tcp connect (db:5432): non-existing domain - :nxdomain
2025-09-30T15:16:19.712 [error] :gen_statem #PID<0.220.0> terminating
** (DBConnection.ConnectionError) tcp connect (db:5432): non-existing domain - :nxdomain
    (db_connection 2.8.0) lib/db_connection/connection.ex:104: DBConnection.Connection.handle_event/4
    (stdlib 6.2.2) gen_statem.erl:3737: :gen_statem.loop_state_callback/11
    (stdlib 6.2.2) proc_lib.erl:329: :proc_lib.init_p_do_apply/3
Queue: [internal: {:connect, :init}]
Postponed: []
State: Postgrex.Protocol
Callback mode: :handle_event_function, state_enter: false
2025-09-30T15:16:23.003 application=db_connection [error] Postgrex.Protocol (#PID<0.200.0>) failed to connect: ** (DBConnection.ConnectionError) tcp connect (db:5432): non-existing domain - :nxdomain
2025-09-30T15:16:23.003 application=db_connection [error] Postgrex.Protocol (#PID<0.195.0>) failed to connect: ** (DBConnection.ConnectionError) tcp connect (db:5432): non-existing domain - :nxdomain
2025-09-30T15:16:23.112 application=ecto_sql [error] Could not create schema migrations table. This error usually happens due to the following:

  * The database does not exist
  * The "schema_migrations" table, which Ecto uses for managing
    migrations, was defined by another library
  * There is a deadlock while migrating (such as using concurrent
    indexes with a migration_lock)

To fix the first issue, run "mix ecto.create" for the desired MIX_ENV.

To address the second, you can run "mix ecto.drop" followed by
"mix ecto.create", both for the desired MIX_ENV. Alternatively you may
configure Ecto to use another table and/or repository for managing
migrations:

    config :explorer, Explorer.Repo,
      migration_source: "some_other_table_for_schema_migrations",
      migration_repo: AnotherRepoForSchemaMigrations

The full error report is shown below.

2025-09-30T15:16:35.514 application=db_connection [error] Postgrex.Protocol (#PID<0.196.0>) failed to connect: ** (DBConnection.ConnectionError) tcp connect (db:5432): non-existing domain - :nxdomain
2025-09-30T15:16:35.514 application=db_connection [error] Postgrex.Protocol (#PID<0.200.0>) failed to connect: ** (DBConnection.ConnectionError) tcp connect (db:5432): non-existing domain - :nxdomain
2025-09-30T15:16:35.514 application=db_connection [error] Postgrex.Protocol (#PID<0.201.0>) failed to connect: ** (DBConnection.ConnectionError) tcp connect (db:5432): non-existing domain - :nxdomain
2025-09-30T15:16:35.514 application=db_connection [error] Postgrex.Protocol (#PID<0.207.0>) failed to connect: ** (DBConnection.ConnectionError) tcp connect (db:5432): non-existing domain - :nxdomain
2025-09-30T15:16:35.514 application=db_connection [error] Postgrex.Protocol (#PID<0.195.0>) failed to connect: ** (DBConnection.ConnectionError) tcp connect (db:5432): non-existing domain - :nxdomain
2025-09-30T15:16:35.523 [error] :gen_statem #PID<0.207.0> terminating
** (DBConnection.ConnectionError) tcp connect (db:5432): non-existing domain - :nxdomain
    (db_connection 2.8.0) lib/db_connection/connection.ex:104: DBConnection.Connection.handle_event/4
    (stdlib 6.2.2) gen_statem.erl:3737: :gen_statem.loop_state_callback/11
    (stdlib 6.2.2) proc_lib.erl:329: :proc_lib.init_p_do_apply/3
Queue: [internal: {:connect, :init}]
Postponed: []
State: Postgrex.Protocol
Callback mode: :handle_event_function, state_enter: false
2025-09-30T15:16:39.379 application=db_connection [error] Postgrex.Protocol (#PID<0.212.0>) failed to connect: ** (DBConnection.ConnectionError) tcp connect (db:5432): non-existing domain - :nxdomain
2025-09-30T15:16:39.379 application=db_connection [error] Postgrex.Protocol (#PID<0.201.0>) failed to connect: ** (DBConnection.ConnectionError) tcp connect (db:5432): non-existing domain - :nxdomain
2025-09-30T15:16:39.380 application=db_connection [error] Postgrex.Protocol (#PID<0.196.0>) failed to connect: ** (DBConnection.ConnectionError) tcp connect (db:5432): non-existing domain - :nxdomain
2025-09-30T15:16:39.380 application=db_connection [error] Postgrex.Protocol (#PID<0.200.0>) failed to connect: ** (DBConnection.ConnectionError) tcp connect (db:5432): non-existing domain - :nxdomain
2025-09-30T15:16:39.380 application=db_connection [error] Postgrex.Protocol (#PID<0.195.0>) failed to connect: ** (DBConnection.ConnectionError) tcp connect (db:5432): non-existing domain - :nxdomain
2025-09-30T15:16:39.380 [error] :gen_statem #PID<0.212.0> terminating
** (DBConnection.ConnectionError) tcp connect (db:5432): non-existing domain - :nxdomain
    (db_connection 2.8.0) lib/db_connection/connection.ex:104: DBConnection.Connection.handle_event/4
    (stdlib 6.2.2) gen_statem.erl:3737: :gen_statem.loop_state_callback/11
    (stdlib 6.2.2) proc_lib.erl:329: :proc_lib.init_p_do_apply/3
Queue: [internal: {:connect, :init}]
Postponed: []
State: Postgrex.Protocol
Callback mode: :handle_event_function, state_enter: false
2025-09-30T15:16:43.255 application=db_connection [error] Postgrex.Protocol (#PID<0.200.0>) failed to connect: ** (DBConnection.ConnectionError) tcp connect (db:5432): non-existing domain - :nxdomain
2025-09-30T15:16:43.255 application=db_connection [error] Postgrex.Protocol (#PID<0.216.0>) failed to connect: ** (DBConnection.ConnectionError) tcp connect (db:5432): non-existing domain - :nxdomain
2025-09-30T15:16:43.255 application=db_connection [error] Postgrex.Protocol (#PID<0.201.0>) failed to connect: ** (DBConnection.ConnectionError) tcp connect (db:5432): non-existing domain - :nxdomain
2025-09-30T15:16:43.255 application=db_connection [error] Postgrex.Protocol (#PID<0.195.0>) failed to connect: ** (DBConnection.ConnectionError) tcp connect (db:5432): non-existing domain - :nxdomain
2025-09-30T15:16:43.255 [error] :gen_statem #PID<0.216.0> terminating
** (DBConnection.ConnectionError) tcp connect (db:5432): non-existing domain - :nxdomain
    (db_connection 2.8.0) lib/db_connection/connection.ex:104: DBConnection.Connection.handle_event/4
    (stdlib 6.2.2) gen_statem.erl:3737: :gen_statem.loop_state_callback/11
    (stdlib 6.2.2) proc_lib.erl:329: :proc_lib.init_p_do_apply/3
Queue: [internal: {:connect, :init}]
Postponed: []
State: Postgrex.Protocol
Callback mode: :handle_event_function, state_enter: false
2025-09-30T15:16:47.106 application=db_connection [error] Postgrex.Protocol (#PID<0.220.0>) failed to connect: ** (DBConnection.ConnectionError) tcp connect (db:5432): non-existing domain - :nxdomain
2025-09-30T15:16:47.106 application=db_connection [error] Postgrex.Protocol (#PID<0.196.0>) failed to connect: ** (DBConnection.ConnectionError) tcp connect (db:5432): non-existing domain - :nxdomain
2025-09-30T15:16:47.106 application=db_connection [error] Postgrex.Protocol (#PID<0.200.0>) failed to connect: ** (DBConnection.ConnectionError) tcp connect (db:5432): non-existing domain - :nxdomain
2025-09-30T15:16:47.106 [error] :gen_statem #PID<0.220.0> terminating
** (DBConnection.ConnectionError) tcp connect (db:5432): non-existing domain - :nxdomain
    (db_connection 2.8.0) lib/db_connection/connection.ex:104: DBConnection.Connection.handle_event/4
    (stdlib 6.2.2) gen_statem.erl:3737: :gen_statem.loop_state_callback/11
    (stdlib 6.2.2) proc_lib.erl:329: :proc_lib.init_p_do_apply/3
Queue: [internal: {:connect, :init}]
Postponed: []
State: Postgrex.Protocol
Callback mode: :handle_event_function, state_enter: false
2025-09-30T15:16:49.889 application=db_connection [error] Postgrex.Protocol (#PID<0.201.0>) failed to connect: ** (DBConnection.ConnectionError) tcp connect (db:5432): non-existing domain - :nxdomain
2025-09-30T15:16:49.889 application=db_connection [error] Postgrex.Protocol (#PID<0.195.0>) failed to connect: ** (DBConnection.ConnectionError) tcp connect (db:5432): non-existing domain - :nxdomain
2025-09-30T15:16:50.533 application=ecto_sql [error] Could not create schema migrations table. This error usually happens due to the following:

  * The database does not exist
  * The "schema_migrations" table, which Ecto uses for managing
    migrations, was defined by another library
  * There is a deadlock while migrating (such as using concurrent
    indexes with a migration_lock)

To fix the first issue, run "mix ecto.create" for the desired MIX_ENV.

To address the second, you can run "mix ecto.drop" followed by
"mix ecto.create", both for the desired MIX_ENV. Alternatively you may
configure Ecto to use another table and/or repository for managing
migrations:

    config :explorer, Explorer.Repo,
      migration_source: "some_other_table_for_schema_migrations",
      migration_repo: AnotherRepoForSchemaMigrations

The full error report is shown below.

2025-09-30T15:17:04.018 application=db_connection [error] Postgrex.Protocol (#PID<0.196.0>) failed to connect: ** (DBConnection.ConnectionError) tcp connect (db:5432): non-existing domain - :nxdomain
2025-09-30T15:17:04.018 application=db_connection [error] Postgrex.Protocol (#PID<0.207.0>) failed to connect: ** (DBConnection.ConnectionError) tcp connect (db:5432): non-existing domain - :nxdomain
2025-09-30T15:17:04.018 application=db_connection [error] Postgrex.Protocol (#PID<0.195.0>) failed to connect: ** (DBConnection.ConnectionError) tcp connect (db:5432): non-existing domain - :nxdomain
2025-09-30T15:17:04.018 application=db_connection [error] Postgrex.Protocol (#PID<0.200.0>) failed to connect: ** (DBConnection.ConnectionError) tcp connect (db:5432): non-existing domain - :nxdomain
2025-09-30T15:17:04.018 application=db_connection [error] Postgrex.Protocol (#PID<0.201.0>) failed to connect: ** (DBConnection.ConnectionError) tcp connect (db:5432): non-existing domain - :nxdomain
2025-09-30T15:17:04.026 [error] :gen_statem #PID<0.207.0> terminating
** (DBConnection.ConnectionError) tcp connect (db:5432): non-existing domain - :nxdomain
    (db_connection 2.8.0) lib/db_connection/connection.ex:104: DBConnection.Connection.handle_event/4
    (stdlib 6.2.2) gen_statem.erl:3737: :gen_statem.loop_state_callback/11
    (stdlib 6.2.2) proc_lib.erl:329: :proc_lib.init_p_do_apply/3
Queue: [internal: {:connect, :init}]
Postponed: []
State: Postgrex.Protocol
Callback mode: :handle_event_function, state_enter: false
2025-09-30T15:17:07.907 application=db_connection [error] Postgrex.Protocol (#PID<0.212.0>) failed to connect: ** (DBConnection.ConnectionError) tcp connect (db:5432): non-existing domain - :nxdomain
2025-09-30T15:17:07.907 application=db_connection [error] Postgrex.Protocol (#PID<0.196.0>) failed to connect: ** (DBConnection.ConnectionError) tcp connect (db:5432): non-existing domain - :nxdomain
2025-09-30T15:17:07.908 application=db_connection [error] Postgrex.Protocol (#PID<0.195.0>) failed to connect: ** (DBConnection.ConnectionError) tcp connect (db:5432): non-existing domain - :nxdomain
2025-09-30T15:17:07.908 application=db_connection [error] Postgrex.Protocol (#PID<0.200.0>) failed to connect: ** (DBConnection.ConnectionError) tcp connect (db:5432): non-existing domain - :nxdomain
2025-09-30T15:17:07.908 application=db_connection [error] Postgrex.Protocol (#PID<0.201.0>) failed to connect: ** (DBConnection.ConnectionError) tcp connect (db:5432): non-existing domain - :nxdomain
2025-09-30T15:17:07.907 [error] :gen_statem #PID<0.212.0> terminating
** (DBConnection.ConnectionError) tcp connect (db:5432): non-existing domain - :nxdomain
    (db_connection 2.8.0) lib/db_connection/connection.ex:104: DBConnection.Connection.handle_event/4
    (stdlib 6.2.2) gen_statem.erl:3737: :gen_statem.loop_state_callback/11
    (stdlib 6.2.2) proc_lib.erl:329: :proc_lib.init_p_do_apply/3
Queue: [internal: {:connect, :init}]
Postponed: []
State: Postgrex.Protocol
Callback mode: :handle_event_function, state_enter: false
2025-09-30T15:17:11.767 application=db_connection [error] Postgrex.Protocol (#PID<0.216.0>) failed to connect: ** (DBConnection.ConnectionError) tcp connect (db:5432): non-existing domain - :nxdomain
2025-09-30T15:17:11.767 [error] :gen_statem #PID<0.216.0> terminating
** (DBConnection.ConnectionError) tcp connect (db:5432): non-existing domain - :nxdomain
    (db_connection 2.8.0) lib/db_connection/connection.ex:104: DBConnection.Connection.handle_event/4
    (stdlib 6.2.2) gen_statem.erl:3737: :gen_statem.loop_state_callback/11
    (stdlib 6.2.2) proc_lib.erl:329: :proc_lib.init_p_do_apply/3
Queue: [internal: {:connect, :init}]
Postponed: []
State: Postgrex.Protocol
Callback mode: :handle_event_function, state_enter: false
2025-09-30T15:17:15.639 application=db_connection [error] Postgrex.Protocol (#PID<0.196.0>) failed to connect: ** (DBConnection.ConnectionError) tcp connect (db:5432): non-existing domain - :nxdomain
2025-09-30T15:17:15.639 application=db_connection [error] Postgrex.Protocol (#PID<0.220.0>) failed to connect: ** (DBConnection.ConnectionError) tcp connect (db:5432): non-existing domain - :nxdomain
2025-09-30T15:17:15.639 application=db_connection [error] Postgrex.Protocol (#PID<0.201.0>) failed to connect: ** (DBConnection.ConnectionError) tcp connect (db:5432): non-existing domain - :nxdomain
2025-09-30T15:17:15.639 application=db_connection [error] Postgrex.Protocol (#PID<0.200.0>) failed to connect: ** (DBConnection.ConnectionError) tcp connect (db:5432): non-existing domain - :nxdomain
2025-09-30T15:17:15.639 application=db_connection [error] Postgrex.Protocol (#PID<0.195.0>) failed to connect: ** (DBConnection.ConnectionError) tcp connect (db:5432): non-existing domain - :nxdomain
2025-09-30T15:17:15.639 [error] :gen_statem #PID<0.220.0> terminating
** (DBConnection.ConnectionError) tcp connect (db:5432): non-existing domain - :nxdomain
    (db_connection 2.8.0) lib/db_connection/connection.ex:104: DBConnection.Connection.handle_event/4
    (stdlib 6.2.2) gen_statem.erl:3737: :gen_statem.loop_state_callback/11
    (stdlib 6.2.2) proc_lib.erl:329: :proc_lib.init_p_do_apply/3
Queue: [internal: {:connect, :init}]
Postponed: []
State: Postgrex.Protocol
Callback mode: :handle_event_function, state_enter: false
2025-09-30T15:17:18.849 application=ecto_sql [error] Could not create schema migrations table. This error usually happens due to the following:

  * The database does not exist
  * The "schema_migrations" table, which Ecto uses for managing
    migrations, was defined by another library
  * There is a deadlock while migrating (such as using concurrent
    indexes with a migration_lock)

To fix the first issue, run "mix ecto.create" for the desired MIX_ENV.

To address the second, you can run "mix ecto.drop" followed by
"mix ecto.create", both for the desired MIX_ENV. Alternatively you may
configure Ecto to use another table and/or repository for managing
migrations:

    config :explorer, Explorer.Repo,
      migration_source: "some_other_table_for_schema_migrations",
      migration_repo: AnotherRepoForSchemaMigrations

The full error report is shown below.

2025-09-30T15:17:29.187 application=db_connection [error] Postgrex.Protocol (#PID<0.203.0>) failed to connect: ** (DBConnection.ConnectionError) tcp connect (db:5432): non-existing domain - :nxdomain
2025-09-30T15:17:29.187 application=db_connection [error] Postgrex.Protocol (#PID<0.196.0>) failed to connect: ** (DBConnection.ConnectionError) tcp connect (db:5432): non-existing domain - :nxdomain
2025-09-30T15:17:29.186 application=db_connection [error] Postgrex.Protocol (#PID<0.200.0>) failed to connect: ** (DBConnection.ConnectionError) tcp connect (db:5432): non-existing domain - :nxdomain
2025-09-30T15:17:29.188 application=db_connection [error] Postgrex.Protocol (#PID<0.195.0>) failed to connect: ** (DBConnection.ConnectionError) tcp connect (db:5432): non-existing domain - :nxdomain
2025-09-30T15:17:29.186 application=db_connection [error] Postgrex.Protocol (#PID<0.207.0>) failed to connect: ** (DBConnection.ConnectionError) tcp connect (db:5432): non-existing domain - :nxdomain
2025-09-30T15:17:29.210 [error] :gen_statem #PID<0.207.0> terminating
** (DBConnection.ConnectionError) tcp connect (db:5432): non-existing domain - :nxdomain
    (db_connection 2.8.0) lib/db_connection/connection.ex:104: DBConnection.Connection.handle_event/4
    (stdlib 6.2.2) gen_statem.erl:3737: :gen_statem.loop_state_callback/11
    (stdlib 6.2.2) proc_lib.erl:329: :proc_lib.init_p_do_apply/3
Queue: [internal: {:connect, :init}]
Postponed: []
State: Postgrex.Protocol
Callback mode: :handle_event_function, state_enter: false
2025-09-30T15:17:33.114 application=db_connection [error] Postgrex.Protocol (#PID<0.212.0>) failed to connect: ** (DBConnection.ConnectionError) tcp connect (db:5432): non-existing domain - :nxdomain
2025-09-30T15:17:33.115 application=db_connection [error] Postgrex.Protocol (#PID<0.196.0>) failed to connect: ** (DBConnection.ConnectionError) tcp connect (db:5432): non-existing domain - :nxdomain
2025-09-30T15:17:33.115 application=db_connection [error] Postgrex.Protocol (#PID<0.200.0>) failed to connect: ** (DBConnection.ConnectionError) tcp connect (db:5432): non-existing domain - :nxdomain
2025-09-30T15:17:33.115 application=db_connection [error] Postgrex.Protocol (#PID<0.203.0>) failed to connect: ** (DBConnection.ConnectionError) tcp connect (db:5432): non-existing domain - :nxdomain
2025-09-30T15:17:33.115 application=db_connection [error] Postgrex.Protocol (#PID<0.195.0>) failed to connect: ** (DBConnection.ConnectionError) tcp connect (db:5432): non-existing domain - :nxdomain
2025-09-30T15:17:33.114 [error] :gen_statem #PID<0.212.0> terminating
** (DBConnection.ConnectionError) tcp connect (db:5432): non-existing domain - :nxdomain
    (db_connection 2.8.0) lib/db_connection/connection.ex:104: DBConnection.Connection.handle_event/4
    (stdlib 6.2.2) gen_statem.erl:3737: :gen_statem.loop_state_callback/11
    (stdlib 6.2.2) proc_lib.erl:329: :proc_lib.init_p_do_apply/3
Queue: [internal: {:connect, :init}]
Postponed: []
State: Postgrex.Protocol
Callback mode: :handle_event_function, state_enter: false
2025-09-30T15:17:36.956 application=db_connection [error] Postgrex.Protocol (#PID<0.196.0>) failed to connect: ** (DBConnection.ConnectionError) tcp connect (db:5432): non-existing domain - :nxdomain
2025-09-30T15:17:36.956 application=db_connection [error] Postgrex.Protocol (#PID<0.216.0>) failed to connect: ** (DBConnection.ConnectionError) tcp connect (db:5432): non-existing domain - :nxdomain
2025-09-30T15:17:36.956 [error] :gen_statem #PID<0.216.0> terminating
** (DBConnection.ConnectionError) tcp connect (db:5432): non-existing domain - :nxdomain
    (db_connection 2.8.0) lib/db_connection/connection.ex:104: DBConnection.Connection.handle_event/4
    (stdlib 6.2.2) gen_statem.erl:3737: :gen_statem.loop_state_callback/11
    (stdlib 6.2.2) proc_lib.erl:329: :proc_lib.init_p_do_apply/3
Queue: [internal: {:connect, :init}]
Postponed: []
State: Postgrex.Protocol
Callback mode: :handle_event_function, state_enter: false
2025-09-30T15:17:40.823 application=db_connection [error] Postgrex.Protocol (#PID<0.196.0>) failed to connect: ** (DBConnection.ConnectionError) tcp connect (db:5432): non-existing domain - :nxdomain
2025-09-30T15:17:40.823 application=db_connection [error] Postgrex.Protocol (#PID<0.220.0>) failed to connect: ** (DBConnection.ConnectionError) tcp connect (db:5432): non-existing domain - :nxdomain
2025-09-30T15:17:40.824 application=db_connection [error] Postgrex.Protocol (#PID<0.203.0>) failed to connect: ** (DBConnection.ConnectionError) tcp connect (db:5432): non-existing domain - :nxdomain
2025-09-30T15:17:40.824 application=db_connection [error] Postgrex.Protocol (#PID<0.200.0>) failed to connect: ** (DBConnection.ConnectionError) tcp connect (db:5432): non-existing domain - :nxdomain
2025-09-30T15:17:40.824 application=db_connection [error] Postgrex.Protocol (#PID<0.195.0>) failed to connect: ** (DBConnection.ConnectionError) tcp connect (db:5432): non-existing domain - :nxdomain
2025-09-30T15:17:40.823 [error] :gen_statem #PID<0.220.0> terminating
** (DBConnection.ConnectionError) tcp connect (db:5432): non-existing domain - :nxdomain
    (db_connection 2.8.0) lib/db_connection/connection.ex:104: DBConnection.Connection.handle_event/4
    (stdlib 6.2.2) gen_statem.erl:3737: :gen_statem.loop_state_callback/11
    (stdlib 6.2.2) proc_lib.erl:329: :proc_lib.init_p_do_apply/3
Queue: [internal: {:connect, :init}]
Postponed: []
State: Postgrex.Protocol
Callback mode: :handle_event_function, state_enter: false
2025-09-30T15:17:45.265 application=ecto_sql [error] Could not create schema migrations table. This error usually happens due to the following:

  * The database does not exist
  * The "schema_migrations" table, which Ecto uses for managing
    migrations, was defined by another library
  * There is a deadlock while migrating (such as using concurrent
    indexes with a migration_lock)

To fix the first issue, run "mix ecto.create" for the desired MIX_ENV.

To address the second, you can run "mix ecto.drop" followed by
"mix ecto.create", both for the desired MIX_ENV. Alternatively you may
configure Ecto to use another table and/or repository for managing
migrations:

    config :explorer, Explorer.Repo,
      migration_source: "some_other_table_for_schema_migrations",
      migration_repo: AnotherRepoForSchemaMigrations

The full error report is shown below.

2025-09-30T15:17:51.849 application=db_connection [error] Postgrex.Protocol (#PID<0.195.0>) failed to connect: ** (DBConnection.ConnectionError) tcp connect (db:5432): non-existing domain - :nxdomain
2025-09-30T15:17:51.848 application=db_connection [error] Postgrex.Protocol (#PID<0.207.0>) failed to connect: ** (DBConnection.ConnectionError) tcp connect (db:5432): non-existing domain - :nxdomain
2025-09-30T15:17:51.849 application=db_connection [error] Postgrex.Protocol (#PID<0.196.0>) failed to connect: ** (DBConnection.ConnectionError) tcp connect (db:5432): non-existing domain - :nxdomain
2025-09-30T15:17:51.848 application=db_connection [error] Postgrex.Protocol (#PID<0.200.0>) failed to connect: ** (DBConnection.ConnectionError) tcp connect (db:5432): non-existing domain - :nxdomain
2025-09-30T15:17:51.848 application=db_connection [error] Postgrex.Protocol (#PID<0.201.0>) failed to connect: ** (DBConnection.ConnectionError) tcp connect (db:5432): non-existing domain - :nxdomain
2025-09-30T15:17:51.863 [error] :gen_statem #PID<0.207.0> terminating
** (DBConnection.ConnectionError) tcp connect (db:5432): non-existing domain - :nxdomain
    (db_connection 2.8.0) lib/db_connection/connection.ex:104: DBConnection.Connection.handle_event/4
    (stdlib 6.2.2) gen_statem.erl:3737: :gen_statem.loop_state_callback/11
    (stdlib 6.2.2) proc_lib.erl:329: :proc_lib.init_p_do_apply/3
Queue: [internal: {:connect, :init}]
Postponed: []
State: Postgrex.Protocol
Callback mode: :handle_event_function, state_enter: false
2025-09-30T15:17:55.747 application=db_connection [error] Postgrex.Protocol (#PID<0.212.0>) failed to connect: ** (DBConnection.ConnectionError) tcp connect (db:5432): non-existing domain - :nxdomain
2025-09-30T15:17:55.747 application=db_connection [error] Postgrex.Protocol (#PID<0.195.0>) failed to connect: ** (DBConnection.ConnectionError) tcp connect (db:5432): non-existing domain - :nxdomain
2025-09-30T15:17:55.747 application=db_connection [error] Postgrex.Protocol (#PID<0.196.0>) failed to connect: ** (DBConnection.ConnectionError) tcp connect (db:5432): non-existing domain - :nxdomain
2025-09-30T15:17:55.747 application=db_connection [error] Postgrex.Protocol (#PID<0.201.0>) failed to connect: ** (DBConnection.ConnectionError) tcp connect (db:5432): non-existing domain - :nxdomain
2025-09-30T15:17:55.747 application=db_connection [error] Postgrex.Protocol (#PID<0.200.0>) failed to connect: ** (DBConnection.ConnectionError) tcp connect (db:5432): non-existing domain - :nxdomain
2025-09-30T15:17:55.747 [error] :gen_statem #PID<0.212.0> terminating
** (DBConnection.ConnectionError) tcp connect (db:5432): non-existing domain - :nxdomain
    (db_connection 2.8.0) lib/db_connection/connection.ex:104: DBConnection.Connection.handle_event/4
    (stdlib 6.2.2) gen_statem.erl:3737: :gen_statem.loop_state_callback/11
    (stdlib 6.2.2) proc_lib.erl:329: :proc_lib.init_p_do_apply/3
Queue: [internal: {:connect, :init}]
Postponed: []
State: Postgrex.Protocol
Callback mode: :handle_event_function, state_enter: false
2025-09-30T15:17:59.605 application=db_connection [error] Postgrex.Protocol (#PID<0.196.0>) failed to connect: ** (DBConnection.ConnectionError) tcp connect (db:5432): non-existing domain - :nxdomain
2025-09-30T15:17:59.606 application=db_connection [error] Postgrex.Protocol (#PID<0.195.0>) failed to connect: ** (DBConnection.ConnectionError) tcp connect (db:5432): non-existing domain - :nxdomain
2025-09-30T15:17:59.606 application=db_connection [error] Postgrex.Protocol (#PID<0.216.0>) failed to connect: ** (DBConnection.ConnectionError) tcp connect (db:5432): non-existing domain - :nxdomain
2025-09-30T15:17:59.607 [error] :gen_statem #PID<0.216.0> terminating
** (DBConnection.ConnectionError) tcp connect (db:5432): non-existing domain - :nxdomain
    (db_connection 2.8.0) lib/db_connection/connection.ex:104: DBConnection.Connection.handle_event/4
    (stdlib 6.2.2) gen_statem.erl:3737: :gen_statem.loop_state_callback/11
    (stdlib 6.2.2) proc_lib.erl:329: :proc_lib.init_p_do_apply/3
Queue: [internal: {:connect, :init}]
Postponed: []
State: Postgrex.Protocol
Callback mode: :handle_event_function, state_enter: false
2025-09-30T15:18:03.471 application=db_connection [error] Postgrex.Protocol (#PID<0.220.0>) failed to connect: ** (DBConnection.ConnectionError) tcp connect (db:5432): non-existing domain - :nxdomain
2025-09-30T15:18:03.471 application=db_connection [error] Postgrex.Protocol (#PID<0.201.0>) failed to connect: ** (DBConnection.ConnectionError) tcp connect (db:5432): non-existing domain - :nxdomain
2025-09-30T15:18:03.471 application=db_connection [error] Postgrex.Protocol (#PID<0.195.0>) failed to connect: ** (DBConnection.ConnectionError) tcp connect (db:5432): non-existing domain - :nxdomain
2025-09-30T15:18:03.471 application=db_connection [error] Postgrex.Protocol (#PID<0.200.0>) failed to connect: ** (DBConnection.ConnectionError) tcp connect (db:5432): non-existing domain - :nxdomain
2025-09-30T15:18:03.471 [error] :gen_statem #PID<0.220.0> terminating
** (DBConnection.ConnectionError) tcp connect (db:5432): non-existing domain - :nxdomain
    (db_connection 2.8.0) lib/db_connection/connection.ex:104: DBConnection.Connection.handle_event/4
    (stdlib 6.2.2) gen_statem.erl:3737: :gen_statem.loop_state_callback/11
    (stdlib 6.2.2) proc_lib.erl:329: :proc_lib.init_p_do_apply/3
Queue: [internal: {:connect, :init}]
Postponed: []
State: Postgrex.Protocol
Callback mode: :handle_event_function, state_enter: false
2025-09-30T15:18:07.963 application=ecto_sql [error] Could not create schema migrations table. This error usually happens due to the following:

  * The database does not exist
  * The "schema_migrations" table, which Ecto uses for managing
    migrations, was defined by another library
  * There is a deadlock while migrating (such as using concurrent
    indexes with a migration_lock)

To fix the first issue, run "mix ecto.create" for the desired MIX_ENV.

To address the second, you can run "mix ecto.drop" followed by
"mix ecto.create", both for the desired MIX_ENV. Alternatively you may
configure Ecto to use another table and/or repository for managing
migrations:

    config :explorer, Explorer.Repo,
      migration_source: "some_other_table_for_schema_migrations",
      migration_repo: AnotherRepoForSchemaMigrations

The full error report is shown below.

2025-09-30T15:18:17.568 application=db_connection [error] Postgrex.Protocol (#PID<0.200.0>) failed to connect: ** (DBConnection.ConnectionError) tcp connect (db:5432): non-existing domain - :nxdomain
2025-09-30T15:18:17.567 application=db_connection [error] Postgrex.Protocol (#PID<0.195.0>) failed to connect: ** (DBConnection.ConnectionError) tcp connect (db:5432): non-existing domain - :nxdomain
2025-09-30T15:18:17.567 application=db_connection [error] Postgrex.Protocol (#PID<0.196.0>) failed to connect: ** (DBConnection.ConnectionError) tcp connect (db:5432): non-existing domain - :nxdomain
2025-09-30T15:18:17.567 application=db_connection [error] Postgrex.Protocol (#PID<0.201.0>) failed to connect: ** (DBConnection.ConnectionError) tcp connect (db:5432): non-existing domain - :nxdomain
2025-09-30T15:18:17.567 application=db_connection [error] Postgrex.Protocol (#PID<0.207.0>) failed to connect: ** (DBConnection.ConnectionError) tcp connect (db:5432): non-existing domain - :nxdomain
2025-09-30T15:18:17.575 [error] :gen_statem #PID<0.207.0> terminating
** (DBConnection.ConnectionError) tcp connect (db:5432): non-existing domain - :nxdomain
    (db_connection 2.8.0) lib/db_connection/connection.ex:104: DBConnection.Connection.handle_event/4
    (stdlib 6.2.2) gen_statem.erl:3737: :gen_statem.loop_state_callback/11
    (stdlib 6.2.2) proc_lib.erl:329: :proc_lib.init_p_do_apply/3
Queue: [internal: {:connect, :init}]
Postponed: []
State: Postgrex.Protocol
Callback mode: :handle_event_function, state_enter: false
2025-09-30T15:18:21.448 application=db_connection [error] Postgrex.Protocol (#PID<0.212.0>) failed to connect: ** (DBConnection.ConnectionError) tcp connect (db:5432): non-existing domain - :nxdomain
2025-09-30T15:18:21.449 application=db_connection [error] Postgrex.Protocol (#PID<0.201.0>) failed to connect: ** (DBConnection.ConnectionError) tcp connect (db:5432): non-existing domain - :nxdomain
2025-09-30T15:18:21.449 application=db_connection [error] Postgrex.Protocol (#PID<0.195.0>) failed to connect: ** (DBConnection.ConnectionError) tcp connect (db:5432): non-existing domain - :nxdomain
2025-09-30T15:18:21.449 application=db_connection [error] Postgrex.Protocol (#PID<0.196.0>) failed to connect: ** (DBConnection.ConnectionError) tcp connect (db:5432): non-existing domain - :nxdomain
2025-09-30T15:18:21.449 application=db_connection [error] Postgrex.Protocol (#PID<0.200.0>) failed to connect: ** (DBConnection.ConnectionError) tcp connect (db:5432): non-existing domain - :nxdomain
2025-09-30T15:18:21.448 [error] :gen_statem #PID<0.212.0> terminating
** (DBConnection.ConnectionError) tcp connect (db:5432): non-existing domain - :nxdomain
    (db_connection 2.8.0) lib/db_connection/connection.ex:104: DBConnection.Connection.handle_event/4
    (stdlib 6.2.2) gen_statem.erl:3737: :gen_statem.loop_state_callback/11
    (stdlib 6.2.2) proc_lib.erl:329: :proc_lib.init_p_do_apply/3
Queue: [internal: {:connect, :init}]
Postponed: []
State: Postgrex.Protocol
Callback mode: :handle_event_function, state_enter: false
2025-09-30T15:18:25.286 application=db_connection [error] Postgrex.Protocol (#PID<0.216.0>) failed to connect: ** (DBConnection.ConnectionError) tcp connect (db:5432): non-existing domain - :nxdomain
2025-09-30T15:18:25.287 [error] :gen_statem #PID<0.216.0> terminating
** (DBConnection.ConnectionError) tcp connect (db:5432): non-existing domain - :nxdomain
    (db_connection 2.8.0) lib/db_connection/connection.ex:104: DBConnection.Connection.handle_event/4
    (stdlib 6.2.2) gen_statem.erl:3737: :gen_statem.loop_state_callback/11
    (stdlib 6.2.2) proc_lib.erl:329: :proc_lib.init_p_do_apply/3
Queue: [internal: {:connect, :init}]
Postponed: []
State: Postgrex.Protocol
Callback mode: :handle_event_function, state_enter: false
2025-09-30T15:18:29.128 application=db_connection [error] Postgrex.Protocol (#PID<0.220.0>) failed to connect: ** (DBConnection.ConnectionError) tcp connect (db:5432): non-existing domain - :nxdomain
2025-09-30T15:18:29.128 application=db_connection [error] Postgrex.Protocol (#PID<0.201.0>) failed to connect: ** (DBConnection.ConnectionError) tcp connect (db:5432): non-existing domain - :nxdomain
2025-09-30T15:18:29.129 application=db_connection [error] Postgrex.Protocol (#PID<0.196.0>) failed to connect: ** (DBConnection.ConnectionError) tcp connect (db:5432): non-existing domain - :nxdomain
2025-09-30T15:18:29.129 application=db_connection [error] Postgrex.Protocol (#PID<0.195.0>) failed to connect: ** (DBConnection.ConnectionError) tcp connect (db:5432): non-existing domain - :nxdomain
2025-09-30T15:18:29.129 application=db_connection [error] Postgrex.Protocol (#PID<0.200.0>) failed to connect: ** (DBConnection.ConnectionError) tcp connect (db:5432): non-existing domain - :nxdomain
2025-09-30T15:18:29.128 [error] :gen_statem #PID<0.220.0> terminating
** (DBConnection.ConnectionError) tcp connect (db:5432): non-existing domain - :nxdomain
    (db_connection 2.8.0) lib/db_connection/connection.ex:104: DBConnection.Connection.handle_event/4
    (stdlib 6.2.2) gen_statem.erl:3737: :gen_statem.loop_state_callback/11
    (stdlib 6.2.2) proc_lib.erl:329: :proc_lib.init_p_do_apply/3
Queue: [internal: {:connect, :init}]
Postponed: []
State: Postgrex.Protocol
Callback mode: :handle_event_function, state_enter: false
2025-09-30T15:18:33.642 application=ecto_sql [error] Could not create schema migrations table. This error usually happens due to the following:

  * The database does not exist
  * The "schema_migrations" table, which Ecto uses for managing
    migrations, was defined by another library
  * There is a deadlock while migrating (such as using concurrent
    indexes with a migration_lock)

To fix the first issue, run "mix ecto.create" for the desired MIX_ENV.

To address the second, you can run "mix ecto.drop" followed by
"mix ecto.create", both for the desired MIX_ENV. Alternatively you may
configure Ecto to use another table and/or repository for managing
migrations:

    config :explorer, Explorer.Repo,
      migration_source: "some_other_table_for_schema_migrations",
      migration_repo: AnotherRepoForSchemaMigrations

The full error report is shown below.

2025-09-30T15:18:41.453 application=db_connection [error] Postgrex.Protocol (#PID<0.203.0>) failed to connect: ** (DBConnection.ConnectionError) tcp connect (db:5432): non-existing domain - :nxdomain
2025-09-30T15:18:41.453 application=db_connection [error] Postgrex.Protocol (#PID<0.207.0>) failed to connect: ** (DBConnection.ConnectionError) tcp connect (db:5432): non-existing domain - :nxdomain
2025-09-30T15:18:41.453 application=db_connection [error] Postgrex.Protocol (#PID<0.200.0>) failed to connect: ** (DBConnection.ConnectionError) tcp connect (db:5432): non-existing domain - :nxdomain
2025-09-30T15:18:41.453 application=db_connection [error] Postgrex.Protocol (#PID<0.196.0>) failed to connect: ** (DBConnection.ConnectionError) tcp connect (db:5432): non-existing domain - :nxdomain
2025-09-30T15:18:41.453 application=db_connection [error] Postgrex.Protocol (#PID<0.195.0>) failed to connect: ** (DBConnection.ConnectionError) tcp connect (db:5432): non-existing domain - :nxdomain
2025-09-30T15:18:41.463 [error] :gen_statem #PID<0.207.0> terminating
** (DBConnection.ConnectionError) tcp connect (db:5432): non-existing domain - :nxdomain
    (db_connection 2.8.0) lib/db_connection/connection.ex:104: DBConnection.Connection.handle_event/4
    (stdlib 6.2.2) gen_statem.erl:3737: :gen_statem.loop_state_callback/11
    (stdlib 6.2.2) proc_lib.erl:329: :proc_lib.init_p_do_apply/3
Queue: [internal: {:connect, :init}]
Postponed: []
State: Postgrex.Protocol
Callback mode: :handle_event_function, state_enter: false
2025-09-30T15:18:45.332 application=db_connection [error] Postgrex.Protocol (#PID<0.212.0>) failed to connect: ** (DBConnection.ConnectionError) tcp connect (db:5432): non-existing domain - :nxdomain
2025-09-30T15:18:45.332 application=db_connection [error] Postgrex.Protocol (#PID<0.196.0>) failed to connect: ** (DBConnection.ConnectionError) tcp connect (db:5432): non-existing domain - :nxdomain
2025-09-30T15:18:45.332 application=db_connection [error] Postgrex.Protocol (#PID<0.195.0>) failed to connect: ** (DBConnection.ConnectionError) tcp connect (db:5432): non-existing domain - :nxdomain
2025-09-30T15:18:45.332 application=db_connection [error] Postgrex.Protocol (#PID<0.203.0>) failed to connect: ** (DBConnection.ConnectionError) tcp connect (db:5432): non-existing domain - :nxdomain
2025-09-30T15:18:45.333 application=db_connection [error] Postgrex.Protocol (#PID<0.200.0>) failed to connect: ** (DBConnection.ConnectionError) tcp connect (db:5432): non-existing domain - :nxdomain
2025-09-30T15:18:45.332 [error] :gen_statem #PID<0.212.0> terminating
** (DBConnection.ConnectionError) tcp connect (db:5432): non-existing domain - :nxdomain
    (db_connection 2.8.0) lib/db_connection/connection.ex:104: DBConnection.Connection.handle_event/4
    (stdlib 6.2.2) gen_statem.erl:3737: :gen_statem.loop_state_callback/11
    (stdlib 6.2.2) proc_lib.erl:329: :proc_lib.init_p_do_apply/3
Queue: [internal: {:connect, :init}]
Postponed: []
State: Postgrex.Protocol
Callback mode: :handle_event_function, state_enter: false
2025-09-30T15:18:48.082 application=db_connection [error] Postgrex.Protocol (#PID<0.216.0>) failed to connect: ** (DBConnection.ConnectionError) tcp connect (db:5432): non-existing domain - :nxdomain
2025-09-30T15:18:48.083 [error] :gen_statem #PID<0.216.0> terminating
** (DBConnection.ConnectionError) tcp connect (db:5432): non-existing domain - :nxdomain
    (db_connection 2.8.0) lib/db_connection/connection.ex:104: DBConnection.Connection.handle_event/4
    (stdlib 6.2.2) gen_statem.erl:3737: :gen_statem.loop_state_callback/11
    (stdlib 6.2.2) proc_lib.erl:329: :proc_lib.init_p_do_apply/3
Queue: [internal: {:connect, :init}]
Postponed: []
State: Postgrex.Protocol
Callback mode: :handle_event_function, state_enter: false
2025-09-30T15:18:51.963 application=db_connection [error] Postgrex.Protocol (#PID<0.220.0>) failed to connect: ** (DBConnection.ConnectionError) tcp connect (db:5432): non-existing domain - :nxdomain
2025-09-30T15:18:51.963 application=db_connection [error] Postgrex.Protocol (#PID<0.195.0>) failed to connect: ** (DBConnection.ConnectionError) tcp connect (db:5432): non-existing domain - :nxdomain
2025-09-30T15:18:51.963 application=db_connection [error] Postgrex.Protocol (#PID<0.203.0>) failed to connect: ** (DBConnection.ConnectionError) tcp connect (db:5432): non-existing domain - :nxdomain
2025-09-30T15:18:51.963 application=db_connection [error] Postgrex.Protocol (#PID<0.200.0>) failed to connect: ** (DBConnection.ConnectionError) tcp connect (db:5432): non-existing domain - :nxdomain
2025-09-30T15:18:51.963 application=db_connection [error] Postgrex.Protocol (#PID<0.196.0>) failed to connect: ** (DBConnection.ConnectionError) tcp connect (db:5432): non-existing domain - :nxdomain
2025-09-30T15:18:51.963 [error] :gen_statem #PID<0.220.0> terminating
** (DBConnection.ConnectionError) tcp connect (db:5432): non-existing domain - :nxdomain
    (db_connection 2.8.0) lib/db_connection/connection.ex:104: DBConnection.Connection.handle_event/4
    (stdlib 6.2.2) gen_statem.erl:3737: :gen_statem.loop_state_callback/11
    (stdlib 6.2.2) proc_lib.erl:329: :proc_lib.init_p_do_apply/3
Queue: [internal: {:connect, :init}]
Postponed: []
State: Postgrex.Protocol
Callback mode: :handle_event_function, state_enter: false
2025-09-30T15:18:56.478 application=ecto_sql [error] Could not create schema migrations table. This error usually happens due to the following:

  * The database does not exist
  * The "schema_migrations" table, which Ecto uses for managing
    migrations, was defined by another library
  * There is a deadlock while migrating (such as using concurrent
    indexes with a migration_lock)

To fix the first issue, run "mix ecto.create" for the desired MIX_ENV.

To address the second, you can run "mix ecto.drop" followed by
"mix ecto.create", both for the desired MIX_ENV. Alternatively you may
configure Ecto to use another table and/or repository for managing
migrations:

    config :explorer, Explorer.Repo,
      migration_source: "some_other_table_for_schema_migrations",
      migration_repo: AnotherRepoForSchemaMigrations

The full error report is shown below.

2025-09-30T15:19:08.741 application=db_connection [error] Postgrex.Protocol (#PID<0.200.0>) failed to connect: ** (DBConnection.ConnectionError) tcp connect (db:5432): non-existing domain - :nxdomain
2025-09-30T15:19:08.741 application=db_connection [error] Postgrex.Protocol (#PID<0.196.0>) failed to connect: ** (DBConnection.ConnectionError) tcp connect (db:5432): non-existing domain - :nxdomain
2025-09-30T15:19:08.741 application=db_connection [error] Postgrex.Protocol (#PID<0.207.0>) failed to connect: ** (DBConnection.ConnectionError) tcp connect (db:5432): non-existing domain - :nxdomain
2025-09-30T15:19:08.741 application=db_connection [error] Postgrex.Protocol (#PID<0.201.0>) failed to connect: ** (DBConnection.ConnectionError) tcp connect (db:5432): non-existing domain - :nxdomain
2025-09-30T15:19:08.741 application=db_connection [error] Postgrex.Protocol (#PID<0.195.0>) failed to connect: ** (DBConnection.ConnectionError) tcp connect (db:5432): non-existing domain - :nxdomain
2025-09-30T15:19:08.749 [error] :gen_statem #PID<0.207.0> terminating
** (DBConnection.ConnectionError) tcp connect (db:5432): non-existing domain - :nxdomain
    (db_connection 2.8.0) lib/db_connection/connection.ex:104: DBConnection.Connection.handle_event/4
    (stdlib 6.2.2) gen_statem.erl:3737: :gen_statem.loop_state_callback/11
    (stdlib 6.2.2) proc_lib.erl:329: :proc_lib.init_p_do_apply/3
Queue: [internal: {:connect, :init}]
Postponed: []
State: Postgrex.Protocol
Callback mode: :handle_event_function, state_enter: false
2025-09-30T15:19:12.604 application=db_connection [error] Postgrex.Protocol (#PID<0.212.0>) failed to connect: ** (DBConnection.ConnectionError) tcp connect (db:5432): non-existing domain - :nxdomain
2025-09-30T15:19:12.604 application=db_connection [error] Postgrex.Protocol (#PID<0.196.0>) failed to connect: ** (DBConnection.ConnectionError) tcp connect (db:5432): non-existing domain - :nxdomain
2025-09-30T15:19:12.604 application=db_connection [error] Postgrex.Protocol (#PID<0.200.0>) failed to connect: ** (DBConnection.ConnectionError) tcp connect (db:5432): non-existing domain - :nxdomain
2025-09-30T15:19:12.604 application=db_connection [error] Postgrex.Protocol (#PID<0.201.0>) failed to connect: ** (DBConnection.ConnectionError) tcp connect (db:5432): non-existing domain - :nxdomain
2025-09-30T15:19:12.604 application=db_connection [error] Postgrex.Protocol (#PID<0.195.0>) failed to connect: ** (DBConnection.ConnectionError) tcp connect (db:5432): non-existing domain - :nxdomain
2025-09-30T15:19:12.604 [error] :gen_statem #PID<0.212.0> terminating
** (DBConnection.ConnectionError) tcp connect (db:5432): non-existing domain - :nxdomain
    (db_connection 2.8.0) lib/db_connection/connection.ex:104: DBConnection.Connection.handle_event/4
    (stdlib 6.2.2) gen_statem.erl:3737: :gen_statem.loop_state_callback/11
    (stdlib 6.2.2) proc_lib.erl:329: :proc_lib.init_p_do_apply/3
Queue: [internal: {:connect, :init}]
Postponed: []
State: Postgrex.Protocol
Callback mode: :handle_event_function, state_enter: false
2025-09-30T15:19:12.610 application=db_connection [error] Postgrex.Protocol (#PID<0.216.0>) failed to connect: ** (DBConnection.ConnectionError) tcp connect (db:5432): connection refused - :econnrefused
2025-09-30T15:19:12.610 [error] :gen_statem #PID<0.216.0> terminating
** (DBConnection.ConnectionError) tcp connect (db:5432): connection refused - :econnrefused
    (db_connection 2.8.0) lib/db_connection/connection.ex:104: DBConnection.Connection.handle_event/4
    (stdlib 6.2.2) gen_statem.erl:3737: :gen_statem.loop_state_callback/11
    (stdlib 6.2.2) proc_lib.erl:329: :proc_lib.init_p_do_apply/3
Queue: [internal: {:connect, :init}]
Postponed: []
State: Postgrex.Protocol
Callback mode: :handle_event_function, state_enter: false
2025-09-30T15:19:12.614 application=db_connection [error] Postgrex.Protocol (#PID<0.220.0>) failed to connect: ** (DBConnection.ConnectionError) tcp connect (db:5432): connection refused - :econnrefused
2025-09-30T15:19:12.614 [error] :gen_statem #PID<0.220.0> terminating
** (DBConnection.ConnectionError) tcp connect (db:5432): connection refused - :econnrefused
    (db_connection 2.8.0) lib/db_connection/connection.ex:104: DBConnection.Connection.handle_event/4
    (stdlib 6.2.2) gen_statem.erl:3737: :gen_statem.loop_state_callback/11
    (stdlib 6.2.2) proc_lib.erl:329: :proc_lib.init_p_do_apply/3
Queue: [internal: {:connect, :init}]
Postponed: []
State: Postgrex.Protocol
Callback mode: :handle_event_function, state_enter: false
2025-09-30T15:19:15.758 application=ecto_sql [error] Could not create schema migrations table. This error usually happens due to the following:

  * The database does not exist
  * The "schema_migrations" table, which Ecto uses for managing
    migrations, was defined by another library
  * There is a deadlock while migrating (such as using concurrent
    indexes with a migration_lock)

To fix the first issue, run "mix ecto.create" for the desired MIX_ENV.

To address the second, you can run "mix ecto.drop" followed by
"mix ecto.create", both for the desired MIX_ENV. Alternatively you may
configure Ecto to use another table and/or repository for managing
migrations:

    config :explorer, Explorer.Repo,
      migration_source: "some_other_table_for_schema_migrations",
      migration_repo: AnotherRepoForSchemaMigrations

The full error report is shown below.

2025-09-30T15:19:26.204 application=db_connection [error] Postgrex.Protocol (#PID<0.200.0>) failed to connect: ** (DBConnection.ConnectionError) tcp connect (db:5432): non-existing domain - :nxdomain
2025-09-30T15:19:26.204 application=db_connection [error] Postgrex.Protocol (#PID<0.207.0>) failed to connect: ** (DBConnection.ConnectionError) tcp connect (db:5432): non-existing domain - :nxdomain
2025-09-30T15:19:26.204 application=db_connection [error] Postgrex.Protocol (#PID<0.201.0>) failed to connect: ** (DBConnection.ConnectionError) tcp connect (db:5432): non-existing domain - :nxdomain
2025-09-30T15:19:26.204 application=db_connection [error] Postgrex.Protocol (#PID<0.196.0>) failed to connect: ** (DBConnection.ConnectionError) tcp connect (db:5432): non-existing domain - :nxdomain
2025-09-30T15:19:26.204 application=db_connection [error] Postgrex.Protocol (#PID<0.195.0>) failed to connect: ** (DBConnection.ConnectionError) tcp connect (db:5432): non-existing domain - :nxdomain
2025-09-30T15:19:26.211 [error] :gen_statem #PID<0.207.0> terminating
** (DBConnection.ConnectionError) tcp connect (db:5432): non-existing domain - :nxdomain
    (db_connection 2.8.0) lib/db_connection/connection.ex:104: DBConnection.Connection.handle_event/4
    (stdlib 6.2.2) gen_statem.erl:3737: :gen_statem.loop_state_callback/11
    (stdlib 6.2.2) proc_lib.erl:329: :proc_lib.init_p_do_apply/3
Queue: [internal: {:connect, :init}]
Postponed: []
State: Postgrex.Protocol
Callback mode: :handle_event_function, state_enter: false
2025-09-30T15:19:30.088 application=db_connection [error] Postgrex.Protocol (#PID<0.196.0>) failed to connect: ** (DBConnection.ConnectionError) tcp connect (db:5432): non-existing domain - :nxdomain
2025-09-30T15:19:30.088 application=db_connection [error] Postgrex.Protocol (#PID<0.212.0>) failed to connect: ** (DBConnection.ConnectionError) tcp connect (db:5432): non-existing domain - :nxdomain
2025-09-30T15:19:30.088 application=db_connection [error] Postgrex.Protocol (#PID<0.201.0>) failed to connect: ** (DBConnection.ConnectionError) tcp connect (db:5432): non-existing domain - :nxdomain
2025-09-30T15:19:30.088 application=db_connection [error] Postgrex.Protocol (#PID<0.195.0>) failed to connect: ** (DBConnection.ConnectionError) tcp connect (db:5432): non-existing domain - :nxdomain
2025-09-30T15:19:30.088 application=db_connection [error] Postgrex.Protocol (#PID<0.200.0>) failed to connect: ** (DBConnection.ConnectionError) tcp connect (db:5432): non-existing domain - :nxdomain
2025-09-30T15:19:30.088 [error] :gen_statem #PID<0.212.0> terminating
** (DBConnection.ConnectionError) tcp connect (db:5432): non-existing domain - :nxdomain
    (db_connection 2.8.0) lib/db_connection/connection.ex:104: DBConnection.Connection.handle_event/4
    (stdlib 6.2.2) gen_statem.erl:3737: :gen_statem.loop_state_callback/11
    (stdlib 6.2.2) proc_lib.erl:329: :proc_lib.init_p_do_apply/3
Queue: [internal: {:connect, :init}]
Postponed: []
State: Postgrex.Protocol
Callback mode: :handle_event_function, state_enter: false
2025-09-30T15:19:33.949 application=db_connection [error] Postgrex.Protocol (#PID<0.201.0>) failed to connect: ** (DBConnection.ConnectionError) tcp connect (db:5432): non-existing domain - :nxdomain
2025-09-30T15:19:33.949 application=db_connection [error] Postgrex.Protocol (#PID<0.216.0>) failed to connect: ** (DBConnection.ConnectionError) tcp connect (db:5432): non-existing domain - :nxdomain
2025-09-30T15:19:33.949 application=db_connection [error] Postgrex.Protocol (#PID<0.195.0>) failed to connect: ** (DBConnection.ConnectionError) tcp connect (db:5432): non-existing domain - :nxdomain
2025-09-30T15:19:33.949 [error] :gen_statem #PID<0.216.0> terminating
** (DBConnection.ConnectionError) tcp connect (db:5432): non-existing domain - :nxdomain
    (db_connection 2.8.0) lib/db_connection/connection.ex:104: DBConnection.Connection.handle_event/4
    (stdlib 6.2.2) gen_statem.erl:3737: :gen_statem.loop_state_callback/11
    (stdlib 6.2.2) proc_lib.erl:329: :proc_lib.init_p_do_apply/3
Queue: [internal: {:connect, :init}]
Postponed: []
State: Postgrex.Protocol
Callback mode: :handle_event_function, state_enter: false
2025-09-30T15:19:37.808 application=db_connection [error] Postgrex.Protocol (#PID<0.220.0>) failed to connect: ** (DBConnection.ConnectionError) tcp connect (db:5432): non-existing domain - :nxdomain
2025-09-30T15:19:37.809 application=db_connection [error] Postgrex.Protocol (#PID<0.196.0>) failed to connect: ** (DBConnection.ConnectionError) tcp connect (db:5432): non-existing domain - :nxdomain
2025-09-30T15:19:37.809 application=db_connection [error] Postgrex.Protocol (#PID<0.200.0>) failed to connect: ** (DBConnection.ConnectionError) tcp connect (db:5432): non-existing domain - :nxdomain
2025-09-30T15:19:37.808 [error] :gen_statem #PID<0.220.0> terminating
** (DBConnection.ConnectionError) tcp connect (db:5432): non-existing domain - :nxdomain
    (db_connection 2.8.0) lib/db_connection/connection.ex:104: DBConnection.Connection.handle_event/4
    (stdlib 6.2.2) gen_statem.erl:3737: :gen_statem.loop_state_callback/11
    (stdlib 6.2.2) proc_lib.erl:329: :proc_lib.init_p_do_apply/3
Queue: [internal: {:connect, :init}]
Postponed: []
State: Postgrex.Protocol
Callback mode: :handle_event_function, state_enter: false
2025-09-30T15:19:41.776 application=db_connection [error] Postgrex.Protocol (#PID<0.201.0>) failed to connect: ** (DBConnection.ConnectionError) tcp connect (db:5432): non-existing domain - :nxdomain
2025-09-30T15:19:41.776 application=db_connection [error] Postgrex.Protocol (#PID<0.195.0>) failed to connect: ** (DBConnection.ConnectionError) tcp connect (db:5432): non-existing domain - :nxdomain
2025-09-30T15:19:42.317 application=ecto_sql [error] Could not create schema migrations table. This error usually happens due to the following:

  * The database does not exist
  * The "schema_migrations" table, which Ecto uses for managing
    migrations, was defined by another library
  * There is a deadlock while migrating (such as using concurrent
    indexes with a migration_lock)

To fix the first issue, run "mix ecto.create" for the desired MIX_ENV.

To address the second, you can run "mix ecto.drop" followed by
"mix ecto.create", both for the desired MIX_ENV. Alternatively you may
configure Ecto to use another table and/or repository for managing
migrations:

    config :explorer, Explorer.Repo,
      migration_source: "some_other_table_for_schema_migrations",
      migration_repo: AnotherRepoForSchemaMigrations

The full error report is shown below.

2025-09-30T15:19:50.422 application=db_connection [error] Postgrex.Protocol (#PID<0.196.0>) failed to connect: ** (DBConnection.ConnectionError) tcp connect (db:5432): non-existing domain - :nxdomain
2025-09-30T15:19:50.422 application=db_connection [error] Postgrex.Protocol (#PID<0.200.0>) failed to connect: ** (DBConnection.ConnectionError) tcp connect (db:5432): non-existing domain - :nxdomain
2025-09-30T15:19:50.422 application=db_connection [error] Postgrex.Protocol (#PID<0.201.0>) failed to connect: ** (DBConnection.ConnectionError) tcp connect (db:5432): non-existing domain - :nxdomain
2025-09-30T15:19:50.422 application=db_connection [error] Postgrex.Protocol (#PID<0.195.0>) failed to connect: ** (DBConnection.ConnectionError) tcp connect (db:5432): non-existing domain - :nxdomain
2025-09-30T15:19:50.422 application=db_connection [error] Postgrex.Protocol (#PID<0.207.0>) failed to connect: ** (DBConnection.ConnectionError) tcp connect (db:5432): non-existing domain - :nxdomain
2025-09-30T15:19:50.433 [error] :gen_statem #PID<0.207.0> terminating
** (DBConnection.ConnectionError) tcp connect (db:5432): non-existing domain - :nxdomain
    (db_connection 2.8.0) lib/db_connection/connection.ex:104: DBConnection.Connection.handle_event/4
    (stdlib 6.2.2) gen_statem.erl:3737: :gen_statem.loop_state_callback/11
    (stdlib 6.2.2) proc_lib.erl:329: :proc_lib.init_p_do_apply/3
Queue: [internal: {:connect, :init}]
Postponed: []
State: Postgrex.Protocol
Callback mode: :handle_event_function, state_enter: false
2025-09-30T15:19:54.310 application=db_connection [error] Postgrex.Protocol (#PID<0.195.0>) failed to connect: ** (DBConnection.ConnectionError) tcp connect (db:5432): non-existing domain - :nxdomain
2025-09-30T15:19:54.310 application=db_connection [error] Postgrex.Protocol (#PID<0.212.0>) failed to connect: ** (DBConnection.ConnectionError) tcp connect (db:5432): non-existing domain - :nxdomain
2025-09-30T15:19:54.310 application=db_connection [error] Postgrex.Protocol (#PID<0.200.0>) failed to connect: ** (DBConnection.ConnectionError) tcp connect (db:5432): non-existing domain - :nxdomain
2025-09-30T15:19:54.310 application=db_connection [error] Postgrex.Protocol (#PID<0.201.0>) failed to connect: ** (DBConnection.ConnectionError) tcp connect (db:5432): non-existing domain - :nxdomain
2025-09-30T15:19:54.310 application=db_connection [error] Postgrex.Protocol (#PID<0.196.0>) failed to connect: ** (DBConnection.ConnectionError) tcp connect (db:5432): non-existing domain - :nxdomain
2025-09-30T15:19:54.310 [error] :gen_statem #PID<0.212.0> terminating
** (DBConnection.ConnectionError) tcp connect (db:5432): non-existing domain - :nxdomain
    (db_connection 2.8.0) lib/db_connection/connection.ex:104: DBConnection.Connection.handle_event/4
    (stdlib 6.2.2) gen_statem.erl:3737: :gen_statem.loop_state_callback/11
    (stdlib 6.2.2) proc_lib.erl:329: :proc_lib.init_p_do_apply/3
Queue: [internal: {:connect, :init}]
Postponed: []
State: Postgrex.Protocol
Callback mode: :handle_event_function, state_enter: false
2025-09-30T15:19:58.162 application=db_connection [error] Postgrex.Protocol (#PID<0.216.0>) failed to connect: ** (DBConnection.ConnectionError) tcp connect (db:5432): non-existing domain - :nxdomain
2025-09-30T15:19:58.162 application=db_connection [error] Postgrex.Protocol (#PID<0.195.0>) failed to connect: ** (DBConnection.ConnectionError) tcp connect (db:5432): non-existing domain - :nxdomain
2025-09-30T15:19:58.162 [error] :gen_statem #PID<0.216.0> terminating
** (DBConnection.ConnectionError) tcp connect (db:5432): non-existing domain - :nxdomain
    (db_connection 2.8.0) lib/db_connection/connection.ex:104: DBConnection.Connection.handle_event/4
    (stdlib 6.2.2) gen_statem.erl:3737: :gen_statem.loop_state_callback/11
    (stdlib 6.2.2) proc_lib.erl:329: :proc_lib.init_p_do_apply/3
Queue: [internal: {:connect, :init}]
Postponed: []
State: Postgrex.Protocol
Callback mode: :handle_event_function, state_enter: false
2025-09-30T15:20:02.019 application=db_connection [error] Postgrex.Protocol (#PID<0.201.0>) failed to connect: ** (DBConnection.ConnectionError) tcp connect (db:5432): non-existing domain - :nxdomain
2025-09-30T15:20:02.019 application=db_connection [error] Postgrex.Protocol (#PID<0.220.0>) failed to connect: ** (DBConnection.ConnectionError) tcp connect (db:5432): non-existing domain - :nxdomain
2025-09-30T15:20:02.019 application=db_connection [error] Postgrex.Protocol (#PID<0.195.0>) failed to connect: ** (DBConnection.ConnectionError) tcp connect (db:5432): non-existing domain - :nxdomain
2025-09-30T15:20:02.019 application=db_connection [error] Postgrex.Protocol (#PID<0.196.0>) failed to connect: ** (DBConnection.ConnectionError) tcp connect (db:5432): non-existing domain - :nxdomain
2025-09-30T15:20:02.019 [error] :gen_statem #PID<0.220.0> terminating
** (DBConnection.ConnectionError) tcp connect (db:5432): non-existing domain - :nxdomain
    (db_connection 2.8.0) lib/db_connection/connection.ex:104: DBConnection.Connection.handle_event/4
    (stdlib 6.2.2) gen_statem.erl:3737: :gen_statem.loop_state_callback/11
    (stdlib 6.2.2) proc_lib.erl:329: :proc_lib.init_p_do_apply/3
Queue: [internal: {:connect, :init}]
Postponed: []
State: Postgrex.Protocol
Callback mode: :handle_event_function, state_enter: false
2025-09-30T15:20:06.548 application=ecto_sql [error] Could not create schema migrations table. This error usually happens due to the following:

  * The database does not exist
  * The "schema_migrations" table, which Ecto uses for managing
    migrations, was defined by another library
  * There is a deadlock while migrating (such as using concurrent
    indexes with a migration_lock)

To fix the first issue, run "mix ecto.create" for the desired MIX_ENV.

To address the second, you can run "mix ecto.drop" followed by
"mix ecto.create", both for the desired MIX_ENV. Alternatively you may
configure Ecto to use another table and/or repository for managing
migrations:

    config :explorer, Explorer.Repo,
      migration_source: "some_other_table_for_schema_migrations",
      migration_repo: AnotherRepoForSchemaMigrations

The full error report is shown below.

2025-09-30T15:20:17.327 application=db_connection [error] Postgrex.Protocol (#PID<0.196.0>) failed to connect: ** (DBConnection.ConnectionError) tcp connect (db:5432): non-existing domain - :nxdomain
2025-09-30T15:20:17.327 application=db_connection [error] Postgrex.Protocol (#PID<0.195.0>) failed to connect: ** (DBConnection.ConnectionError) tcp connect (db:5432): non-existing domain - :nxdomain
2025-09-30T15:20:17.327 application=db_connection [error] Postgrex.Protocol (#PID<0.200.0>) failed to connect: ** (DBConnection.ConnectionError) tcp connect (db:5432): non-existing domain - :nxdomain
2025-09-30T15:20:17.327 application=db_connection [error] Postgrex.Protocol (#PID<0.207.0>) failed to connect: ** (DBConnection.ConnectionError) tcp connect (db:5432): non-existing domain - :nxdomain
2025-09-30T15:20:17.327 application=db_connection [error] Postgrex.Protocol (#PID<0.201.0>) failed to connect: ** (DBConnection.ConnectionError) tcp connect (db:5432): non-existing domain - :nxdomain
2025-09-30T15:20:17.339 [error] :gen_statem #PID<0.207.0> terminating
** (DBConnection.ConnectionError) tcp connect (db:5432): non-existing domain - :nxdomain
    (db_connection 2.8.0) lib/db_connection/connection.ex:104: DBConnection.Connection.handle_event/4
    (stdlib 6.2.2) gen_statem.erl:3737: :gen_statem.loop_state_callback/11
    (stdlib 6.2.2) proc_lib.erl:329: :proc_lib.init_p_do_apply/3
Queue: [internal: {:connect, :init}]
Postponed: []
State: Postgrex.Protocol
Callback mode: :handle_event_function, state_enter: false
2025-09-30T15:20:21.228 application=db_connection [error] Postgrex.Protocol (#PID<0.196.0>) failed to connect: ** (DBConnection.ConnectionError) tcp connect (db:5432): non-existing domain - :nxdomain
2025-09-30T15:20:21.228 application=db_connection [error] Postgrex.Protocol (#PID<0.195.0>) failed to connect: ** (DBConnection.ConnectionError) tcp connect (db:5432): non-existing domain - :nxdomain
2025-09-30T15:20:21.228 application=db_connection [error] Postgrex.Protocol (#PID<0.212.0>) failed to connect: ** (DBConnection.ConnectionError) tcp connect (db:5432): non-existing domain - :nxdomain
2025-09-30T15:20:21.228 application=db_connection [error] Postgrex.Protocol (#PID<0.200.0>) failed to connect: ** (DBConnection.ConnectionError) tcp connect (db:5432): non-existing domain - :nxdomain
2025-09-30T15:20:21.228 application=db_connection [error] Postgrex.Protocol (#PID<0.201.0>) failed to connect: ** (DBConnection.ConnectionError) tcp connect (db:5432): non-existing domain - :nxdomain
2025-09-30T15:20:21.228 [error] :gen_statem #PID<0.212.0> terminating
** (DBConnection.ConnectionError) tcp connect (db:5432): non-existing domain - :nxdomain
    (db_connection 2.8.0) lib/db_connection/connection.ex:104: DBConnection.Connection.handle_event/4
    (stdlib 6.2.2) gen_statem.erl:3737: :gen_statem.loop_state_callback/11
    (stdlib 6.2.2) proc_lib.erl:329: :proc_lib.init_p_do_apply/3
Queue: [internal: {:connect, :init}]
Postponed: []
State: Postgrex.Protocol
Callback mode: :handle_event_function, state_enter: false
2025-09-30T15:20:25.064 application=db_connection [error] Postgrex.Protocol (#PID<0.216.0>) failed to connect: ** (DBConnection.ConnectionError) tcp connect (db:5432): non-existing domain - :nxdomain
2025-09-30T15:20:25.064 application=db_connection [error] Postgrex.Protocol (#PID<0.196.0>) failed to connect: ** (DBConnection.ConnectionError) tcp connect (db:5432): non-existing domain - :nxdomain
2025-09-30T15:20:25.064 application=db_connection [error] Postgrex.Protocol (#PID<0.201.0>) failed to connect: ** (DBConnection.ConnectionError) tcp connect (db:5432): non-existing domain - :nxdomain
2025-09-30T15:20:25.064 application=db_connection [error] Postgrex.Protocol (#PID<0.200.0>) failed to connect: ** (DBConnection.ConnectionError) tcp connect (db:5432): non-existing domain - :nxdomain
2025-09-30T15:20:25.064 [error] :gen_statem #PID<0.216.0> terminating
** (DBConnection.ConnectionError) tcp connect (db:5432): non-existing domain - :nxdomain
    (db_connection 2.8.0) lib/db_connection/connection.ex:104: DBConnection.Connection.handle_event/4
    (stdlib 6.2.2) gen_statem.erl:3737: :gen_statem.loop_state_callback/11
    (stdlib 6.2.2) proc_lib.erl:329: :proc_lib.init_p_do_apply/3
Queue: [internal: {:connect, :init}]
Postponed: []
State: Postgrex.Protocol
Callback mode: :handle_event_function, state_enter: false
2025-09-30T15:20:28.905 application=db_connection [error] Postgrex.Protocol (#PID<0.220.0>) failed to connect: ** (DBConnection.ConnectionError) tcp connect (db:5432): non-existing domain - :nxdomain
2025-09-30T15:20:28.905 application=db_connection [error] Postgrex.Protocol (#PID<0.200.0>) failed to connect: ** (DBConnection.ConnectionError) tcp connect (db:5432): non-existing domain - :nxdomain
2025-09-30T15:20:28.906 application=db_connection [error] Postgrex.Protocol (#PID<0.196.0>) failed to connect: ** (DBConnection.ConnectionError) tcp connect (db:5432): non-existing domain - :nxdomain
2025-09-30T15:20:28.906 application=db_connection [error] Postgrex.Protocol (#PID<0.195.0>) failed to connect: ** (DBConnection.ConnectionError) tcp connect (db:5432): non-existing domain - :nxdomain
2025-09-30T15:20:28.905 [error] :gen_statem #PID<0.220.0> terminating
** (DBConnection.ConnectionError) tcp connect (db:5432): non-existing domain - :nxdomain
    (db_connection 2.8.0) lib/db_connection/connection.ex:104: DBConnection.Connection.handle_event/4
    (stdlib 6.2.2) gen_statem.erl:3737: :gen_statem.loop_state_callback/11
    (stdlib 6.2.2) proc_lib.erl:329: :proc_lib.init_p_do_apply/3
Queue: [internal: {:connect, :init}]
Postponed: []
State: Postgrex.Protocol
Callback mode: :handle_event_function, state_enter: false
2025-09-30T15:20:33.399 application=ecto_sql [error] Could not create schema migrations table. This error usually happens due to the following:

  * The database does not exist
  * The "schema_migrations" table, which Ecto uses for managing
    migrations, was defined by another library
  * There is a deadlock while migrating (such as using concurrent
    indexes with a migration_lock)

To fix the first issue, run "mix ecto.create" for the desired MIX_ENV.

To address the second, you can run "mix ecto.drop" followed by
"mix ecto.create", both for the desired MIX_ENV. Alternatively you may
configure Ecto to use another table and/or repository for managing
migrations:

    config :explorer, Explorer.Repo,
      migration_source: "some_other_table_for_schema_migrations",
      migration_repo: AnotherRepoForSchemaMigrations

The full error report is shown below.

2025-09-30T15:20:42.354 application=db_connection [error] Postgrex.Protocol (#PID<0.201.0>) failed to connect: ** (DBConnection.ConnectionError) tcp connect (db:5432): non-existing domain - :nxdomain
2025-09-30T15:20:42.353 application=db_connection [error] Postgrex.Protocol (#PID<0.207.0>) failed to connect: ** (DBConnection.ConnectionError) tcp connect (db:5432): non-existing domain - :nxdomain
2025-09-30T15:20:42.353 application=db_connection [error] Postgrex.Protocol (#PID<0.195.0>) failed to connect: ** (DBConnection.ConnectionError) tcp connect (db:5432): non-existing domain - :nxdomain
2025-09-30T15:20:42.353 application=db_connection [error] Postgrex.Protocol (#PID<0.200.0>) failed to connect: ** (DBConnection.ConnectionError) tcp connect (db:5432): non-existing domain - :nxdomain
2025-09-30T15:20:42.353 application=db_connection [error] Postgrex.Protocol (#PID<0.196.0>) failed to connect: ** (DBConnection.ConnectionError) tcp connect (db:5432): non-existing domain - :nxdomain
2025-09-30T15:20:42.367 [error] :gen_statem #PID<0.207.0> terminating
** (DBConnection.ConnectionError) tcp connect (db:5432): non-existing domain - :nxdomain
    (db_connection 2.8.0) lib/db_connection/connection.ex:104: DBConnection.Connection.handle_event/4
    (stdlib 6.2.2) gen_statem.erl:3737: :gen_statem.loop_state_callback/11
    (stdlib 6.2.2) proc_lib.erl:329: :proc_lib.init_p_do_apply/3
Queue: [internal: {:connect, :init}]
Postponed: []
State: Postgrex.Protocol
Callback mode: :handle_event_function, state_enter: false
2025-09-30T15:20:46.268 application=db_connection [error] Postgrex.Protocol (#PID<0.196.0>) failed to connect: ** (DBConnection.ConnectionError) tcp connect (db:5432): non-existing domain - :nxdomain
2025-09-30T15:20:46.268 application=db_connection [error] Postgrex.Protocol (#PID<0.212.0>) failed to connect: ** (DBConnection.ConnectionError) tcp connect (db:5432): non-existing domain - :nxdomain
2025-09-30T15:20:46.268 application=db_connection [error] Postgrex.Protocol (#PID<0.201.0>) failed to connect: ** (DBConnection.ConnectionError) tcp connect (db:5432): non-existing domain - :nxdomain
2025-09-30T15:20:46.269 application=db_connection [error] Postgrex.Protocol (#PID<0.195.0>) failed to connect: ** (DBConnection.ConnectionError) tcp connect (db:5432): non-existing domain - :nxdomain
2025-09-30T15:20:46.269 application=db_connection [error] Postgrex.Protocol (#PID<0.200.0>) failed to connect: ** (DBConnection.ConnectionError) tcp connect (db:5432): non-existing domain - :nxdomain
2025-09-30T15:20:46.269 [error] :gen_statem #PID<0.212.0> terminating
** (DBConnection.ConnectionError) tcp connect (db:5432): non-existing domain - :nxdomain
    (db_connection 2.8.0) lib/db_connection/connection.ex:104: DBConnection.Connection.handle_event/4
    (stdlib 6.2.2) gen_statem.erl:3737: :gen_statem.loop_state_callback/11
    (stdlib 6.2.2) proc_lib.erl:329: :proc_lib.init_p_do_apply/3
Queue: [internal: {:connect, :init}]
Postponed: []
State: Postgrex.Protocol
Callback mode: :handle_event_function, state_enter: false
2025-09-30T15:20:50.107 application=db_connection [error] Postgrex.Protocol (#PID<0.195.0>) failed to connect: ** (DBConnection.ConnectionError) tcp connect (db:5432): non-existing domain - :nxdomain
2025-09-30T15:20:50.107 application=db_connection [error] Postgrex.Protocol (#PID<0.216.0>) failed to connect: ** (DBConnection.ConnectionError) tcp connect (db:5432): non-existing domain - :nxdomain
2025-09-30T15:20:50.107 application=db_connection [error] Postgrex.Protocol (#PID<0.196.0>) failed to connect: ** (DBConnection.ConnectionError) tcp connect (db:5432): non-existing domain - :nxdomain
2025-09-30T15:20:50.107 [error] :gen_statem #PID<0.216.0> terminating
** (DBConnection.ConnectionError) tcp connect (db:5432): non-existing domain - :nxdomain
    (db_connection 2.8.0) lib/db_connection/connection.ex:104: DBConnection.Connection.handle_event/4
    (stdlib 6.2.2) gen_statem.erl:3737: :gen_statem.loop_state_callback/11
    (stdlib 6.2.2) proc_lib.erl:329: :proc_lib.init_p_do_apply/3
Queue: [internal: {:connect, :init}]
Postponed: []
State: Postgrex.Protocol
Callback mode: :handle_event_function, state_enter: false
2025-09-30T15:20:53.962 application=db_connection [error] Postgrex.Protocol (#PID<0.201.0>) failed to connect: ** (DBConnection.ConnectionError) tcp connect (db:5432): non-existing domain - :nxdomain
2025-09-30T15:20:53.962 application=db_connection [error] Postgrex.Protocol (#PID<0.220.0>) failed to connect: ** (DBConnection.ConnectionError) tcp connect (db:5432): non-existing domain - :nxdomain
2025-09-30T15:20:53.962 application=db_connection [error] Postgrex.Protocol (#PID<0.200.0>) failed to connect: ** (DBConnection.ConnectionError) tcp connect (db:5432): non-existing domain - :nxdomain
2025-09-30T15:20:53.962 [error] :gen_statem #PID<0.220.0> terminating
** (DBConnection.ConnectionError) tcp connect (db:5432): non-existing domain - :nxdomain
    (db_connection 2.8.0) lib/db_connection/connection.ex:104: DBConnection.Connection.handle_event/4
    (stdlib 6.2.2) gen_statem.erl:3737: :gen_statem.loop_state_callback/11
    (stdlib 6.2.2) proc_lib.erl:329: :proc_lib.init_p_do_apply/3
Queue: [internal: {:connect, :init}]
Postponed: []
State: Postgrex.Protocol
Callback mode: :handle_event_function, state_enter: false
2025-09-30T15:20:58.475 application=ecto_sql [error] Could not create schema migrations table. This error usually happens due to the following:

  * The database does not exist
  * The "schema_migrations" table, which Ecto uses for managing
    migrations, was defined by another library
  * There is a deadlock while migrating (such as using concurrent
    indexes with a migration_lock)

To fix the first issue, run "mix ecto.create" for the desired MIX_ENV.

To address the second, you can run "mix ecto.drop" followed by
"mix ecto.create", both for the desired MIX_ENV. Alternatively you may
configure Ecto to use another table and/or repository for managing
migrations:

    config :explorer, Explorer.Repo,
      migration_source: "some_other_table_for_schema_migrations",
      migration_repo: AnotherRepoForSchemaMigrations

The full error report is shown below.

2025-09-30T15:21:08.578 application=db_connection [error] Postgrex.Protocol (#PID<0.201.0>) failed to connect: ** (DBConnection.ConnectionError) tcp connect (db:5432): non-existing domain - :nxdomain
2025-09-30T15:21:08.578 application=db_connection [error] Postgrex.Protocol (#PID<0.207.0>) failed to connect: ** (DBConnection.ConnectionError) tcp connect (db:5432): non-existing domain - :nxdomain
2025-09-30T15:21:08.578 application=db_connection [error] Postgrex.Protocol (#PID<0.200.0>) failed to connect: ** (DBConnection.ConnectionError) tcp connect (db:5432): non-existing domain - :nxdomain
2025-09-30T15:21:08.578 application=db_connection [error] Postgrex.Protocol (#PID<0.195.0>) failed to connect: ** (DBConnection.ConnectionError) tcp connect (db:5432): non-existing domain - :nxdomain
2025-09-30T15:21:08.578 application=db_connection [error] Postgrex.Protocol (#PID<0.196.0>) failed to connect: ** (DBConnection.ConnectionError) tcp connect (db:5432): non-existing domain - :nxdomain
2025-09-30T15:21:08.586 [error] :gen_statem #PID<0.207.0> terminating
** (DBConnection.ConnectionError) tcp connect (db:5432): non-existing domain - :nxdomain
    (db_connection 2.8.0) lib/db_connection/connection.ex:104: DBConnection.Connection.handle_event/4
    (stdlib 6.2.2) gen_statem.erl:3737: :gen_statem.loop_state_callback/11
    (stdlib 6.2.2) proc_lib.erl:329: :proc_lib.init_p_do_apply/3
Queue: [internal: {:connect, :init}]
Postponed: []
State: Postgrex.Protocol
Callback mode: :handle_event_function, state_enter: false
2025-09-30T15:21:11.361 application=db_connection [error] Postgrex.Protocol (#PID<0.195.0>) failed to connect: ** (DBConnection.ConnectionError) tcp connect (db:5432): non-existing domain - :nxdomain
2025-09-30T15:21:11.361 application=db_connection [error] Postgrex.Protocol (#PID<0.212.0>) failed to connect: ** (DBConnection.ConnectionError) tcp connect (db:5432): non-existing domain - :nxdomain
2025-09-30T15:21:11.362 application=db_connection [error] Postgrex.Protocol (#PID<0.200.0>) failed to connect: ** (DBConnection.ConnectionError) tcp connect (db:5432): non-existing domain - :nxdomain
2025-09-30T15:21:11.362 application=db_connection [error] Postgrex.Protocol (#PID<0.196.0>) failed to connect: ** (DBConnection.ConnectionError) tcp connect (db:5432): non-existing domain - :nxdomain
2025-09-30T15:21:11.362 application=db_connection [error] Postgrex.Protocol (#PID<0.201.0>) failed to connect: ** (DBConnection.ConnectionError) tcp connect (db:5432): non-existing domain - :nxdomain
2025-09-30T15:21:11.361 [error] :gen_statem #PID<0.212.0> terminating
** (DBConnection.ConnectionError) tcp connect (db:5432): non-existing domain - :nxdomain
    (db_connection 2.8.0) lib/db_connection/connection.ex:104: DBConnection.Connection.handle_event/4
    (stdlib 6.2.2) gen_statem.erl:3737: :gen_statem.loop_state_callback/11
    (stdlib 6.2.2) proc_lib.erl:329: :proc_lib.init_p_do_apply/3
Queue: [internal: {:connect, :init}]
Postponed: []
State: Postgrex.Protocol
Callback mode: :handle_event_function, state_enter: false
2025-09-30T15:21:15.228 application=db_connection [error] Postgrex.Protocol (#PID<0.195.0>) failed to connect: ** (DBConnection.ConnectionError) tcp connect (db:5432): non-existing domain - :nxdomain
2025-09-30T15:21:15.228 application=db_connection [error] Postgrex.Protocol (#PID<0.216.0>) failed to connect: ** (DBConnection.ConnectionError) tcp connect (db:5432): non-existing domain - :nxdomain
2025-09-30T15:21:15.228 application=db_connection [error] Postgrex.Protocol (#PID<0.200.0>) failed to connect: ** (DBConnection.ConnectionError) tcp connect (db:5432): non-existing domain - :nxdomain
2025-09-30T15:21:15.228 application=db_connection [error] Postgrex.Protocol (#PID<0.196.0>) failed to connect: ** (DBConnection.ConnectionError) tcp connect (db:5432): non-existing domain - :nxdomain
2025-09-30T15:21:15.228 [error] :gen_statem #PID<0.216.0> terminating
** (DBConnection.ConnectionError) tcp connect (db:5432): non-existing domain - :nxdomain
    (db_connection 2.8.0) lib/db_connection/connection.ex:104: DBConnection.Connection.handle_event/4
    (stdlib 6.2.2) gen_statem.erl:3737: :gen_statem.loop_state_callback/11
    (stdlib 6.2.2) proc_lib.erl:329: :proc_lib.init_p_do_apply/3
Queue: [internal: {:connect, :init}]
Postponed: []
State: Postgrex.Protocol
Callback mode: :handle_event_function, state_enter: false
2025-09-30T15:21:19.073 application=db_connection [error] Postgrex.Protocol (#PID<0.220.0>) failed to connect: ** (DBConnection.ConnectionError) tcp connect (db:5432): non-existing domain - :nxdomain
2025-09-30T15:21:19.073 application=db_connection [error] Postgrex.Protocol (#PID<0.201.0>) failed to connect: ** (DBConnection.ConnectionError) tcp connect (db:5432): non-existing domain - :nxdomain
2025-09-30T15:21:19.073 application=db_connection [error] Postgrex.Protocol (#PID<0.195.0>) failed to connect: ** (DBConnection.ConnectionError) tcp connect (db:5432): non-existing domain - :nxdomain
2025-09-30T15:21:19.073 [error] :gen_statem #PID<0.220.0> terminating
** (DBConnection.ConnectionError) tcp connect (db:5432): non-existing domain - :nxdomain
    (db_connection 2.8.0) lib/db_connection/connection.ex:104: DBConnection.Connection.handle_event/4
    (stdlib 6.2.2) gen_statem.erl:3737: :gen_statem.loop_state_callback/11
    (stdlib 6.2.2) proc_lib.erl:329: :proc_lib.init_p_do_apply/3
Queue: [internal: {:connect, :init}]
Postponed: []
State: Postgrex.Protocol
Callback mode: :handle_event_function, state_enter: false
2025-09-30T15:21:23.594 application=ecto_sql [error] Could not create schema migrations table. This error usually happens due to the following:

  * The database does not exist
  * The "schema_migrations" table, which Ecto uses for managing
    migrations, was defined by another library
  * There is a deadlock while migrating (such as using concurrent
    indexes with a migration_lock)

To fix the first issue, run "mix ecto.create" for the desired MIX_ENV.

To address the second, you can run "mix ecto.drop" followed by
"mix ecto.create", both for the desired MIX_ENV. Alternatively you may
configure Ecto to use another table and/or repository for managing
migrations:

    config :explorer, Explorer.Repo,
      migration_source: "some_other_table_for_schema_migrations",
      migration_repo: AnotherRepoForSchemaMigrations

The full error report is shown below.

2025-09-30T15:21:32.575 application=db_connection [error] Postgrex.Protocol (#PID<0.196.0>) failed to connect: ** (DBConnection.ConnectionError) tcp connect (db:5432): non-existing domain - :nxdomain
2025-09-30T15:21:32.575 application=db_connection [error] Postgrex.Protocol (#PID<0.195.0>) failed to connect: ** (DBConnection.ConnectionError) tcp connect (db:5432): non-existing domain - :nxdomain
2025-09-30T15:21:32.575 application=db_connection [error] Postgrex.Protocol (#PID<0.200.0>) failed to connect: ** (DBConnection.ConnectionError) tcp connect (db:5432): non-existing domain - :nxdomain
2025-09-30T15:21:32.575 application=db_connection [error] Postgrex.Protocol (#PID<0.207.0>) failed to connect: ** (DBConnection.ConnectionError) tcp connect (db:5432): non-existing domain - :nxdomain
2025-09-30T15:21:32.575 application=db_connection [error] Postgrex.Protocol (#PID<0.201.0>) failed to connect: ** (DBConnection.ConnectionError) tcp connect (db:5432): non-existing domain - :nxdomain
2025-09-30T15:21:32.584 [error] :gen_statem #PID<0.207.0> terminating
** (DBConnection.ConnectionError) tcp connect (db:5432): non-existing domain - :nxdomain
    (db_connection 2.8.0) lib/db_connection/connection.ex:104: DBConnection.Connection.handle_event/4
    (stdlib 6.2.2) gen_statem.erl:3737: :gen_statem.loop_state_callback/11
    (stdlib 6.2.2) proc_lib.erl:329: :proc_lib.init_p_do_apply/3
Queue: [internal: {:connect, :init}]
Postponed: []
State: Postgrex.Protocol
Callback mode: :handle_event_function, state_enter: false
2025-09-30T15:21:36.442 application=db_connection [error] Postgrex.Protocol (#PID<0.212.0>) failed to connect: ** (DBConnection.ConnectionError) tcp connect (db:5432): non-existing domain - :nxdomain
2025-09-30T15:21:36.442 application=db_connection [error] Postgrex.Protocol (#PID<0.195.0>) failed to connect: ** (DBConnection.ConnectionError) tcp connect (db:5432): non-existing domain - :nxdomain
2025-09-30T15:21:36.442 application=db_connection [error] Postgrex.Protocol (#PID<0.196.0>) failed to connect: ** (DBConnection.ConnectionError) tcp connect (db:5432): non-existing domain - :nxdomain
2025-09-30T15:21:36.443 application=db_connection [error] Postgrex.Protocol (#PID<0.201.0>) failed to connect: ** (DBConnection.ConnectionError) tcp connect (db:5432): non-existing domain - :nxdomain
2025-09-30T15:21:36.443 application=db_connection [error] Postgrex.Protocol (#PID<0.200.0>) failed to connect: ** (DBConnection.ConnectionError) tcp connect (db:5432): non-existing domain - :nxdomain
2025-09-30T15:21:36.442 [error] :gen_statem #PID<0.212.0> terminating
** (DBConnection.ConnectionError) tcp connect (db:5432): non-existing domain - :nxdomain
    (db_connection 2.8.0) lib/db_connection/connection.ex:104: DBConnection.Connection.handle_event/4
    (stdlib 6.2.2) gen_statem.erl:3737: :gen_statem.loop_state_callback/11
    (stdlib 6.2.2) proc_lib.erl:329: :proc_lib.init_p_do_apply/3
Queue: [internal: {:connect, :init}]
Postponed: []
State: Postgrex.Protocol
Callback mode: :handle_event_function, state_enter: false
2025-09-30T15:21:39.212 application=db_connection [error] Postgrex.Protocol (#PID<0.201.0>) failed to connect: ** (DBConnection.ConnectionError) tcp connect (db:5432): non-existing domain - :nxdomain
2025-09-30T15:21:39.212 application=db_connection [error] Postgrex.Protocol (#PID<0.200.0>) failed to connect: ** (DBConnection.ConnectionError) tcp connect (db:5432): non-existing domain - :nxdomain
2025-09-30T15:21:39.213 application=db_connection [error] Postgrex.Protocol (#PID<0.216.0>) failed to connect: ** (DBConnection.ConnectionError) tcp connect (db:5432): non-existing domain - :nxdomain
2025-09-30T15:21:39.213 [error] :gen_statem #PID<0.216.0> terminating
** (DBConnection.ConnectionError) tcp connect (db:5432): non-existing domain - :nxdomain
    (db_connection 2.8.0) lib/db_connection/connection.ex:104: DBConnection.Connection.handle_event/4
    (stdlib 6.2.2) gen_statem.erl:3737: :gen_statem.loop_state_callback/11
    (stdlib 6.2.2) proc_lib.erl:329: :proc_lib.init_p_do_apply/3
Queue: [internal: {:connect, :init}]
Postponed: []
State: Postgrex.Protocol
Callback mode: :handle_event_function, state_enter: false
2025-09-30T15:21:43.046 application=db_connection [error] Postgrex.Protocol (#PID<0.220.0>) failed to connect: ** (DBConnection.ConnectionError) tcp connect (db:5432): non-existing domain - :nxdomain
2025-09-30T15:21:43.047 application=db_connection [error] Postgrex.Protocol (#PID<0.196.0>) failed to connect: ** (DBConnection.ConnectionError) tcp connect (db:5432): non-existing domain - :nxdomain
2025-09-30T15:21:43.047 application=db_connection [error] Postgrex.Protocol (#PID<0.195.0>) failed to connect: ** (DBConnection.ConnectionError) tcp connect (db:5432): non-existing domain - :nxdomain
2025-09-30T15:21:43.046 [error] :gen_statem #PID<0.220.0> terminating
** (DBConnection.ConnectionError) tcp connect (db:5432): non-existing domain - :nxdomain
    (db_connection 2.8.0) lib/db_connection/connection.ex:104: DBConnection.Connection.handle_event/4
    (stdlib 6.2.2) gen_statem.erl:3737: :gen_statem.loop_state_callback/11
    (stdlib 6.2.2) proc_lib.erl:329: :proc_lib.init_p_do_apply/3
Queue: [internal: {:connect, :init}]
Postponed: []
State: Postgrex.Protocol
Callback mode: :handle_event_function, state_enter: false
2025-09-30T15:21:47.621 application=ecto_sql [error] Could not create schema migrations table. This error usually happens due to the following:

  * The database does not exist
  * The "schema_migrations" table, which Ecto uses for managing
    migrations, was defined by another library
  * There is a deadlock while migrating (such as using concurrent
    indexes with a migration_lock)

To fix the first issue, run "mix ecto.create" for the desired MIX_ENV.

To address the second, you can run "mix ecto.drop" followed by
"mix ecto.create", both for the desired MIX_ENV. Alternatively you may
configure Ecto to use another table and/or repository for managing
migrations:

    config :explorer, Explorer.Repo,
      migration_source: "some_other_table_for_schema_migrations",
      migration_repo: AnotherRepoForSchemaMigrations

The full error report is shown below.

2025-09-30T15:21:58.018 application=db_connection [error] Postgrex.Protocol (#PID<0.200.0>) failed to connect: ** (DBConnection.ConnectionError) tcp connect (db:5432): non-existing domain - :nxdomain
2025-09-30T15:21:58.018 application=db_connection [error] Postgrex.Protocol (#PID<0.196.0>) failed to connect: ** (DBConnection.ConnectionError) tcp connect (db:5432): non-existing domain - :nxdomain
2025-09-30T15:21:58.018 application=db_connection [error] Postgrex.Protocol (#PID<0.201.0>) failed to connect: ** (DBConnection.ConnectionError) tcp connect (db:5432): non-existing domain - :nxdomain
2025-09-30T15:21:58.018 application=db_connection [error] Postgrex.Protocol (#PID<0.207.0>) failed to connect: ** (DBConnection.ConnectionError) tcp connect (db:5432): non-existing domain - :nxdomain
2025-09-30T15:21:58.018 application=db_connection [error] Postgrex.Protocol (#PID<0.195.0>) failed to connect: ** (DBConnection.ConnectionError) tcp connect (db:5432): non-existing domain - :nxdomain
2025-09-30T15:21:58.028 [error] :gen_statem #PID<0.207.0> terminating
** (DBConnection.ConnectionError) tcp connect (db:5432): non-existing domain - :nxdomain
    (db_connection 2.8.0) lib/db_connection/connection.ex:104: DBConnection.Connection.handle_event/4
    (stdlib 6.2.2) gen_statem.erl:3737: :gen_statem.loop_state_callback/11
    (stdlib 6.2.2) proc_lib.erl:329: :proc_lib.init_p_do_apply/3
Queue: [internal: {:connect, :init}]
Postponed: []
State: Postgrex.Protocol
Callback mode: :handle_event_function, state_enter: false
2025-09-30T15:22:01.901 application=db_connection [error] Postgrex.Protocol (#PID<0.212.0>) failed to connect: ** (DBConnection.ConnectionError) tcp connect (db:5432): non-existing domain - :nxdomain
2025-09-30T15:22:01.901 application=db_connection [error] Postgrex.Protocol (#PID<0.195.0>) failed to connect: ** (DBConnection.ConnectionError) tcp connect (db:5432): non-existing domain - :nxdomain
2025-09-30T15:22:01.901 application=db_connection [error] Postgrex.Protocol (#PID<0.200.0>) failed to connect: ** (DBConnection.ConnectionError) tcp connect (db:5432): non-existing domain - :nxdomain
2025-09-30T15:22:01.901 application=db_connection [error] Postgrex.Protocol (#PID<0.201.0>) failed to connect: ** (DBConnection.ConnectionError) tcp connect (db:5432): non-existing domain - :nxdomain
2025-09-30T15:22:01.901 application=db_connection [error] Postgrex.Protocol (#PID<0.196.0>) failed to connect: ** (DBConnection.ConnectionError) tcp connect (db:5432): non-existing domain - :nxdomain
2025-09-30T15:22:01.901 [error] :gen_statem #PID<0.212.0> terminating
** (DBConnection.ConnectionError) tcp connect (db:5432): non-existing domain - :nxdomain
    (db_connection 2.8.0) lib/db_connection/connection.ex:104: DBConnection.Connection.handle_event/4
    (stdlib 6.2.2) gen_statem.erl:3737: :gen_statem.loop_state_callback/11
    (stdlib 6.2.2) proc_lib.erl:329: :proc_lib.init_p_do_apply/3
Queue: [internal: {:connect, :init}]
Postponed: []
State: Postgrex.Protocol
Callback mode: :handle_event_function, state_enter: false
2025-09-30T15:22:05.756 application=db_connection [error] Postgrex.Protocol (#PID<0.195.0>) failed to connect: ** (DBConnection.ConnectionError) tcp connect (db:5432): non-existing domain - :nxdomain
2025-09-30T15:22:05.756 application=db_connection [error] Postgrex.Protocol (#PID<0.216.0>) failed to connect: ** (DBConnection.ConnectionError) tcp connect (db:5432): non-existing domain - :nxdomain
2025-09-30T15:22:05.756 application=db_connection [error] Postgrex.Protocol (#PID<0.201.0>) failed to connect: ** (DBConnection.ConnectionError) tcp connect (db:5432): non-existing domain - :nxdomain
2025-09-30T15:22:05.756 [error] :gen_statem #PID<0.216.0> terminating
** (DBConnection.ConnectionError) tcp connect (db:5432): non-existing domain - :nxdomain
    (db_connection 2.8.0) lib/db_connection/connection.ex:104: DBConnection.Connection.handle_event/4
    (stdlib 6.2.2) gen_statem.erl:3737: :gen_statem.loop_state_callback/11
    (stdlib 6.2.2) proc_lib.erl:329: :proc_lib.init_p_do_apply/3
Queue: [internal: {:connect, :init}]
Postponed: []
State: Postgrex.Protocol
Callback mode: :handle_event_function, state_enter: false
2025-09-30T15:22:08.506 application=db_connection [error] Postgrex.Protocol (#PID<0.200.0>) failed to connect: ** (DBConnection.ConnectionError) tcp connect (db:5432): non-existing domain - :nxdomain
2025-09-30T15:22:08.506 application=db_connection [error] Postgrex.Protocol (#PID<0.220.0>) failed to connect: ** (DBConnection.ConnectionError) tcp connect (db:5432): non-existing domain - :nxdomain
2025-09-30T15:22:08.506 [error] :gen_statem #PID<0.220.0> terminating
** (DBConnection.ConnectionError) tcp connect (db:5432): non-existing domain - :nxdomain
    (db_connection 2.8.0) lib/db_connection/connection.ex:104: DBConnection.Connection.handle_event/4
    (stdlib 6.2.2) gen_statem.erl:3737: :gen_statem.loop_state_callback/11
    (stdlib 6.2.2) proc_lib.erl:329: :proc_lib.init_p_do_apply/3
Queue: [internal: {:connect, :init}]
Postponed: []
State: Postgrex.Protocol
Callback mode: :handle_event_function, state_enter: false
2025-09-30T15:22:12.382 application=db_connection [error] Postgrex.Protocol (#PID<0.195.0>) failed to connect: ** (DBConnection.ConnectionError) tcp connect (db:5432): non-existing domain - :nxdomain
2025-09-30T15:22:12.382 application=db_connection [error] Postgrex.Protocol (#PID<0.196.0>) failed to connect: ** (DBConnection.ConnectionError) tcp connect (db:5432): non-existing domain - :nxdomain
2025-09-30T15:22:13.034 application=ecto_sql [error] Could not create schema migrations table. This error usually happens due to the following:

  * The database does not exist
  * The "schema_migrations" table, which Ecto uses for managing
    migrations, was defined by another library
  * There is a deadlock while migrating (such as using concurrent
    indexes with a migration_lock)

To fix the first issue, run "mix ecto.create" for the desired MIX_ENV.

To address the second, you can run "mix ecto.drop" followed by
"mix ecto.create", both for the desired MIX_ENV. Alternatively you may
configure Ecto to use another table and/or repository for managing
migrations:

    config :explorer, Explorer.Repo,
      migration_source: "some_other_table_for_schema_migrations",
      migration_repo: AnotherRepoForSchemaMigrations

The full error report is shown below.

2025-09-30T15:22:22.695 application=db_connection [error] Postgrex.Protocol (#PID<0.200.0>) failed to connect: ** (DBConnection.ConnectionError) tcp connect (db:5432): non-existing domain - :nxdomain
2025-09-30T15:22:22.695 application=db_connection [error] Postgrex.Protocol (#PID<0.195.0>) failed to connect: ** (DBConnection.ConnectionError) tcp connect (db:5432): non-existing domain - :nxdomain
2025-09-30T15:22:22.695 application=db_connection [error] Postgrex.Protocol (#PID<0.207.0>) failed to connect: ** (DBConnection.ConnectionError) tcp connect (db:5432): non-existing domain - :nxdomain
2025-09-30T15:22:22.695 application=db_connection [error] Postgrex.Protocol (#PID<0.196.0>) failed to connect: ** (DBConnection.ConnectionError) tcp connect (db:5432): non-existing domain - :nxdomain
2025-09-30T15:22:22.695 application=db_connection [error] Postgrex.Protocol (#PID<0.201.0>) failed to connect: ** (DBConnection.ConnectionError) tcp connect (db:5432): non-existing domain - :nxdomain
2025-09-30T15:22:22.705 [error] :gen_statem #PID<0.207.0> terminating
** (DBConnection.ConnectionError) tcp connect (db:5432): non-existing domain - :nxdomain
    (db_connection 2.8.0) lib/db_connection/connection.ex:104: DBConnection.Connection.handle_event/4
    (stdlib 6.2.2) gen_statem.erl:3737: :gen_statem.loop_state_callback/11
    (stdlib 6.2.2) proc_lib.erl:329: :proc_lib.init_p_do_apply/3
Queue: [internal: {:connect, :init}]
Postponed: []
State: Postgrex.Protocol
Callback mode: :handle_event_function, state_enter: false
2025-09-30T15:22:26.574 application=db_connection [error] Postgrex.Protocol (#PID<0.195.0>) failed to connect: ** (DBConnection.ConnectionError) tcp connect (db:5432): non-existing domain - :nxdomain
2025-09-30T15:22:26.574 application=db_connection [error] Postgrex.Protocol (#PID<0.212.0>) failed to connect: ** (DBConnection.ConnectionError) tcp connect (db:5432): non-existing domain - :nxdomain
2025-09-30T15:22:26.575 application=db_connection [error] Postgrex.Protocol (#PID<0.201.0>) failed to connect: ** (DBConnection.ConnectionError) tcp connect (db:5432): non-existing domain - :nxdomain
2025-09-30T15:22:26.575 application=db_connection [error] Postgrex.Protocol (#PID<0.196.0>) failed to connect: ** (DBConnection.ConnectionError) tcp connect (db:5432): non-existing domain - :nxdomain
2025-09-30T15:22:26.575 application=db_connection [error] Postgrex.Protocol (#PID<0.200.0>) failed to connect: ** (DBConnection.ConnectionError) tcp connect (db:5432): non-existing domain - :nxdomain
2025-09-30T15:22:26.575 [error] :gen_statem #PID<0.212.0> terminating
** (DBConnection.ConnectionError) tcp connect (db:5432): non-existing domain - :nxdomain
    (db_connection 2.8.0) lib/db_connection/connection.ex:104: DBConnection.Connection.handle_event/4
    (stdlib 6.2.2) gen_statem.erl:3737: :gen_statem.loop_state_callback/11
    (stdlib 6.2.2) proc_lib.erl:329: :proc_lib.init_p_do_apply/3
Queue: [internal: {:connect, :init}]
Postponed: []
State: Postgrex.Protocol
Callback mode: :handle_event_function, state_enter: false
2025-09-30T15:22:30.447 application=db_connection [error] Postgrex.Protocol (#PID<0.196.0>) failed to connect: ** (DBConnection.ConnectionError) tcp connect (db:5432): non-existing domain - :nxdomain
2025-09-30T15:22:30.447 application=db_connection [error] Postgrex.Protocol (#PID<0.216.0>) failed to connect: ** (DBConnection.ConnectionError) tcp connect (db:5432): non-existing domain - :nxdomain
2025-09-30T15:22:30.447 application=db_connection [error] Postgrex.Protocol (#PID<0.195.0>) failed to connect: ** (DBConnection.ConnectionError) tcp connect (db:5432): non-existing domain - :nxdomain
2025-09-30T15:22:30.447 application=db_connection [error] Postgrex.Protocol (#PID<0.200.0>) failed to connect: ** (DBConnection.ConnectionError) tcp connect (db:5432): non-existing domain - :nxdomain
2025-09-30T15:22:30.447 application=db_connection [error] Postgrex.Protocol (#PID<0.201.0>) failed to connect: ** (DBConnection.ConnectionError) tcp connect (db:5432): non-existing domain - :nxdomain
2025-09-30T15:22:30.447 [error] :gen_statem #PID<0.216.0> terminating
** (DBConnection.ConnectionError) tcp connect (db:5432): non-existing domain - :nxdomain
    (db_connection 2.8.0) lib/db_connection/connection.ex:104: DBConnection.Connection.handle_event/4
    (stdlib 6.2.2) gen_statem.erl:3737: :gen_statem.loop_state_callback/11
    (stdlib 6.2.2) proc_lib.erl:329: :proc_lib.init_p_do_apply/3
Queue: [internal: {:connect, :init}]
Postponed: []
State: Postgrex.Protocol
Callback mode: :handle_event_function, state_enter: false
2025-09-30T15:22:34.282 application=db_connection [error] Postgrex.Protocol (#PID<0.220.0>) failed to connect: ** (DBConnection.ConnectionError) tcp connect (db:5432): non-existing domain - :nxdomain
2025-09-30T15:22:34.282 [error] :gen_statem #PID<0.220.0> terminating
** (DBConnection.ConnectionError) tcp connect (db:5432): non-existing domain - :nxdomain
    (db_connection 2.8.0) lib/db_connection/connection.ex:104: DBConnection.Connection.handle_event/4
    (stdlib 6.2.2) gen_statem.erl:3737: :gen_statem.loop_state_callback/11
    (stdlib 6.2.2) proc_lib.erl:329: :proc_lib.init_p_do_apply/3
Queue: [internal: {:connect, :init}]
Postponed: []
State: Postgrex.Protocol
Callback mode: :handle_event_function, state_enter: false
2025-09-30T15:22:37.674 application=ecto_sql [error] Could not create schema migrations table. This error usually happens due to the following:

  * The database does not exist
  * The "schema_migrations" table, which Ecto uses for managing
    migrations, was defined by another library
  * There is a deadlock while migrating (such as using concurrent
    indexes with a migration_lock)

To fix the first issue, run "mix ecto.create" for the desired MIX_ENV.

To address the second, you can run "mix ecto.drop" followed by
"mix ecto.create", both for the desired MIX_ENV. Alternatively you may
configure Ecto to use another table and/or repository for managing
migrations:

    config :explorer, Explorer.Repo,
      migration_source: "some_other_table_for_schema_migrations",
      migration_repo: AnotherRepoForSchemaMigrations

The full error report is shown below.

2025-09-30T15:22:48.733 application=db_connection [error] Postgrex.Protocol (#PID<0.201.0>) failed to connect: ** (DBConnection.ConnectionError) tcp connect (db:5432): non-existing domain - :nxdomain
2025-09-30T15:22:48.734 application=db_connection [error] Postgrex.Protocol (#PID<0.207.0>) failed to connect: ** (DBConnection.ConnectionError) tcp connect (db:5432): non-existing domain - :nxdomain
2025-09-30T15:22:48.733 application=db_connection [error] Postgrex.Protocol (#PID<0.196.0>) failed to connect: ** (DBConnection.ConnectionError) tcp connect (db:5432): non-existing domain - :nxdomain
2025-09-30T15:22:48.733 application=db_connection [error] Postgrex.Protocol (#PID<0.195.0>) failed to connect: ** (DBConnection.ConnectionError) tcp connect (db:5432): non-existing domain - :nxdomain
2025-09-30T15:22:48.733 application=db_connection [error] Postgrex.Protocol (#PID<0.200.0>) failed to connect: ** (DBConnection.ConnectionError) tcp connect (db:5432): non-existing domain - :nxdomain
2025-09-30T15:22:48.746 [error] :gen_statem #PID<0.207.0> terminating
** (DBConnection.ConnectionError) tcp connect (db:5432): non-existing domain - :nxdomain
    (db_connection 2.8.0) lib/db_connection/connection.ex:104: DBConnection.Connection.handle_event/4
    (stdlib 6.2.2) gen_statem.erl:3737: :gen_statem.loop_state_callback/11
    (stdlib 6.2.2) proc_lib.erl:329: :proc_lib.init_p_do_apply/3
Queue: [internal: {:connect, :init}]
Postponed: []
State: Postgrex.Protocol
Callback mode: :handle_event_function, state_enter: false
2025-09-30T15:22:52.633 application=db_connection [error] Postgrex.Protocol (#PID<0.212.0>) failed to connect: ** (DBConnection.ConnectionError) tcp connect (db:5432): non-existing domain - :nxdomain
2025-09-30T15:22:52.633 application=db_connection [error] Postgrex.Protocol (#PID<0.201.0>) failed to connect: ** (DBConnection.ConnectionError) tcp connect (db:5432): non-existing domain - :nxdomain
2025-09-30T15:22:52.634 application=db_connection [error] Postgrex.Protocol (#PID<0.196.0>) failed to connect: ** (DBConnection.ConnectionError) tcp connect (db:5432): non-existing domain - :nxdomain
2025-09-30T15:22:52.634 application=db_connection [error] Postgrex.Protocol (#PID<0.195.0>) failed to connect: ** (DBConnection.ConnectionError) tcp connect (db:5432): non-existing domain - :nxdomain
2025-09-30T15:22:52.634 application=db_connection [error] Postgrex.Protocol (#PID<0.200.0>) failed to connect: ** (DBConnection.ConnectionError) tcp connect (db:5432): non-existing domain - :nxdomain
2025-09-30T15:22:52.633 [error] :gen_statem #PID<0.212.0> terminating
** (DBConnection.ConnectionError) tcp connect (db:5432): non-existing domain - :nxdomain
    (db_connection 2.8.0) lib/db_connection/connection.ex:104: DBConnection.Connection.handle_event/4
    (stdlib 6.2.2) gen_statem.erl:3737: :gen_statem.loop_state_callback/11
    (stdlib 6.2.2) proc_lib.erl:329: :proc_lib.init_p_do_apply/3
Queue: [internal: {:connect, :init}]
Postponed: []
State: Postgrex.Protocol
Callback mode: :handle_event_function, state_enter: false
2025-09-30T15:22:56.485 application=db_connection [error] Postgrex.Protocol (#PID<0.216.0>) failed to connect: ** (DBConnection.ConnectionError) tcp connect (db:5432): non-existing domain - :nxdomain
2025-09-30T15:22:56.486 application=db_connection [error] Postgrex.Protocol (#PID<0.201.0>) failed to connect: ** (DBConnection.ConnectionError) tcp connect (db:5432): non-existing domain - :nxdomain
2025-09-30T15:22:56.486 application=db_connection [error] Postgrex.Protocol (#PID<0.195.0>) failed to connect: ** (DBConnection.ConnectionError) tcp connect (db:5432): non-existing domain - :nxdomain
2025-09-30T15:22:56.485 [error] :gen_statem #PID<0.216.0> terminating
** (DBConnection.ConnectionError) tcp connect (db:5432): non-existing domain - :nxdomain
    (db_connection 2.8.0) lib/db_connection/connection.ex:104: DBConnection.Connection.handle_event/4
    (stdlib 6.2.2) gen_statem.erl:3737: :gen_statem.loop_state_callback/11
    (stdlib 6.2.2) proc_lib.erl:329: :proc_lib.init_p_do_apply/3
Queue: [internal: {:connect, :init}]
Postponed: []
State: Postgrex.Protocol
Callback mode: :handle_event_function, state_enter: false
2025-09-30T15:23:00.436 application=db_connection [error] Postgrex.Protocol (#PID<0.220.0>) failed to connect: ** (DBConnection.ConnectionError) tcp connect (db:5432): non-existing domain - :nxdomain
2025-09-30T15:23:00.438 application=db_connection [error] Postgrex.Protocol (#PID<0.196.0>) failed to connect: ** (DBConnection.ConnectionError) tcp connect (db:5432): non-existing domain - :nxdomain
2025-09-30T15:23:00.439 application=db_connection [error] Postgrex.Protocol (#PID<0.200.0>) failed to connect: ** (DBConnection.ConnectionError) tcp connect (db:5432): non-existing domain - :nxdomain
2025-09-30T15:23:00.436 [error] :gen_statem #PID<0.220.0> terminating
** (DBConnection.ConnectionError) tcp connect (db:5432): non-existing domain - :nxdomain
    (db_connection 2.8.0) lib/db_connection/connection.ex:104: DBConnection.Connection.handle_event/4
    (stdlib 6.2.2) gen_statem.erl:3737: :gen_statem.loop_state_callback/11
    (stdlib 6.2.2) proc_lib.erl:329: :proc_lib.init_p_do_apply/3
Queue: [internal: {:connect, :init}]
Postponed: []
State: Postgrex.Protocol
Callback mode: :handle_event_function, state_enter: false
2025-09-30T15:23:04.858 application=ecto_sql [error] Could not create schema migrations table. This error usually happens due to the following:

  * The database does not exist
  * The "schema_migrations" table, which Ecto uses for managing
    migrations, was defined by another library
  * There is a deadlock while migrating (such as using concurrent
    indexes with a migration_lock)

To fix the first issue, run "mix ecto.create" for the desired MIX_ENV.

To address the second, you can run "mix ecto.drop" followed by
"mix ecto.create", both for the desired MIX_ENV. Alternatively you may
configure Ecto to use another table and/or repository for managing
migrations:

    config :explorer, Explorer.Repo,
      migration_source: "some_other_table_for_schema_migrations",
      migration_repo: AnotherRepoForSchemaMigrations

The full error report is shown below.

2025-09-30T15:23:16.946 application=db_connection [error] Postgrex.Protocol (#PID<0.195.0>) failed to connect: ** (DBConnection.ConnectionError) tcp connect (db:5432): non-existing domain - :nxdomain
2025-09-30T15:23:16.946 application=db_connection [error] Postgrex.Protocol (#PID<0.196.0>) failed to connect: ** (DBConnection.ConnectionError) tcp connect (db:5432): non-existing domain - :nxdomain
2025-09-30T15:23:16.946 application=db_connection [error] Postgrex.Protocol (#PID<0.201.0>) failed to connect: ** (DBConnection.ConnectionError) tcp connect (db:5432): non-existing domain - :nxdomain
2025-09-30T15:23:16.946 application=db_connection [error] Postgrex.Protocol (#PID<0.200.0>) failed to connect: ** (DBConnection.ConnectionError) tcp connect (db:5432): non-existing domain - :nxdomain
2025-09-30T15:23:16.946 application=db_connection [error] Postgrex.Protocol (#PID<0.207.0>) failed to connect: ** (DBConnection.ConnectionError) tcp connect (db:5432): non-existing domain - :nxdomain
2025-09-30T15:23:16.954 [error] :gen_statem #PID<0.207.0> terminating
** (DBConnection.ConnectionError) tcp connect (db:5432): non-existing domain - :nxdomain
    (db_connection 2.8.0) lib/db_connection/connection.ex:104: DBConnection.Connection.handle_event/4
    (stdlib 6.2.2) gen_statem.erl:3737: :gen_statem.loop_state_callback/11
    (stdlib 6.2.2) proc_lib.erl:329: :proc_lib.init_p_do_apply/3
Queue: [internal: {:connect, :init}]
Postponed: []
State: Postgrex.Protocol
Callback mode: :handle_event_function, state_enter: false
2025-09-30T15:23:20.830 application=db_connection [error] Postgrex.Protocol (#PID<0.200.0>) failed to connect: ** (DBConnection.ConnectionError) tcp connect (db:5432): non-existing domain - :nxdomain
2025-09-30T15:23:20.830 application=db_connection [error] Postgrex.Protocol (#PID<0.195.0>) failed to connect: ** (DBConnection.ConnectionError) tcp connect (db:5432): non-existing domain - :nxdomain
2025-09-30T15:23:20.830 application=db_connection [error] Postgrex.Protocol (#PID<0.212.0>) failed to connect: ** (DBConnection.ConnectionError) tcp connect (db:5432): non-existing domain - :nxdomain
2025-09-30T15:23:20.830 [error] :gen_statem #PID<0.212.0> terminating
** (DBConnection.ConnectionError) tcp connect (db:5432): non-existing domain - :nxdomain
    (db_connection 2.8.0) lib/db_connection/connection.ex:104: DBConnection.Connection.handle_event/4
    (stdlib 6.2.2) gen_statem.erl:3737: :gen_statem.loop_state_callback/11
    (stdlib 6.2.2) proc_lib.erl:329: :proc_lib.init_p_do_apply/3
Queue: [internal: {:connect, :init}]
Postponed: []
State: Postgrex.Protocol
Callback mode: :handle_event_function, state_enter: false
2025-09-30T15:23:20.832 application=db_connection [error] Postgrex.Protocol (#PID<0.196.0>) failed to connect: ** (DBConnection.ConnectionError) tcp connect (db:5432): non-existing domain - :nxdomain
2025-09-30T15:23:20.832 application=db_connection [error] Postgrex.Protocol (#PID<0.201.0>) failed to connect: ** (DBConnection.ConnectionError) tcp connect (db:5432): non-existing domain - :nxdomain
2025-09-30T15:23:24.691 application=db_connection [error] Postgrex.Protocol (#PID<0.216.0>) failed to connect: ** (DBConnection.ConnectionError) tcp connect (db:5432): non-existing domain - :nxdomain
2025-09-30T15:23:24.692 application=db_connection [error] Postgrex.Protocol (#PID<0.200.0>) failed to connect: ** (DBConnection.ConnectionError) tcp connect (db:5432): non-existing domain - :nxdomain
2025-09-30T15:23:24.692 application=db_connection [error] Postgrex.Protocol (#PID<0.196.0>) failed to connect: ** (DBConnection.ConnectionError) tcp connect (db:5432): non-existing domain - :nxdomain
2025-09-30T15:23:24.691 [error] :gen_statem #PID<0.216.0> terminating
** (DBConnection.ConnectionError) tcp connect (db:5432): non-existing domain - :nxdomain
    (db_connection 2.8.0) lib/db_connection/connection.ex:104: DBConnection.Connection.handle_event/4
    (stdlib 6.2.2) gen_statem.erl:3737: :gen_statem.loop_state_callback/11
    (stdlib 6.2.2) proc_lib.erl:329: :proc_lib.init_p_do_apply/3
Queue: [internal: {:connect, :init}]
Postponed: []
State: Postgrex.Protocol
Callback mode: :handle_event_function, state_enter: false
2025-09-30T15:23:28.565 application=db_connection [error] Postgrex.Protocol (#PID<0.195.0>) failed to connect: ** (DBConnection.ConnectionError) tcp connect (db:5432): non-existing domain - :nxdomain
2025-09-30T15:23:28.565 application=db_connection [error] Postgrex.Protocol (#PID<0.220.0>) failed to connect: ** (DBConnection.ConnectionError) tcp connect (db:5432): non-existing domain - :nxdomain
2025-09-30T15:23:28.565 [error] :gen_statem #PID<0.220.0> terminating
** (DBConnection.ConnectionError) tcp connect (db:5432): non-existing domain - :nxdomain
    (db_connection 2.8.0) lib/db_connection/connection.ex:104: DBConnection.Connection.handle_event/4
    (stdlib 6.2.2) gen_statem.erl:3737: :gen_statem.loop_state_callback/11
    (stdlib 6.2.2) proc_lib.erl:329: :proc_lib.init_p_do_apply/3
Queue: [internal: {:connect, :init}]
Postponed: []
State: Postgrex.Protocol
Callback mode: :handle_event_function, state_enter: false
2025-09-30T15:23:32.693 application=db_connection [error] Postgrex.Protocol (#PID<0.201.0>) failed to connect: ** (DBConnection.ConnectionError) tcp connect (db:5432): non-existing domain - :nxdomain
2025-09-30T15:23:32.693 application=db_connection [error] Postgrex.Protocol (#PID<0.196.0>) failed to connect: ** (DBConnection.ConnectionError) tcp connect (db:5432): non-existing domain - :nxdomain
2025-09-30T15:23:32.693 application=db_connection [error] Postgrex.Protocol (#PID<0.200.0>) failed to connect: ** (DBConnection.ConnectionError) tcp connect (db:5432): non-existing domain - :nxdomain
2025-09-30T15:23:33.044 application=ecto_sql [error] Could not create schema migrations table. This error usually happens due to the following:

  * The database does not exist
  * The "schema_migrations" table, which Ecto uses for managing
    migrations, was defined by another library
  * There is a deadlock while migrating (such as using concurrent
    indexes with a migration_lock)

To fix the first issue, run "mix ecto.create" for the desired MIX_ENV.

To address the second, you can run "mix ecto.drop" followed by
"mix ecto.create", both for the desired MIX_ENV. Alternatively you may
configure Ecto to use another table and/or repository for managing
migrations:

    config :explorer, Explorer.Repo,
      migration_source: "some_other_table_for_schema_migrations",
      migration_repo: AnotherRepoForSchemaMigrations

The full error report is shown below.

2025-09-30T15:23:42.574 application=db_connection [error] Postgrex.Protocol (#PID<0.207.0>) failed to connect: ** (DBConnection.ConnectionError) tcp connect (db:5432): non-existing domain - :nxdomain
2025-09-30T15:23:42.574 application=db_connection [error] Postgrex.Protocol (#PID<0.195.0>) failed to connect: ** (DBConnection.ConnectionError) tcp connect (db:5432): non-existing domain - :nxdomain
2025-09-30T15:23:42.574 application=db_connection [error] Postgrex.Protocol (#PID<0.201.0>) failed to connect: ** (DBConnection.ConnectionError) tcp connect (db:5432): non-existing domain - :nxdomain
2025-09-30T15:23:42.574 application=db_connection [error] Postgrex.Protocol (#PID<0.200.0>) failed to connect: ** (DBConnection.ConnectionError) tcp connect (db:5432): non-existing domain - :nxdomain
2025-09-30T15:23:42.574 application=db_connection [error] Postgrex.Protocol (#PID<0.196.0>) failed to connect: ** (DBConnection.ConnectionError) tcp connect (db:5432): non-existing domain - :nxdomain
2025-09-30T15:23:42.586 [error] :gen_statem #PID<0.207.0> terminating
** (DBConnection.ConnectionError) tcp connect (db:5432): non-existing domain - :nxdomain
    (db_connection 2.8.0) lib/db_connection/connection.ex:104: DBConnection.Connection.handle_event/4
    (stdlib 6.2.2) gen_statem.erl:3737: :gen_statem.loop_state_callback/11
    (stdlib 6.2.2) proc_lib.erl:329: :proc_lib.init_p_do_apply/3
Queue: [internal: {:connect, :init}]
Postponed: []
State: Postgrex.Protocol
Callback mode: :handle_event_function, state_enter: false
2025-09-30T15:23:46.489 application=db_connection [error] Postgrex.Protocol (#PID<0.212.0>) failed to connect: ** (DBConnection.ConnectionError) tcp connect (db:5432): non-existing domain - :nxdomain
2025-09-30T15:23:46.489 application=db_connection [error] Postgrex.Protocol (#PID<0.201.0>) failed to connect: ** (DBConnection.ConnectionError) tcp connect (db:5432): non-existing domain - :nxdomain
2025-09-30T15:23:46.489 application=db_connection [error] Postgrex.Protocol (#PID<0.200.0>) failed to connect: ** (DBConnection.ConnectionError) tcp connect (db:5432): non-existing domain - :nxdomain
2025-09-30T15:23:46.489 application=db_connection [error] Postgrex.Protocol (#PID<0.195.0>) failed to connect: ** (DBConnection.ConnectionError) tcp connect (db:5432): non-existing domain - :nxdomain
2025-09-30T15:23:46.489 application=db_connection [error] Postgrex.Protocol (#PID<0.196.0>) failed to connect: ** (DBConnection.ConnectionError) tcp connect (db:5432): non-existing domain - :nxdomain
2025-09-30T15:23:46.489 [error] :gen_statem #PID<0.212.0> terminating
** (DBConnection.ConnectionError) tcp connect (db:5432): non-existing domain - :nxdomain
    (db_connection 2.8.0) lib/db_connection/connection.ex:104: DBConnection.Connection.handle_event/4
    (stdlib 6.2.2) gen_statem.erl:3737: :gen_statem.loop_state_callback/11
    (stdlib 6.2.2) proc_lib.erl:329: :proc_lib.init_p_do_apply/3
Queue: [internal: {:connect, :init}]
Postponed: []
State: Postgrex.Protocol
Callback mode: :handle_event_function, state_enter: false
2025-09-30T15:23:50.347 application=db_connection [error] Postgrex.Protocol (#PID<0.201.0>) failed to connect: ** (DBConnection.ConnectionError) tcp connect (db:5432): non-existing domain - :nxdomain
2025-09-30T15:23:50.348 application=db_connection [error] Postgrex.Protocol (#PID<0.216.0>) failed to connect: ** (DBConnection.ConnectionError) tcp connect (db:5432): non-existing domain - :nxdomain
2025-09-30T15:23:50.348 application=db_connection [error] Postgrex.Protocol (#PID<0.200.0>) failed to connect: ** (DBConnection.ConnectionError) tcp connect (db:5432): non-existing domain - :nxdomain
2025-09-30T15:23:50.348 [error] :gen_statem #PID<0.216.0> terminating
** (DBConnection.ConnectionError) tcp connect (db:5432): non-existing domain - :nxdomain
    (db_connection 2.8.0) lib/db_connection/connection.ex:104: DBConnection.Connection.handle_event/4
    (stdlib 6.2.2) gen_statem.erl:3737: :gen_statem.loop_state_callback/11
    (stdlib 6.2.2) proc_lib.erl:329: :proc_lib.init_p_do_apply/3
Queue: [internal: {:connect, :init}]
Postponed: []
State: Postgrex.Protocol
Callback mode: :handle_event_function, state_enter: false
2025-09-30T15:23:54.198 application=db_connection [error] Postgrex.Protocol (#PID<0.220.0>) failed to connect: ** (DBConnection.ConnectionError) tcp connect (db:5432): non-existing domain - :nxdomain
2025-09-30T15:23:54.198 application=db_connection [error] Postgrex.Protocol (#PID<0.196.0>) failed to connect: ** (DBConnection.ConnectionError) tcp connect (db:5432): non-existing domain - :nxdomain
2025-09-30T15:23:54.198 application=db_connection [error] Postgrex.Protocol (#PID<0.195.0>) failed to connect: ** (DBConnection.ConnectionError) tcp connect (db:5432): non-existing domain - :nxdomain
2025-09-30T15:23:54.198 application=db_connection [error] Postgrex.Protocol (#PID<0.201.0>) failed to connect: ** (DBConnection.ConnectionError) tcp connect (db:5432): non-existing domain - :nxdomain
2025-09-30T15:23:54.198 [error] :gen_statem #PID<0.220.0> terminating
** (DBConnection.ConnectionError) tcp connect (db:5432): non-existing domain - :nxdomain
    (db_connection 2.8.0) lib/db_connection/connection.ex:104: DBConnection.Connection.handle_event/4
    (stdlib 6.2.2) gen_statem.erl:3737: :gen_statem.loop_state_callback/11
    (stdlib 6.2.2) proc_lib.erl:329: :proc_lib.init_p_do_apply/3
Queue: [internal: {:connect, :init}]
Postponed: []
State: Postgrex.Protocol
Callback mode: :handle_event_function, state_enter: false
2025-09-30T15:23:58.702 application=ecto_sql [error] Could not create schema migrations table. This error usually happens due to the following:

  * The database does not exist
  * The "schema_migrations" table, which Ecto uses for managing
    migrations, was defined by another library
  * There is a deadlock while migrating (such as using concurrent
    indexes with a migration_lock)

To fix the first issue, run "mix ecto.create" for the desired MIX_ENV.

To address the second, you can run "mix ecto.drop" followed by
"mix ecto.create", both for the desired MIX_ENV. Alternatively you may
configure Ecto to use another table and/or repository for managing
migrations:

    config :explorer, Explorer.Repo,
      migration_source: "some_other_table_for_schema_migrations",
      migration_repo: AnotherRepoForSchemaMigrations

The full error report is shown below.

2025-09-30T15:24:09.037 application=db_connection [error] Postgrex.Protocol (#PID<0.196.0>) failed to connect: ** (DBConnection.ConnectionError) tcp connect (db:5432): non-existing domain - :nxdomain
2025-09-30T15:24:09.037 application=db_connection [error] Postgrex.Protocol (#PID<0.207.0>) failed to connect: ** (DBConnection.ConnectionError) tcp connect (db:5432): non-existing domain - :nxdomain
2025-09-30T15:24:09.037 application=db_connection [error] Postgrex.Protocol (#PID<0.201.0>) failed to connect: ** (DBConnection.ConnectionError) tcp connect (db:5432): non-existing domain - :nxdomain
2025-09-30T15:24:09.037 application=db_connection [error] Postgrex.Protocol (#PID<0.200.0>) failed to connect: ** (DBConnection.ConnectionError) tcp connect (db:5432): non-existing domain - :nxdomain
2025-09-30T15:24:09.037 application=db_connection [error] Postgrex.Protocol (#PID<0.195.0>) failed to connect: ** (DBConnection.ConnectionError) tcp connect (db:5432): non-existing domain - :nxdomain
2025-09-30T15:24:09.047 [error] :gen_statem #PID<0.207.0> terminating
** (DBConnection.ConnectionError) tcp connect (db:5432): non-existing domain - :nxdomain
    (db_connection 2.8.0) lib/db_connection/connection.ex:104: DBConnection.Connection.handle_event/4
    (stdlib 6.2.2) gen_statem.erl:3737: :gen_statem.loop_state_callback/11
    (stdlib 6.2.2) proc_lib.erl:329: :proc_lib.init_p_do_apply/3
Queue: [internal: {:connect, :init}]
Postponed: []
State: Postgrex.Protocol
Callback mode: :handle_event_function, state_enter: false
2025-09-30T15:24:12.932 application=db_connection [error] Postgrex.Protocol (#PID<0.212.0>) failed to connect: ** (DBConnection.ConnectionError) tcp connect (db:5432): non-existing domain - :nxdomain
2025-09-30T15:24:12.932 application=db_connection [error] Postgrex.Protocol (#PID<0.195.0>) failed to connect: ** (DBConnection.ConnectionError) tcp connect (db:5432): non-existing domain - :nxdomain
2025-09-30T15:24:12.933 application=db_connection [error] Postgrex.Protocol (#PID<0.200.0>) failed to connect: ** (DBConnection.ConnectionError) tcp connect (db:5432): non-existing domain - :nxdomain
2025-09-30T15:24:12.933 application=db_connection [error] Postgrex.Protocol (#PID<0.201.0>) failed to connect: ** (DBConnection.ConnectionError) tcp connect (db:5432): non-existing domain - :nxdomain
2025-09-30T15:24:12.933 application=db_connection [error] Postgrex.Protocol (#PID<0.196.0>) failed to connect: ** (DBConnection.ConnectionError) tcp connect (db:5432): non-existing domain - :nxdomain
2025-09-30T15:24:12.933 [error] :gen_statem #PID<0.212.0> terminating
** (DBConnection.ConnectionError) tcp connect (db:5432): non-existing domain - :nxdomain
    (db_connection 2.8.0) lib/db_connection/connection.ex:104: DBConnection.Connection.handle_event/4
    (stdlib 6.2.2) gen_statem.erl:3737: :gen_statem.loop_state_callback/11
    (stdlib 6.2.2) proc_lib.erl:329: :proc_lib.init_p_do_apply/3
Queue: [internal: {:connect, :init}]
Postponed: []
State: Postgrex.Protocol
Callback mode: :handle_event_function, state_enter: false
2025-09-30T15:24:16.795 application=db_connection [error] Postgrex.Protocol (#PID<0.200.0>) failed to connect: ** (DBConnection.ConnectionError) tcp connect (db:5432): non-existing domain - :nxdomain
2025-09-30T15:24:16.795 application=db_connection [error] Postgrex.Protocol (#PID<0.216.0>) failed to connect: ** (DBConnection.ConnectionError) tcp connect (db:5432): non-existing domain - :nxdomain
2025-09-30T15:24:16.796 application=db_connection [error] Postgrex.Protocol (#PID<0.195.0>) failed to connect: ** (DBConnection.ConnectionError) tcp connect (db:5432): non-existing domain - :nxdomain
2025-09-30T15:24:16.796 [error] :gen_statem #PID<0.216.0> terminating
** (DBConnection.ConnectionError) tcp connect (db:5432): non-existing domain - :nxdomain
    (db_connection 2.8.0) lib/db_connection/connection.ex:104: DBConnection.Connection.handle_event/4
    (stdlib 6.2.2) gen_statem.erl:3737: :gen_statem.loop_state_callback/11
    (stdlib 6.2.2) proc_lib.erl:329: :proc_lib.init_p_do_apply/3
Queue: [internal: {:connect, :init}]
Postponed: []
State: Postgrex.Protocol
Callback mode: :handle_event_function, state_enter: false
2025-09-30T15:24:20.669 application=db_connection [error] Postgrex.Protocol (#PID<0.220.0>) failed to connect: ** (DBConnection.ConnectionError) tcp connect (db:5432): non-existing domain - :nxdomain
2025-09-30T15:24:20.670 application=db_connection [error] Postgrex.Protocol (#PID<0.196.0>) failed to connect: ** (DBConnection.ConnectionError) tcp connect (db:5432): non-existing domain - :nxdomain
2025-09-30T15:24:20.670 application=db_connection [error] Postgrex.Protocol (#PID<0.201.0>) failed to connect: ** (DBConnection.ConnectionError) tcp connect (db:5432): non-existing domain - :nxdomain
2025-09-30T15:24:20.669 [error] :gen_statem #PID<0.220.0> terminating
** (DBConnection.ConnectionError) tcp connect (db:5432): non-existing domain - :nxdomain
    (db_connection 2.8.0) lib/db_connection/connection.ex:104: DBConnection.Connection.handle_event/4
    (stdlib 6.2.2) gen_statem.erl:3737: :gen_statem.loop_state_callback/11
    (stdlib 6.2.2) proc_lib.erl:329: :proc_lib.init_p_do_apply/3
Queue: [internal: {:connect, :init}]
Postponed: []
State: Postgrex.Protocol
Callback mode: :handle_event_function, state_enter: false
2025-09-30T15:24:25.118 application=ecto_sql [error] Could not create schema migrations table. This error usually happens due to the following:

  * The database does not exist
  * The "schema_migrations" table, which Ecto uses for managing
    migrations, was defined by another library
  * There is a deadlock while migrating (such as using concurrent
    indexes with a migration_lock)

To fix the first issue, run "mix ecto.create" for the desired MIX_ENV.

To address the second, you can run "mix ecto.drop" followed by
"mix ecto.create", both for the desired MIX_ENV. Alternatively you may
configure Ecto to use another table and/or repository for managing
migrations:

    config :explorer, Explorer.Repo,
      migration_source: "some_other_table_for_schema_migrations",
      migration_repo: AnotherRepoForSchemaMigrations

The full error report is shown below.

2025-09-30T15:24:33.199 application=db_connection [error] Postgrex.Protocol (#PID<0.200.0>) failed to connect: ** (DBConnection.ConnectionError) tcp connect (db:5432): non-existing domain - :nxdomain
2025-09-30T15:24:33.199 application=db_connection [error] Postgrex.Protocol (#PID<0.201.0>) failed to connect: ** (DBConnection.ConnectionError) tcp connect (db:5432): non-existing domain - :nxdomain
2025-09-30T15:24:33.199 application=db_connection [error] Postgrex.Protocol (#PID<0.207.0>) failed to connect: ** (DBConnection.ConnectionError) tcp connect (db:5432): non-existing domain - :nxdomain
2025-09-30T15:24:33.199 application=db_connection [error] Postgrex.Protocol (#PID<0.196.0>) failed to connect: ** (DBConnection.ConnectionError) tcp connect (db:5432): non-existing domain - :nxdomain
2025-09-30T15:24:33.198 application=db_connection [error] Postgrex.Protocol (#PID<0.195.0>) failed to connect: ** (DBConnection.ConnectionError) tcp connect (db:5432): non-existing domain - :nxdomain
2025-09-30T15:24:33.211 [error] :gen_statem #PID<0.207.0> terminating
** (DBConnection.ConnectionError) tcp connect (db:5432): non-existing domain - :nxdomain
    (db_connection 2.8.0) lib/db_connection/connection.ex:104: DBConnection.Connection.handle_event/4
    (stdlib 6.2.2) gen_statem.erl:3737: :gen_statem.loop_state_callback/11
    (stdlib 6.2.2) proc_lib.erl:329: :proc_lib.init_p_do_apply/3
Queue: [internal: {:connect, :init}]
Postponed: []
State: Postgrex.Protocol
Callback mode: :handle_event_function, state_enter: false
2025-09-30T15:24:37.078 application=db_connection [error] Postgrex.Protocol (#PID<0.212.0>) failed to connect: ** (DBConnection.ConnectionError) tcp connect (db:5432): non-existing domain - :nxdomain
2025-09-30T15:24:37.079 application=db_connection [error] Postgrex.Protocol (#PID<0.195.0>) failed to connect: ** (DBConnection.ConnectionError) tcp connect (db:5432): non-existing domain - :nxdomain
2025-09-30T15:24:37.079 application=db_connection [error] Postgrex.Protocol (#PID<0.201.0>) failed to connect: ** (DBConnection.ConnectionError) tcp connect (db:5432): non-existing domain - :nxdomain
2025-09-30T15:24:37.079 application=db_connection [error] Postgrex.Protocol (#PID<0.200.0>) failed to connect: ** (DBConnection.ConnectionError) tcp connect (db:5432): non-existing domain - :nxdomain
2025-09-30T15:24:37.079 application=db_connection [error] Postgrex.Protocol (#PID<0.196.0>) failed to connect: ** (DBConnection.ConnectionError) tcp connect (db:5432): non-existing domain - :nxdomain
2025-09-30T15:24:37.078 [error] :gen_statem #PID<0.212.0> terminating
** (DBConnection.ConnectionError) tcp connect (db:5432): non-existing domain - :nxdomain
    (db_connection 2.8.0) lib/db_connection/connection.ex:104: DBConnection.Connection.handle_event/4
    (stdlib 6.2.2) gen_statem.erl:3737: :gen_statem.loop_state_callback/11
    (stdlib 6.2.2) proc_lib.erl:329: :proc_lib.init_p_do_apply/3
Queue: [internal: {:connect, :init}]
Postponed: []
State: Postgrex.Protocol
Callback mode: :handle_event_function, state_enter: false
2025-09-30T15:24:40.928 application=db_connection [error] Postgrex.Protocol (#PID<0.201.0>) failed to connect: ** (DBConnection.ConnectionError) tcp connect (db:5432): non-existing domain - :nxdomain
2025-09-30T15:24:40.928 application=db_connection [error] Postgrex.Protocol (#PID<0.216.0>) failed to connect: ** (DBConnection.ConnectionError) tcp connect (db:5432): non-existing domain - :nxdomain
2025-09-30T15:24:40.928 [error] :gen_statem #PID<0.216.0> terminating
** (DBConnection.ConnectionError) tcp connect (db:5432): non-existing domain - :nxdomain
    (db_connection 2.8.0) lib/db_connection/connection.ex:104: DBConnection.Connection.handle_event/4
    (stdlib 6.2.2) gen_statem.erl:3737: :gen_statem.loop_state_callback/11
    (stdlib 6.2.2) proc_lib.erl:329: :proc_lib.init_p_do_apply/3
Queue: [internal: {:connect, :init}]
Postponed: []
State: Postgrex.Protocol
Callback mode: :handle_event_function, state_enter: false
2025-09-30T15:24:44.775 application=db_connection [error] Postgrex.Protocol (#PID<0.200.0>) failed to connect: ** (DBConnection.ConnectionError) tcp connect (db:5432): non-existing domain - :nxdomain
2025-09-30T15:24:44.775 application=db_connection [error] Postgrex.Protocol (#PID<0.220.0>) failed to connect: ** (DBConnection.ConnectionError) tcp connect (db:5432): non-existing domain - :nxdomain
2025-09-30T15:24:44.776 application=db_connection [error] Postgrex.Protocol (#PID<0.195.0>) failed to connect: ** (DBConnection.ConnectionError) tcp connect (db:5432): non-existing domain - :nxdomain
2025-09-30T15:24:44.775 [error] :gen_statem #PID<0.220.0> terminating
** (DBConnection.ConnectionError) tcp connect (db:5432): non-existing domain - :nxdomain
    (db_connection 2.8.0) lib/db_connection/connection.ex:104: DBConnection.Connection.handle_event/4
    (stdlib 6.2.2) gen_statem.erl:3737: :gen_statem.loop_state_callback/11
    (stdlib 6.2.2) proc_lib.erl:329: :proc_lib.init_p_do_apply/3
Queue: [internal: {:connect, :init}]
Postponed: []
State: Postgrex.Protocol
Callback mode: :handle_event_function, state_enter: false
2025-09-30T15:24:49.285 application=ecto_sql [error] Could not create schema migrations table. This error usually happens due to the following:

  * The database does not exist
  * The "schema_migrations" table, which Ecto uses for managing
    migrations, was defined by another library
  * There is a deadlock while migrating (such as using concurrent
    indexes with a migration_lock)

To fix the first issue, run "mix ecto.create" for the desired MIX_ENV.

To address the second, you can run "mix ecto.drop" followed by
"mix ecto.create", both for the desired MIX_ENV. Alternatively you may
configure Ecto to use another table and/or repository for managing
migrations:

    config :explorer, Explorer.Repo,
      migration_source: "some_other_table_for_schema_migrations",
      migration_repo: AnotherRepoForSchemaMigrations

The full error report is shown below.

2025-09-30T15:24:58.792 application=db_connection [error] Postgrex.Protocol (#PID<0.200.0>) failed to connect: ** (DBConnection.ConnectionError) tcp connect (db:5432): non-existing domain - :nxdomain
2025-09-30T15:24:58.792 application=db_connection [error] Postgrex.Protocol (#PID<0.201.0>) failed to connect: ** (DBConnection.ConnectionError) tcp connect (db:5432): non-existing domain - :nxdomain
2025-09-30T15:24:58.792 application=db_connection [error] Postgrex.Protocol (#PID<0.207.0>) failed to connect: ** (DBConnection.ConnectionError) tcp connect (db:5432): non-existing domain - :nxdomain
2025-09-30T15:24:58.792 application=db_connection [error] Postgrex.Protocol (#PID<0.196.0>) failed to connect: ** (DBConnection.ConnectionError) tcp connect (db:5432): non-existing domain - :nxdomain
2025-09-30T15:24:58.792 application=db_connection [error] Postgrex.Protocol (#PID<0.195.0>) failed to connect: ** (DBConnection.ConnectionError) tcp connect (db:5432): non-existing domain - :nxdomain
2025-09-30T15:24:58.802 [error] :gen_statem #PID<0.207.0> terminating
** (DBConnection.ConnectionError) tcp connect (db:5432): non-existing domain - :nxdomain
    (db_connection 2.8.0) lib/db_connection/connection.ex:104: DBConnection.Connection.handle_event/4
    (stdlib 6.2.2) gen_statem.erl:3737: :gen_statem.loop_state_callback/11
    (stdlib 6.2.2) proc_lib.erl:329: :proc_lib.init_p_do_apply/3
Queue: [internal: {:connect, :init}]
Postponed: []
State: Postgrex.Protocol
Callback mode: :handle_event_function, state_enter: false
2025-09-30T15:25:01.565 application=db_connection [error] Postgrex.Protocol (#PID<0.212.0>) failed to connect: ** (DBConnection.ConnectionError) tcp connect (db:5432): non-existing domain - :nxdomain
2025-09-30T15:25:01.567 application=db_connection [error] Postgrex.Protocol (#PID<0.201.0>) failed to connect: ** (DBConnection.ConnectionError) tcp connect (db:5432): non-existing domain - :nxdomain
2025-09-30T15:25:01.567 application=db_connection [error] Postgrex.Protocol (#PID<0.200.0>) failed to connect: ** (DBConnection.ConnectionError) tcp connect (db:5432): non-existing domain - :nxdomain
2025-09-30T15:25:01.567 application=db_connection [error] Postgrex.Protocol (#PID<0.196.0>) failed to connect: ** (DBConnection.ConnectionError) tcp connect (db:5432): non-existing domain - :nxdomain
2025-09-30T15:25:01.567 application=db_connection [error] Postgrex.Protocol (#PID<0.195.0>) failed to connect: ** (DBConnection.ConnectionError) tcp connect (db:5432): non-existing domain - :nxdomain
2025-09-30T15:25:01.565 [error] :gen_statem #PID<0.212.0> terminating
** (DBConnection.ConnectionError) tcp connect (db:5432): non-existing domain - :nxdomain
    (db_connection 2.8.0) lib/db_connection/connection.ex:104: DBConnection.Connection.handle_event/4
    (stdlib 6.2.2) gen_statem.erl:3737: :gen_statem.loop_state_callback/11
    (stdlib 6.2.2) proc_lib.erl:329: :proc_lib.init_p_do_apply/3
Queue: [internal: {:connect, :init}]
Postponed: []
State: Postgrex.Protocol
Callback mode: :handle_event_function, state_enter: false
2025-09-30T15:25:05.410 application=db_connection [error] Postgrex.Protocol (#PID<0.216.0>) failed to connect: ** (DBConnection.ConnectionError) tcp connect (db:5432): non-existing domain - :nxdomain
2025-09-30T15:25:05.412 application=db_connection [error] Postgrex.Protocol (#PID<0.201.0>) failed to connect: ** (DBConnection.ConnectionError) tcp connect (db:5432): non-existing domain - :nxdomain
2025-09-30T15:25:05.412 application=db_connection [error] Postgrex.Protocol (#PID<0.200.0>) failed to connect: ** (DBConnection.ConnectionError) tcp connect (db:5432): non-existing domain - :nxdomain
2025-09-30T15:25:05.411 [error] :gen_statem #PID<0.216.0> terminating
** (DBConnection.ConnectionError) tcp connect (db:5432): non-existing domain - :nxdomain
    (db_connection 2.8.0) lib/db_connection/connection.ex:104: DBConnection.Connection.handle_event/4
    (stdlib 6.2.2) gen_statem.erl:3737: :gen_statem.loop_state_callback/11
    (stdlib 6.2.2) proc_lib.erl:329: :proc_lib.init_p_do_apply/3
Queue: [internal: {:connect, :init}]
Postponed: []
State: Postgrex.Protocol
Callback mode: :handle_event_function, state_enter: false
2025-09-30T15:25:09.261 application=db_connection [error] Postgrex.Protocol (#PID<0.220.0>) failed to connect: ** (DBConnection.ConnectionError) tcp connect (db:5432): non-existing domain - :nxdomain
2025-09-30T15:25:09.262 application=db_connection [error] Postgrex.Protocol (#PID<0.196.0>) failed to connect: ** (DBConnection.ConnectionError) tcp connect (db:5432): non-existing domain - :nxdomain
2025-09-30T15:25:09.262 application=db_connection [error] Postgrex.Protocol (#PID<0.195.0>) failed to connect: ** (DBConnection.ConnectionError) tcp connect (db:5432): non-existing domain - :nxdomain
2025-09-30T15:25:09.261 [error] :gen_statem #PID<0.220.0> terminating
** (DBConnection.ConnectionError) tcp connect (db:5432): non-existing domain - :nxdomain
    (db_connection 2.8.0) lib/db_connection/connection.ex:104: DBConnection.Connection.handle_event/4
    (stdlib 6.2.2) gen_statem.erl:3737: :gen_statem.loop_state_callback/11
    (stdlib 6.2.2) proc_lib.erl:329: :proc_lib.init_p_do_apply/3
Queue: [internal: {:connect, :init}]
Postponed: []
State: Postgrex.Protocol
Callback mode: :handle_event_function, state_enter: false
2025-09-30T15:25:13.818 application=ecto_sql [error] Could not create schema migrations table. This error usually happens due to the following:

  * The database does not exist
  * The "schema_migrations" table, which Ecto uses for managing
    migrations, was defined by another library
  * There is a deadlock while migrating (such as using concurrent
    indexes with a migration_lock)

To fix the first issue, run "mix ecto.create" for the desired MIX_ENV.

To address the second, you can run "mix ecto.drop" followed by
"mix ecto.create", both for the desired MIX_ENV. Alternatively you may
configure Ecto to use another table and/or repository for managing
migrations:

    config :explorer, Explorer.Repo,
      migration_source: "some_other_table_for_schema_migrations",
      migration_repo: AnotherRepoForSchemaMigrations

The full error report is shown below.

2025-09-30T15:25:22.945 application=db_connection [error] Postgrex.Protocol (#PID<0.207.0>) failed to connect: ** (DBConnection.ConnectionError) tcp connect (db:5432): non-existing domain - :nxdomain
2025-09-30T15:25:22.945 application=db_connection [error] Postgrex.Protocol (#PID<0.201.0>) failed to connect: ** (DBConnection.ConnectionError) tcp connect (db:5432): non-existing domain - :nxdomain
2025-09-30T15:25:22.945 application=db_connection [error] Postgrex.Protocol (#PID<0.200.0>) failed to connect: ** (DBConnection.ConnectionError) tcp connect (db:5432): non-existing domain - :nxdomain
2025-09-30T15:25:22.945 application=db_connection [error] Postgrex.Protocol (#PID<0.195.0>) failed to connect: ** (DBConnection.ConnectionError) tcp connect (db:5432): non-existing domain - :nxdomain
2025-09-30T15:25:22.945 application=db_connection [error] Postgrex.Protocol (#PID<0.196.0>) failed to connect: ** (DBConnection.ConnectionError) tcp connect (db:5432): non-existing domain - :nxdomain
2025-09-30T15:25:22.957 [error] :gen_statem #PID<0.207.0> terminating
** (DBConnection.ConnectionError) tcp connect (db:5432): non-existing domain - :nxdomain
    (db_connection 2.8.0) lib/db_connection/connection.ex:104: DBConnection.Connection.handle_event/4
    (stdlib 6.2.2) gen_statem.erl:3737: :gen_statem.loop_state_callback/11
    (stdlib 6.2.2) proc_lib.erl:329: :proc_lib.init_p_do_apply/3
Queue: [internal: {:connect, :init}]
Postponed: []
State: Postgrex.Protocol
Callback mode: :handle_event_function, state_enter: false
2025-09-30T15:25:26.828 application=db_connection [error] Postgrex.Protocol (#PID<0.201.0>) failed to connect: ** (DBConnection.ConnectionError) tcp connect (db:5432): non-existing domain - :nxdomain
2025-09-30T15:25:26.828 application=db_connection [error] Postgrex.Protocol (#PID<0.212.0>) failed to connect: ** (DBConnection.ConnectionError) tcp connect (db:5432): non-existing domain - :nxdomain
2025-09-30T15:25:26.829 application=db_connection [error] Postgrex.Protocol (#PID<0.195.0>) failed to connect: ** (DBConnection.ConnectionError) tcp connect (db:5432): non-existing domain - :nxdomain
2025-09-30T15:25:26.829 application=db_connection [error] Postgrex.Protocol (#PID<0.196.0>) failed to connect: ** (DBConnection.ConnectionError) tcp connect (db:5432): non-existing domain - :nxdomain
2025-09-30T15:25:26.829 application=db_connection [error] Postgrex.Protocol (#PID<0.200.0>) failed to connect: ** (DBConnection.ConnectionError) tcp connect (db:5432): non-existing domain - :nxdomain
2025-09-30T15:25:26.829 [error] :gen_statem #PID<0.212.0> terminating
** (DBConnection.ConnectionError) tcp connect (db:5432): non-existing domain - :nxdomain
    (db_connection 2.8.0) lib/db_connection/connection.ex:104: DBConnection.Connection.handle_event/4
    (stdlib 6.2.2) gen_statem.erl:3737: :gen_statem.loop_state_callback/11
    (stdlib 6.2.2) proc_lib.erl:329: :proc_lib.init_p_do_apply/3
Queue: [internal: {:connect, :init}]
Postponed: []
State: Postgrex.Protocol
Callback mode: :handle_event_function, state_enter: false
2025-09-30T15:25:30.158 application=db_connection [error] Postgrex.Protocol (#PID<0.216.0>) failed to connect: ** (DBConnection.ConnectionError) tcp connect (db:5432): non-existing domain - :nxdomain
2025-09-30T15:25:30.158 application=db_connection [error] Postgrex.Protocol (#PID<0.201.0>) failed to connect: ** (DBConnection.ConnectionError) tcp connect (db:5432): non-existing domain - :nxdomain
2025-09-30T15:25:30.159 application=db_connection [error] Postgrex.Protocol (#PID<0.195.0>) failed to connect: ** (DBConnection.ConnectionError) tcp connect (db:5432): non-existing domain - :nxdomain
2025-09-30T15:25:30.158 [error] :gen_statem #PID<0.216.0> terminating
** (DBConnection.ConnectionError) tcp connect (db:5432): non-existing domain - :nxdomain
    (db_connection 2.8.0) lib/db_connection/connection.ex:104: DBConnection.Connection.handle_event/4
    (stdlib 6.2.2) gen_statem.erl:3737: :gen_statem.loop_state_callback/11
    (stdlib 6.2.2) proc_lib.erl:329: :proc_lib.init_p_do_apply/3
Queue: [internal: {:connect, :init}]
Postponed: []
State: Postgrex.Protocol
Callback mode: :handle_event_function, state_enter: false
2025-09-30T15:25:33.446 application=db_connection [error] Postgrex.Protocol (#PID<0.200.0>) failed to connect: ** (DBConnection.ConnectionError) tcp connect (db:5432): non-existing domain - :nxdomain
2025-09-30T15:25:33.446 application=db_connection [error] Postgrex.Protocol (#PID<0.220.0>) failed to connect: ** (DBConnection.ConnectionError) tcp connect (db:5432): non-existing domain - :nxdomain
2025-09-30T15:25:33.446 application=db_connection [error] Postgrex.Protocol (#PID<0.196.0>) failed to connect: ** (DBConnection.ConnectionError) tcp connect (db:5432): non-existing domain - :nxdomain
2025-09-30T15:25:33.446 [error] :gen_statem #PID<0.220.0> terminating
** (DBConnection.ConnectionError) tcp connect (db:5432): non-existing domain - :nxdomain
    (db_connection 2.8.0) lib/db_connection/connection.ex:104: DBConnection.Connection.handle_event/4
    (stdlib 6.2.2) gen_statem.erl:3737: :gen_statem.loop_state_callback/11
    (stdlib 6.2.2) proc_lib.erl:329: :proc_lib.init_p_do_apply/3
Queue: [internal: {:connect, :init}]
Postponed: []
State: Postgrex.Protocol
Callback mode: :handle_event_function, state_enter: false
2025-09-30T15:25:38.014 application=ecto_sql [error] Could not create schema migrations table. This error usually happens due to the following:

  * The database does not exist
  * The "schema_migrations" table, which Ecto uses for managing
    migrations, was defined by another library
  * There is a deadlock while migrating (such as using concurrent
    indexes with a migration_lock)

To fix the first issue, run "mix ecto.create" for the desired MIX_ENV.

To address the second, you can run "mix ecto.drop" followed by
"mix ecto.create", both for the desired MIX_ENV. Alternatively you may
configure Ecto to use another table and/or repository for managing
migrations:

    config :explorer, Explorer.Repo,
      migration_source: "some_other_table_for_schema_migrations",
      migration_repo: AnotherRepoForSchemaMigrations

The full error report is shown below.

2025-09-30T15:25:48.444 application=db_connection [error] Postgrex.Protocol (#PID<0.200.0>) failed to connect: ** (DBConnection.ConnectionError) tcp connect (db:5432): non-existing domain - :nxdomain
2025-09-30T15:25:48.444 application=db_connection [error] Postgrex.Protocol (#PID<0.195.0>) failed to connect: ** (DBConnection.ConnectionError) tcp connect (db:5432): non-existing domain - :nxdomain
2025-09-30T15:25:48.444 application=db_connection [error] Postgrex.Protocol (#PID<0.207.0>) failed to connect: ** (DBConnection.ConnectionError) tcp connect (db:5432): non-existing domain - :nxdomain
2025-09-30T15:25:48.444 application=db_connection [error] Postgrex.Protocol (#PID<0.203.0>) failed to connect: ** (DBConnection.ConnectionError) tcp connect (db:5432): non-existing domain - :nxdomain
2025-09-30T15:25:48.444 application=db_connection [error] Postgrex.Protocol (#PID<0.196.0>) failed to connect: ** (DBConnection.ConnectionError) tcp connect (db:5432): non-existing domain - :nxdomain
2025-09-30T15:25:48.452 [error] :gen_statem #PID<0.207.0> terminating
** (DBConnection.ConnectionError) tcp connect (db:5432): non-existing domain - :nxdomain
    (db_connection 2.8.0) lib/db_connection/connection.ex:104: DBConnection.Connection.handle_event/4
    (stdlib 6.2.2) gen_statem.erl:3737: :gen_statem.loop_state_callback/11
    (stdlib 6.2.2) proc_lib.erl:329: :proc_lib.init_p_do_apply/3
Queue: [internal: {:connect, :init}]
Postponed: []
State: Postgrex.Protocol
Callback mode: :handle_event_function, state_enter: false
2025-09-30T15:25:52.342 application=db_connection [error] Postgrex.Protocol (#PID<0.212.0>) failed to connect: ** (DBConnection.ConnectionError) tcp connect (db:5432): non-existing domain - :nxdomain
2025-09-30T15:25:52.343 application=db_connection [error] Postgrex.Protocol (#PID<0.200.0>) failed to connect: ** (DBConnection.ConnectionError) tcp connect (db:5432): non-existing domain - :nxdomain
2025-09-30T15:25:52.343 application=db_connection [error] Postgrex.Protocol (#PID<0.195.0>) failed to connect: ** (DBConnection.ConnectionError) tcp connect (db:5432): non-existing domain - :nxdomain
2025-09-30T15:25:52.343 application=db_connection [error] Postgrex.Protocol (#PID<0.203.0>) failed to connect: ** (DBConnection.ConnectionError) tcp connect (db:5432): non-existing domain - :nxdomain
2025-09-30T15:25:52.343 application=db_connection [error] Postgrex.Protocol (#PID<0.196.0>) failed to connect: ** (DBConnection.ConnectionError) tcp connect (db:5432): non-existing domain - :nxdomain
2025-09-30T15:25:52.342 [error] :gen_statem #PID<0.212.0> terminating
** (DBConnection.ConnectionError) tcp connect (db:5432): non-existing domain - :nxdomain
    (db_connection 2.8.0) lib/db_connection/connection.ex:104: DBConnection.Connection.handle_event/4
    (stdlib 6.2.2) gen_statem.erl:3737: :gen_statem.loop_state_callback/11
    (stdlib 6.2.2) proc_lib.erl:329: :proc_lib.init_p_do_apply/3
Queue: [internal: {:connect, :init}]
Postponed: []
State: Postgrex.Protocol
Callback mode: :handle_event_function, state_enter: false
2025-09-30T15:25:56.197 application=db_connection [error] Postgrex.Protocol (#PID<0.216.0>) failed to connect: ** (DBConnection.ConnectionError) tcp connect (db:5432): non-existing domain - :nxdomain
2025-09-30T15:25:56.197 application=db_connection [error] Postgrex.Protocol (#PID<0.195.0>) failed to connect: ** (DBConnection.ConnectionError) tcp connect (db:5432): non-existing domain - :nxdomain
2025-09-30T15:25:56.197 [error] :gen_statem #PID<0.216.0> terminating
** (DBConnection.ConnectionError) tcp connect (db:5432): non-existing domain - :nxdomain
    (db_connection 2.8.0) lib/db_connection/connection.ex:104: DBConnection.Connection.handle_event/4
    (stdlib 6.2.2) gen_statem.erl:3737: :gen_statem.loop_state_callback/11
    (stdlib 6.2.2) proc_lib.erl:329: :proc_lib.init_p_do_apply/3
Queue: [internal: {:connect, :init}]
Postponed: []
State: Postgrex.Protocol
Callback mode: :handle_event_function, state_enter: false
2025-09-30T15:25:58.954 application=db_connection [error] Postgrex.Protocol (#PID<0.220.0>) failed to connect: ** (DBConnection.ConnectionError) tcp connect (db:5432): non-existing domain - :nxdomain
2025-09-30T15:25:58.954 application=db_connection [error] Postgrex.Protocol (#PID<0.196.0>) failed to connect: ** (DBConnection.ConnectionError) tcp connect (db:5432): non-existing domain - :nxdomain
2025-09-30T15:25:58.955 application=db_connection [error] Postgrex.Protocol (#PID<0.200.0>) failed to connect: ** (DBConnection.ConnectionError) tcp connect (db:5432): non-existing domain - :nxdomain
2025-09-30T15:25:58.954 [error] :gen_statem #PID<0.220.0> terminating
** (DBConnection.ConnectionError) tcp connect (db:5432): non-existing domain - :nxdomain
    (db_connection 2.8.0) lib/db_connection/connection.ex:104: DBConnection.Connection.handle_event/4
    (stdlib 6.2.2) gen_statem.erl:3737: :gen_statem.loop_state_callback/11
    (stdlib 6.2.2) proc_lib.erl:329: :proc_lib.init_p_do_apply/3
Queue: [internal: {:connect, :init}]
Postponed: []
State: Postgrex.Protocol
Callback mode: :handle_event_function, state_enter: false
2025-09-30T15:26:03.064 application=db_connection [error] Postgrex.Protocol (#PID<0.203.0>) failed to connect: ** (DBConnection.ConnectionError) tcp connect (db:5432): non-existing domain - :nxdomain
2025-09-30T15:26:03.064 application=db_connection [error] Postgrex.Protocol (#PID<0.195.0>) failed to connect: ** (DBConnection.ConnectionError) tcp connect (db:5432): non-existing domain - :nxdomain
2025-09-30T15:26:03.481 application=ecto_sql [error] Could not create schema migrations table. This error usually happens due to the following:

  * The database does not exist
  * The "schema_migrations" table, which Ecto uses for managing
    migrations, was defined by another library
  * There is a deadlock while migrating (such as using concurrent
    indexes with a migration_lock)

To fix the first issue, run "mix ecto.create" for the desired MIX_ENV.

To address the second, you can run "mix ecto.drop" followed by
"mix ecto.create", both for the desired MIX_ENV. Alternatively you may
configure Ecto to use another table and/or repository for managing
migrations:

    config :explorer, Explorer.Repo,
      migration_source: "some_other_table_for_schema_migrations",
      migration_repo: AnotherRepoForSchemaMigrations

The full error report is shown below.

2025-09-30T15:26:12.713 application=db_connection [error] Postgrex.Protocol (#PID<0.207.0>) failed to connect: ** (DBConnection.ConnectionError) tcp connect (db:5432): non-existing domain - :nxdomain
2025-09-30T15:26:12.713 application=db_connection [error] Postgrex.Protocol (#PID<0.201.0>) failed to connect: ** (DBConnection.ConnectionError) tcp connect (db:5432): non-existing domain - :nxdomain
2025-09-30T15:26:12.713 application=db_connection [error] Postgrex.Protocol (#PID<0.196.0>) failed to connect: ** (DBConnection.ConnectionError) tcp connect (db:5432): non-existing domain - :nxdomain
2025-09-30T15:26:12.713 application=db_connection [error] Postgrex.Protocol (#PID<0.200.0>) failed to connect: ** (DBConnection.ConnectionError) tcp connect (db:5432): non-existing domain - :nxdomain
2025-09-30T15:26:12.713 application=db_connection [error] Postgrex.Protocol (#PID<0.195.0>) failed to connect: ** (DBConnection.ConnectionError) tcp connect (db:5432): non-existing domain - :nxdomain
2025-09-30T15:26:12.726 [error] :gen_statem #PID<0.207.0> terminating
** (DBConnection.ConnectionError) tcp connect (db:5432): non-existing domain - :nxdomain
    (db_connection 2.8.0) lib/db_connection/connection.ex:104: DBConnection.Connection.handle_event/4
    (stdlib 6.2.2) gen_statem.erl:3737: :gen_statem.loop_state_callback/11
    (stdlib 6.2.2) proc_lib.erl:329: :proc_lib.init_p_do_apply/3
Queue: [internal: {:connect, :init}]
Postponed: []
State: Postgrex.Protocol
Callback mode: :handle_event_function, state_enter: false
2025-09-30T15:26:16.595 application=db_connection [error] Postgrex.Protocol (#PID<0.212.0>) failed to connect: ** (DBConnection.ConnectionError) tcp connect (db:5432): non-existing domain - :nxdomain
2025-09-30T15:26:16.595 application=db_connection [error] Postgrex.Protocol (#PID<0.196.0>) failed to connect: ** (DBConnection.ConnectionError) tcp connect (db:5432): non-existing domain - :nxdomain
2025-09-30T15:26:16.595 application=db_connection [error] Postgrex.Protocol (#PID<0.201.0>) failed to connect: ** (DBConnection.ConnectionError) tcp connect (db:5432): non-existing domain - :nxdomain
2025-09-30T15:26:16.595 application=db_connection [error] Postgrex.Protocol (#PID<0.200.0>) failed to connect: ** (DBConnection.ConnectionError) tcp connect (db:5432): non-existing domain - :nxdomain
2025-09-30T15:26:16.596 application=db_connection [error] Postgrex.Protocol (#PID<0.195.0>) failed to connect: ** (DBConnection.ConnectionError) tcp connect (db:5432): non-existing domain - :nxdomain
2025-09-30T15:26:16.595 [error] :gen_statem #PID<0.212.0> terminating
** (DBConnection.ConnectionError) tcp connect (db:5432): non-existing domain - :nxdomain
    (db_connection 2.8.0) lib/db_connection/connection.ex:104: DBConnection.Connection.handle_event/4
    (stdlib 6.2.2) gen_statem.erl:3737: :gen_statem.loop_state_callback/11
    (stdlib 6.2.2) proc_lib.erl:329: :proc_lib.init_p_do_apply/3
Queue: [internal: {:connect, :init}]
Postponed: []
State: Postgrex.Protocol
Callback mode: :handle_event_function, state_enter: false
2025-09-30T15:26:20.449 application=db_connection [error] Postgrex.Protocol (#PID<0.196.0>) failed to connect: ** (DBConnection.ConnectionError) tcp connect (db:5432): non-existing domain - :nxdomain
2025-09-30T15:26:20.449 application=db_connection [error] Postgrex.Protocol (#PID<0.201.0>) failed to connect: ** (DBConnection.ConnectionError) tcp connect (db:5432): non-existing domain - :nxdomain
2025-09-30T15:26:20.450 application=db_connection [error] Postgrex.Protocol (#PID<0.216.0>) failed to connect: ** (DBConnection.ConnectionError) tcp connect (db:5432): non-existing domain - :nxdomain
2025-09-30T15:26:20.450 [error] :gen_statem #PID<0.216.0> terminating
** (DBConnection.ConnectionError) tcp connect (db:5432): non-existing domain - :nxdomain
    (db_connection 2.8.0) lib/db_connection/connection.ex:104: DBConnection.Connection.handle_event/4
    (stdlib 6.2.2) gen_statem.erl:3737: :gen_statem.loop_state_callback/11
    (stdlib 6.2.2) proc_lib.erl:329: :proc_lib.init_p_do_apply/3
Queue: [internal: {:connect, :init}]
Postponed: []
State: Postgrex.Protocol
Callback mode: :handle_event_function, state_enter: false
2025-09-30T15:26:24.333 application=db_connection [error] Postgrex.Protocol (#PID<0.200.0>) failed to connect: ** (DBConnection.ConnectionError) tcp connect (db:5432): non-existing domain - :nxdomain
2025-09-30T15:26:24.333 application=db_connection [error] Postgrex.Protocol (#PID<0.220.0>) failed to connect: ** (DBConnection.ConnectionError) tcp connect (db:5432): non-existing domain - :nxdomain
2025-09-30T15:26:24.333 application=db_connection [error] Postgrex.Protocol (#PID<0.196.0>) failed to connect: ** (DBConnection.ConnectionError) tcp connect (db:5432): non-existing domain - :nxdomain
2025-09-30T15:26:24.333 application=db_connection [error] Postgrex.Protocol (#PID<0.195.0>) failed to connect: ** (DBConnection.ConnectionError) tcp connect (db:5432): non-existing domain - :nxdomain
2025-09-30T15:26:24.333 [error] :gen_statem #PID<0.220.0> terminating
** (DBConnection.ConnectionError) tcp connect (db:5432): non-existing domain - :nxdomain
    (db_connection 2.8.0) lib/db_connection/connection.ex:104: DBConnection.Connection.handle_event/4
    (stdlib 6.2.2) gen_statem.erl:3737: :gen_statem.loop_state_callback/11
    (stdlib 6.2.2) proc_lib.erl:329: :proc_lib.init_p_do_apply/3
Queue: [internal: {:connect, :init}]
Postponed: []
State: Postgrex.Protocol
Callback mode: :handle_event_function, state_enter: false
2025-09-30T15:26:27.766 application=ecto_sql [error] Could not create schema migrations table. This error usually happens due to the following:

  * The database does not exist
  * The "schema_migrations" table, which Ecto uses for managing
    migrations, was defined by another library
  * There is a deadlock while migrating (such as using concurrent
    indexes with a migration_lock)

To fix the first issue, run "mix ecto.create" for the desired MIX_ENV.

To address the second, you can run "mix ecto.drop" followed by
"mix ecto.create", both for the desired MIX_ENV. Alternatively you may
configure Ecto to use another table and/or repository for managing
migrations:

    config :explorer, Explorer.Repo,
      migration_source: "some_other_table_for_schema_migrations",
      migration_repo: AnotherRepoForSchemaMigrations

The full error report is shown below.

2025-09-30T15:26:37.448 application=db_connection [error] Postgrex.Protocol (#PID<0.196.0>) failed to connect: ** (DBConnection.ConnectionError) tcp connect (db:5432): non-existing domain - :nxdomain
2025-09-30T15:26:37.448 application=db_connection [error] Postgrex.Protocol (#PID<0.200.0>) failed to connect: ** (DBConnection.ConnectionError) tcp connect (db:5432): non-existing domain - :nxdomain
2025-09-30T15:26:37.448 application=db_connection [error] Postgrex.Protocol (#PID<0.195.0>) failed to connect: ** (DBConnection.ConnectionError) tcp connect (db:5432): non-existing domain - :nxdomain
2025-09-30T15:26:37.448 application=db_connection [error] Postgrex.Protocol (#PID<0.207.0>) failed to connect: ** (DBConnection.ConnectionError) tcp connect (db:5432): non-existing domain - :nxdomain
2025-09-30T15:26:37.448 application=db_connection [error] Postgrex.Protocol (#PID<0.201.0>) failed to connect: ** (DBConnection.ConnectionError) tcp connect (db:5432): non-existing domain - :nxdomain
2025-09-30T15:26:37.459 [error] :gen_statem #PID<0.207.0> terminating
** (DBConnection.ConnectionError) tcp connect (db:5432): non-existing domain - :nxdomain
    (db_connection 2.8.0) lib/db_connection/connection.ex:104: DBConnection.Connection.handle_event/4
    (stdlib 6.2.2) gen_statem.erl:3737: :gen_statem.loop_state_callback/11
    (stdlib 6.2.2) proc_lib.erl:329: :proc_lib.init_p_do_apply/3
Queue: [internal: {:connect, :init}]
Postponed: []
State: Postgrex.Protocol
Callback mode: :handle_event_function, state_enter: false
2025-09-30T15:26:41.320 application=db_connection [error] Postgrex.Protocol (#PID<0.212.0>) failed to connect: ** (DBConnection.ConnectionError) tcp connect (db:5432): non-existing domain - :nxdomain
2025-09-30T15:26:41.320 application=db_connection [error] Postgrex.Protocol (#PID<0.196.0>) failed to connect: ** (DBConnection.ConnectionError) tcp connect (db:5432): non-existing domain - :nxdomain
2025-09-30T15:26:41.320 application=db_connection [error] Postgrex.Protocol (#PID<0.201.0>) failed to connect: ** (DBConnection.ConnectionError) tcp connect (db:5432): non-existing domain - :nxdomain
2025-09-30T15:26:41.320 application=db_connection [error] Postgrex.Protocol (#PID<0.195.0>) failed to connect: ** (DBConnection.ConnectionError) tcp connect (db:5432): non-existing domain - :nxdomain
2025-09-30T15:26:41.321 application=db_connection [error] Postgrex.Protocol (#PID<0.200.0>) failed to connect: ** (DBConnection.ConnectionError) tcp connect (db:5432): non-existing domain - :nxdomain
2025-09-30T15:26:41.320 [error] :gen_statem #PID<0.212.0> terminating
** (DBConnection.ConnectionError) tcp connect (db:5432): non-existing domain - :nxdomain
    (db_connection 2.8.0) lib/db_connection/connection.ex:104: DBConnection.Connection.handle_event/4
    (stdlib 6.2.2) gen_statem.erl:3737: :gen_statem.loop_state_callback/11
    (stdlib 6.2.2) proc_lib.erl:329: :proc_lib.init_p_do_apply/3
Queue: [internal: {:connect, :init}]
Postponed: []
State: Postgrex.Protocol
Callback mode: :handle_event_function, state_enter: false
2025-09-30T15:26:45.188 application=db_connection [error] Postgrex.Protocol (#PID<0.216.0>) failed to connect: ** (DBConnection.ConnectionError) tcp connect (db:5432): non-existing domain - :nxdomain
2025-09-30T15:26:45.188 [error] :gen_statem #PID<0.216.0> terminating
** (DBConnection.ConnectionError) tcp connect (db:5432): non-existing domain - :nxdomain
    (db_connection 2.8.0) lib/db_connection/connection.ex:104: DBConnection.Connection.handle_event/4
    (stdlib 6.2.2) gen_statem.erl:3737: :gen_statem.loop_state_callback/11
    (stdlib 6.2.2) proc_lib.erl:329: :proc_lib.init_p_do_apply/3
Queue: [internal: {:connect, :init}]
Postponed: []
State: Postgrex.Protocol
Callback mode: :handle_event_function, state_enter: false
2025-09-30T15:26:49.050 application=db_connection [error] Postgrex.Protocol (#PID<0.200.0>) failed to connect: ** (DBConnection.ConnectionError) tcp connect (db:5432): non-existing domain - :nxdomain
2025-09-30T15:26:49.050 application=db_connection [error] Postgrex.Protocol (#PID<0.201.0>) failed to connect: ** (DBConnection.ConnectionError) tcp connect (db:5432): non-existing domain - :nxdomain
2025-09-30T15:26:49.050 application=db_connection [error] Postgrex.Protocol (#PID<0.195.0>) failed to connect: ** (DBConnection.ConnectionError) tcp connect (db:5432): non-existing domain - :nxdomain
2025-09-30T15:26:49.050 application=db_connection [error] Postgrex.Protocol (#PID<0.220.0>) failed to connect: ** (DBConnection.ConnectionError) tcp connect (db:5432): non-existing domain - :nxdomain
2025-09-30T15:26:49.050 application=db_connection [error] Postgrex.Protocol (#PID<0.196.0>) failed to connect: ** (DBConnection.ConnectionError) tcp connect (db:5432): non-existing domain - :nxdomain
2025-09-30T15:26:49.050 [error] :gen_statem #PID<0.220.0> terminating
** (DBConnection.ConnectionError) tcp connect (db:5432): non-existing domain - :nxdomain
    (db_connection 2.8.0) lib/db_connection/connection.ex:104: DBConnection.Connection.handle_event/4
    (stdlib 6.2.2) gen_statem.erl:3737: :gen_statem.loop_state_callback/11
    (stdlib 6.2.2) proc_lib.erl:329: :proc_lib.init_p_do_apply/3
Queue: [internal: {:connect, :init}]
Postponed: []
State: Postgrex.Protocol
Callback mode: :handle_event_function, state_enter: false
2025-09-30T15:26:53.552 application=ecto_sql [error] Could not create schema migrations table. This error usually happens due to the following:

  * The database does not exist
  * The "schema_migrations" table, which Ecto uses for managing
    migrations, was defined by another library
  * There is a deadlock while migrating (such as using concurrent
    indexes with a migration_lock)

To fix the first issue, run "mix ecto.create" for the desired MIX_ENV.

To address the second, you can run "mix ecto.drop" followed by
"mix ecto.create", both for the desired MIX_ENV. Alternatively you may
configure Ecto to use another table and/or repository for managing
migrations:

    config :explorer, Explorer.Repo,
      migration_source: "some_other_table_for_schema_migrations",
      migration_repo: AnotherRepoForSchemaMigrations

The full error report is shown below.

2025-09-30T15:26:59.642 application=db_connection [error] Postgrex.Protocol (#PID<0.201.0>) failed to connect: ** (DBConnection.ConnectionError) tcp connect (db:5432): non-existing domain - :nxdomain
2025-09-30T15:26:59.641 application=db_connection [error] Postgrex.Protocol (#PID<0.195.0>) failed to connect: ** (DBConnection.ConnectionError) tcp connect (db:5432): non-existing domain - :nxdomain
2025-09-30T15:26:59.642 application=db_connection [error] Postgrex.Protocol (#PID<0.200.0>) failed to connect: ** (DBConnection.ConnectionError) tcp connect (db:5432): non-existing domain - :nxdomain
2025-09-30T15:26:59.641 application=db_connection [error] Postgrex.Protocol (#PID<0.196.0>) failed to connect: ** (DBConnection.ConnectionError) tcp connect (db:5432): non-existing domain - :nxdomain
2025-09-30T15:26:59.641 application=db_connection [error] Postgrex.Protocol (#PID<0.207.0>) failed to connect: ** (DBConnection.ConnectionError) tcp connect (db:5432): non-existing domain - :nxdomain
2025-09-30T15:26:59.681 [error] :gen_statem #PID<0.207.0> terminating
** (DBConnection.ConnectionError) tcp connect (db:5432): non-existing domain - :nxdomain
    (db_connection 2.8.0) lib/db_connection/connection.ex:104: DBConnection.Connection.handle_event/4
    (stdlib 6.2.2) gen_statem.erl:3737: :gen_statem.loop_state_callback/11
    (stdlib 6.2.2) proc_lib.erl:329: :proc_lib.init_p_do_apply/3
Queue: [internal: {:connect, :init}]
Postponed: []
State: Postgrex.Protocol
Callback mode: :handle_event_function, state_enter: false
2025-09-30T15:27:03.588 application=db_connection [error] Postgrex.Protocol (#PID<0.212.0>) failed to connect: ** (DBConnection.ConnectionError) tcp connect (db:5432): non-existing domain - :nxdomain
2025-09-30T15:27:03.588 application=db_connection [error] Postgrex.Protocol (#PID<0.196.0>) failed to connect: ** (DBConnection.ConnectionError) tcp connect (db:5432): non-existing domain - :nxdomain
2025-09-30T15:27:03.588 application=db_connection [error] Postgrex.Protocol (#PID<0.195.0>) failed to connect: ** (DBConnection.ConnectionError) tcp connect (db:5432): non-existing domain - :nxdomain
2025-09-30T15:27:03.588 application=db_connection [error] Postgrex.Protocol (#PID<0.200.0>) failed to connect: ** (DBConnection.ConnectionError) tcp connect (db:5432): non-existing domain - :nxdomain
2025-09-30T15:27:03.588 application=db_connection [error] Postgrex.Protocol (#PID<0.201.0>) failed to connect: ** (DBConnection.ConnectionError) tcp connect (db:5432): non-existing domain - :nxdomain
2025-09-30T15:27:03.588 [error] :gen_statem #PID<0.212.0> terminating
** (DBConnection.ConnectionError) tcp connect (db:5432): non-existing domain - :nxdomain
    (db_connection 2.8.0) lib/db_connection/connection.ex:104: DBConnection.Connection.handle_event/4
    (stdlib 6.2.2) gen_statem.erl:3737: :gen_statem.loop_state_callback/11
    (stdlib 6.2.2) proc_lib.erl:329: :proc_lib.init_p_do_apply/3
Queue: [internal: {:connect, :init}]
Postponed: []
State: Postgrex.Protocol
Callback mode: :handle_event_function, state_enter: false
2025-09-30T15:27:07.441 application=db_connection [error] Postgrex.Protocol (#PID<0.196.0>) failed to connect: ** (DBConnection.ConnectionError) tcp connect (db:5432): non-existing domain - :nxdomain
2025-09-30T15:27:07.441 application=db_connection [error] Postgrex.Protocol (#PID<0.195.0>) failed to connect: ** (DBConnection.ConnectionError) tcp connect (db:5432): non-existing domain - :nxdomain
2025-09-30T15:27:07.441 application=db_connection [error] Postgrex.Protocol (#PID<0.216.0>) failed to connect: ** (DBConnection.ConnectionError) tcp connect (db:5432): non-existing domain - :nxdomain
2025-09-30T15:27:07.441 application=db_connection [error] Postgrex.Protocol (#PID<0.201.0>) failed to connect: ** (DBConnection.ConnectionError) tcp connect (db:5432): non-existing domain - :nxdomain
2025-09-30T15:27:07.441 [error] :gen_statem #PID<0.216.0> terminating
** (DBConnection.ConnectionError) tcp connect (db:5432): non-existing domain - :nxdomain
    (db_connection 2.8.0) lib/db_connection/connection.ex:104: DBConnection.Connection.handle_event/4
    (stdlib 6.2.2) gen_statem.erl:3737: :gen_statem.loop_state_callback/11
    (stdlib 6.2.2) proc_lib.erl:329: :proc_lib.init_p_do_apply/3
Queue: [internal: {:connect, :init}]
Postponed: []
State: Postgrex.Protocol
Callback mode: :handle_event_function, state_enter: false
2025-09-30T15:27:11.295 application=db_connection [error] Postgrex.Protocol (#PID<0.220.0>) failed to connect: ** (DBConnection.ConnectionError) tcp connect (db:5432): non-existing domain - :nxdomain
2025-09-30T15:27:11.295 application=db_connection [error] Postgrex.Protocol (#PID<0.195.0>) failed to connect: ** (DBConnection.ConnectionError) tcp connect (db:5432): non-existing domain - :nxdomain
2025-09-30T15:27:11.295 application=db_connection [error] Postgrex.Protocol (#PID<0.200.0>) failed to connect: ** (DBConnection.ConnectionError) tcp connect (db:5432): non-existing domain - :nxdomain
2025-09-30T15:27:11.295 application=db_connection [error] Postgrex.Protocol (#PID<0.196.0>) failed to connect: ** (DBConnection.ConnectionError) tcp connect (db:5432): non-existing domain - :nxdomain
2025-09-30T15:27:11.295 [error] :gen_statem #PID<0.220.0> terminating
** (DBConnection.ConnectionError) tcp connect (db:5432): non-existing domain - :nxdomain
    (db_connection 2.8.0) lib/db_connection/connection.ex:104: DBConnection.Connection.handle_event/4
    (stdlib 6.2.2) gen_statem.erl:3737: :gen_statem.loop_state_callback/11
    (stdlib 6.2.2) proc_lib.erl:329: :proc_lib.init_p_do_apply/3
Queue: [internal: {:connect, :init}]
Postponed: []
State: Postgrex.Protocol
Callback mode: :handle_event_function, state_enter: false
2025-09-30T15:27:15.132 application=db_connection [error] Postgrex.Protocol (#PID<0.196.0>) failed to connect: ** (DBConnection.ConnectionError) tcp connect (db:5432): non-existing domain - :nxdomain
2025-09-30T15:27:15.132 application=db_connection [error] Postgrex.Protocol (#PID<0.201.0>) failed to connect: ** (DBConnection.ConnectionError) tcp connect (db:5432): non-existing domain - :nxdomain
2025-09-30T15:27:15.748 application=ecto_sql [error] Could not create schema migrations table. This error usually happens due to the following:

  * The database does not exist
  * The "schema_migrations" table, which Ecto uses for managing
    migrations, was defined by another library
  * There is a deadlock while migrating (such as using concurrent
    indexes with a migration_lock)

To fix the first issue, run "mix ecto.create" for the desired MIX_ENV.

To address the second, you can run "mix ecto.drop" followed by
"mix ecto.create", both for the desired MIX_ENV. Alternatively you may
configure Ecto to use another table and/or repository for managing
migrations:

    config :explorer, Explorer.Repo,
      migration_source: "some_other_table_for_schema_migrations",
      migration_repo: AnotherRepoForSchemaMigrations

The full error report is shown below.

2025-09-30T15:27:27.006 application=db_connection [error] Postgrex.Protocol (#PID<0.201.0>) failed to connect: ** (DBConnection.ConnectionError) tcp connect (db:5432): non-existing domain - :nxdomain
2025-09-30T15:27:27.006 application=db_connection [error] Postgrex.Protocol (#PID<0.200.0>) failed to connect: ** (DBConnection.ConnectionError) tcp connect (db:5432): non-existing domain - :nxdomain
2025-09-30T15:27:27.006 application=db_connection [error] Postgrex.Protocol (#PID<0.195.0>) failed to connect: ** (DBConnection.ConnectionError) tcp connect (db:5432): non-existing domain - :nxdomain
2025-09-30T15:27:27.006 application=db_connection [error] Postgrex.Protocol (#PID<0.196.0>) failed to connect: ** (DBConnection.ConnectionError) tcp connect (db:5432): non-existing domain - :nxdomain
2025-09-30T15:27:27.006 application=db_connection [error] Postgrex.Protocol (#PID<0.207.0>) failed to connect: ** (DBConnection.ConnectionError) tcp connect (db:5432): non-existing domain - :nxdomain
2025-09-30T15:27:27.014 [error] :gen_statem #PID<0.207.0> terminating
** (DBConnection.ConnectionError) tcp connect (db:5432): non-existing domain - :nxdomain
    (db_connection 2.8.0) lib/db_connection/connection.ex:104: DBConnection.Connection.handle_event/4
    (stdlib 6.2.2) gen_statem.erl:3737: :gen_statem.loop_state_callback/11
    (stdlib 6.2.2) proc_lib.erl:329: :proc_lib.init_p_do_apply/3
Queue: [internal: {:connect, :init}]
Postponed: []
State: Postgrex.Protocol
Callback mode: :handle_event_function, state_enter: false
2025-09-30T15:27:30.884 application=db_connection [error] Postgrex.Protocol (#PID<0.201.0>) failed to connect: ** (DBConnection.ConnectionError) tcp connect (db:5432): non-existing domain - :nxdomain
2025-09-30T15:27:30.884 application=db_connection [error] Postgrex.Protocol (#PID<0.211.0>) failed to connect: ** (DBConnection.ConnectionError) tcp connect (db:5432): non-existing domain - :nxdomain
2025-09-30T15:27:30.884 application=db_connection [error] Postgrex.Protocol (#PID<0.196.0>) failed to connect: ** (DBConnection.ConnectionError) tcp connect (db:5432): non-existing domain - :nxdomain
2025-09-30T15:27:30.884 application=db_connection [error] Postgrex.Protocol (#PID<0.195.0>) failed to connect: ** (DBConnection.ConnectionError) tcp connect (db:5432): non-existing domain - :nxdomain
2025-09-30T15:27:30.884 application=db_connection [error] Postgrex.Protocol (#PID<0.200.0>) failed to connect: ** (DBConnection.ConnectionError) tcp connect (db:5432): non-existing domain - :nxdomain
2025-09-30T15:27:30.884 [error] :gen_statem #PID<0.211.0> terminating
** (DBConnection.ConnectionError) tcp connect (db:5432): non-existing domain - :nxdomain
    (db_connection 2.8.0) lib/db_connection/connection.ex:104: DBConnection.Connection.handle_event/4
    (stdlib 6.2.2) gen_statem.erl:3737: :gen_statem.loop_state_callback/11
    (stdlib 6.2.2) proc_lib.erl:329: :proc_lib.init_p_do_apply/3
Queue: [internal: {:connect, :init}]
Postponed: []
State: Postgrex.Protocol
Callback mode: :handle_event_function, state_enter: false
2025-09-30T15:27:34.737 application=db_connection [error] Postgrex.Protocol (#PID<0.216.0>) failed to connect: ** (DBConnection.ConnectionError) tcp connect (db:5432): non-existing domain - :nxdomain
2025-09-30T15:27:34.737 application=db_connection [error] Postgrex.Protocol (#PID<0.201.0>) failed to connect: ** (DBConnection.ConnectionError) tcp connect (db:5432): non-existing domain - :nxdomain
2025-09-30T15:27:34.737 application=db_connection [error] Postgrex.Protocol (#PID<0.196.0>) failed to connect: ** (DBConnection.ConnectionError) tcp connect (db:5432): non-existing domain - :nxdomain
2025-09-30T15:27:34.737 [error] :gen_statem #PID<0.216.0> terminating
** (DBConnection.ConnectionError) tcp connect (db:5432): non-existing domain - :nxdomain
    (db_connection 2.8.0) lib/db_connection/connection.ex:104: DBConnection.Connection.handle_event/4
    (stdlib 6.2.2) gen_statem.erl:3737: :gen_statem.loop_state_callback/11
    (stdlib 6.2.2) proc_lib.erl:329: :proc_lib.init_p_do_apply/3
Queue: [internal: {:connect, :init}]
Postponed: []
State: Postgrex.Protocol
Callback mode: :handle_event_function, state_enter: false
2025-09-30T15:27:38.604 application=db_connection [error] Postgrex.Protocol (#PID<0.220.0>) failed to connect: ** (DBConnection.ConnectionError) tcp connect (db:5432): non-existing domain - :nxdomain
2025-09-30T15:27:38.604 application=db_connection [error] Postgrex.Protocol (#PID<0.200.0>) failed to connect: ** (DBConnection.ConnectionError) tcp connect (db:5432): non-existing domain - :nxdomain
2025-09-30T15:27:38.604 application=db_connection [error] Postgrex.Protocol (#PID<0.201.0>) failed to connect: ** (DBConnection.ConnectionError) tcp connect (db:5432): non-existing domain - :nxdomain
2025-09-30T15:27:38.604 application=db_connection [error] Postgrex.Protocol (#PID<0.195.0>) failed to connect: ** (DBConnection.ConnectionError) tcp connect (db:5432): non-existing domain - :nxdomain
2025-09-30T15:27:38.604 [error] :gen_statem #PID<0.220.0> terminating
** (DBConnection.ConnectionError) tcp connect (db:5432): non-existing domain - :nxdomain
    (db_connection 2.8.0) lib/db_connection/connection.ex:104: DBConnection.Connection.handle_event/4
    (stdlib 6.2.2) gen_statem.erl:3737: :gen_statem.loop_state_callback/11
    (stdlib 6.2.2) proc_lib.erl:329: :proc_lib.init_p_do_apply/3
Queue: [internal: {:connect, :init}]
Postponed: []
State: Postgrex.Protocol
Callback mode: :handle_event_function, state_enter: false
2025-09-30T15:27:43.046 application=db_connection [error] Postgrex.Protocol (#PID<0.196.0>) failed to connect: ** (DBConnection.ConnectionError) tcp connect (db:5432): non-existing domain - :nxdomain
2025-09-30T15:27:43.108 application=ecto_sql [error] Could not create schema migrations table. This error usually happens due to the following:

  * The database does not exist
  * The "schema_migrations" table, which Ecto uses for managing
    migrations, was defined by another library
  * There is a deadlock while migrating (such as using concurrent
    indexes with a migration_lock)

To fix the first issue, run "mix ecto.create" for the desired MIX_ENV.

To address the second, you can run "mix ecto.drop" followed by
"mix ecto.create", both for the desired MIX_ENV. Alternatively you may
configure Ecto to use another table and/or repository for managing
migrations:

    config :explorer, Explorer.Repo,
      migration_source: "some_other_table_for_schema_migrations",
      migration_repo: AnotherRepoForSchemaMigrations

The full error report is shown below.

2025-09-30T15:27:52.867 application=db_connection [error] Postgrex.Protocol (#PID<0.200.0>) failed to connect: ** (DBConnection.ConnectionError) tcp connect (db:5432): non-existing domain - :nxdomain
2025-09-30T15:27:52.867 application=db_connection [error] Postgrex.Protocol (#PID<0.201.0>) failed to connect: ** (DBConnection.ConnectionError) tcp connect (db:5432): non-existing domain - :nxdomain
2025-09-30T15:27:52.867 application=db_connection [error] Postgrex.Protocol (#PID<0.207.0>) failed to connect: ** (DBConnection.ConnectionError) tcp connect (db:5432): non-existing domain - :nxdomain
2025-09-30T15:27:52.867 application=db_connection [error] Postgrex.Protocol (#PID<0.196.0>) failed to connect: ** (DBConnection.ConnectionError) tcp connect (db:5432): non-existing domain - :nxdomain
2025-09-30T15:27:52.867 application=db_connection [error] Postgrex.Protocol (#PID<0.195.0>) failed to connect: ** (DBConnection.ConnectionError) tcp connect (db:5432): non-existing domain - :nxdomain
2025-09-30T15:27:52.875 [error] :gen_statem #PID<0.207.0> terminating
** (DBConnection.ConnectionError) tcp connect (db:5432): non-existing domain - :nxdomain
    (db_connection 2.8.0) lib/db_connection/connection.ex:104: DBConnection.Connection.handle_event/4
    (stdlib 6.2.2) gen_statem.erl:3737: :gen_statem.loop_state_callback/11
    (stdlib 6.2.2) proc_lib.erl:329: :proc_lib.init_p_do_apply/3
Queue: [internal: {:connect, :init}]
Postponed: []
State: Postgrex.Protocol
Callback mode: :handle_event_function, state_enter: false
2025-09-30T15:27:55.631 application=db_connection [error] Postgrex.Protocol (#PID<0.212.0>) failed to connect: ** (DBConnection.ConnectionError) tcp connect (db:5432): non-existing domain - :nxdomain
2025-09-30T15:27:55.632 application=db_connection [error] Postgrex.Protocol (#PID<0.200.0>) failed to connect: ** (DBConnection.ConnectionError) tcp connect (db:5432): non-existing domain - :nxdomain
2025-09-30T15:27:55.632 application=db_connection [error] Postgrex.Protocol (#PID<0.196.0>) failed to connect: ** (DBConnection.ConnectionError) tcp connect (db:5432): non-existing domain - :nxdomain
2025-09-30T15:27:55.632 application=db_connection [error] Postgrex.Protocol (#PID<0.201.0>) failed to connect: ** (DBConnection.ConnectionError) tcp connect (db:5432): non-existing domain - :nxdomain
2025-09-30T15:27:55.632 application=db_connection [error] Postgrex.Protocol (#PID<0.195.0>) failed to connect: ** (DBConnection.ConnectionError) tcp connect (db:5432): non-existing domain - :nxdomain
2025-09-30T15:27:55.631 [error] :gen_statem #PID<0.212.0> terminating
** (DBConnection.ConnectionError) tcp connect (db:5432): non-existing domain - :nxdomain
    (db_connection 2.8.0) lib/db_connection/connection.ex:104: DBConnection.Connection.handle_event/4
    (stdlib 6.2.2) gen_statem.erl:3737: :gen_statem.loop_state_callback/11
    (stdlib 6.2.2) proc_lib.erl:329: :proc_lib.init_p_do_apply/3
Queue: [internal: {:connect, :init}]
Postponed: []
State: Postgrex.Protocol
Callback mode: :handle_event_function, state_enter: false
2025-09-30T15:27:59.468 application=db_connection [error] Postgrex.Protocol (#PID<0.216.0>) failed to connect: ** (DBConnection.ConnectionError) tcp connect (db:5432): non-existing domain - :nxdomain
2025-09-30T15:27:59.469 application=db_connection [error] Postgrex.Protocol (#PID<0.201.0>) failed to connect: ** (DBConnection.ConnectionError) tcp connect (db:5432): non-existing domain - :nxdomain
2025-09-30T15:27:59.468 [error] :gen_statem #PID<0.216.0> terminating
** (DBConnection.ConnectionError) tcp connect (db:5432): non-existing domain - :nxdomain
    (db_connection 2.8.0) lib/db_connection/connection.ex:104: DBConnection.Connection.handle_event/4
    (stdlib 6.2.2) gen_statem.erl:3737: :gen_statem.loop_state_callback/11
    (stdlib 6.2.2) proc_lib.erl:329: :proc_lib.init_p_do_apply/3
Queue: [internal: {:connect, :init}]
Postponed: []
State: Postgrex.Protocol
Callback mode: :handle_event_function, state_enter: false
2025-09-30T15:28:03.307 application=db_connection [error] Postgrex.Protocol (#PID<0.220.0>) failed to connect: ** (DBConnection.ConnectionError) tcp connect (db:5432): non-existing domain - :nxdomain
2025-09-30T15:28:03.307 application=db_connection [error] Postgrex.Protocol (#PID<0.195.0>) failed to connect: ** (DBConnection.ConnectionError) tcp connect (db:5432): non-existing domain - :nxdomain
2025-09-30T15:28:03.307 application=db_connection [error] Postgrex.Protocol (#PID<0.196.0>) failed to connect: ** (DBConnection.ConnectionError) tcp connect (db:5432): non-existing domain - :nxdomain
2025-09-30T15:28:03.307 application=db_connection [error] Postgrex.Protocol (#PID<0.200.0>) failed to connect: ** (DBConnection.ConnectionError) tcp connect (db:5432): non-existing domain - :nxdomain
2025-09-30T15:28:03.307 [error] :gen_statem #PID<0.220.0> terminating
** (DBConnection.ConnectionError) tcp connect (db:5432): non-existing domain - :nxdomain
    (db_connection 2.8.0) lib/db_connection/connection.ex:104: DBConnection.Connection.handle_event/4
    (stdlib 6.2.2) gen_statem.erl:3737: :gen_statem.loop_state_callback/11
    (stdlib 6.2.2) proc_lib.erl:329: :proc_lib.init_p_do_apply/3
Queue: [internal: {:connect, :init}]
Postponed: []
State: Postgrex.Protocol
Callback mode: :handle_event_function, state_enter: false
2025-09-30T15:28:07.371 application=db_connection [error] Postgrex.Protocol (#PID<0.201.0>) failed to connect: ** (DBConnection.ConnectionError) tcp connect (db:5432): non-existing domain - :nxdomain
2025-09-30T15:28:07.881 application=ecto_sql [error] Could not create schema migrations table. This error usually happens due to the following:

  * The database does not exist
  * The "schema_migrations" table, which Ecto uses for managing
    migrations, was defined by another library
  * There is a deadlock while migrating (such as using concurrent
    indexes with a migration_lock)

To fix the first issue, run "mix ecto.create" for the desired MIX_ENV.

To address the second, you can run "mix ecto.drop" followed by
"mix ecto.create", both for the desired MIX_ENV. Alternatively you may
configure Ecto to use another table and/or repository for managing
migrations:

    config :explorer, Explorer.Repo,
      migration_source: "some_other_table_for_schema_migrations",
      migration_repo: AnotherRepoForSchemaMigrations

The full error report is shown below.

2025-09-30T15:28:18.100 application=db_connection [error] Postgrex.Protocol (#PID<0.195.0>) failed to connect: ** (DBConnection.ConnectionError) tcp connect (db:5432): non-existing domain - :nxdomain
2025-09-30T15:28:18.101 application=db_connection [error] Postgrex.Protocol (#PID<0.200.0>) failed to connect: ** (DBConnection.ConnectionError) tcp connect (db:5432): non-existing domain - :nxdomain
2025-09-30T15:28:18.100 application=db_connection [error] Postgrex.Protocol (#PID<0.207.0>) failed to connect: ** (DBConnection.ConnectionError) tcp connect (db:5432): non-existing domain - :nxdomain
2025-09-30T15:28:18.100 application=db_connection [error] Postgrex.Protocol (#PID<0.201.0>) failed to connect: ** (DBConnection.ConnectionError) tcp connect (db:5432): non-existing domain - :nxdomain
2025-09-30T15:28:18.100 application=db_connection [error] Postgrex.Protocol (#PID<0.196.0>) failed to connect: ** (DBConnection.ConnectionError) tcp connect (db:5432): non-existing domain - :nxdomain
2025-09-30T15:28:18.107 [error] :gen_statem #PID<0.207.0> terminating
** (DBConnection.ConnectionError) tcp connect (db:5432): non-existing domain - :nxdomain
    (db_connection 2.8.0) lib/db_connection/connection.ex:104: DBConnection.Connection.handle_event/4
    (stdlib 6.2.2) gen_statem.erl:3737: :gen_statem.loop_state_callback/11
    (stdlib 6.2.2) proc_lib.erl:329: :proc_lib.init_p_do_apply/3
Queue: [internal: {:connect, :init}]
Postponed: []
State: Postgrex.Protocol
Callback mode: :handle_event_function, state_enter: false
2025-09-30T15:28:21.967 application=db_connection [error] Postgrex.Protocol (#PID<0.212.0>) failed to connect: ** (DBConnection.ConnectionError) tcp connect (db:5432): non-existing domain - :nxdomain
2025-09-30T15:28:21.967 application=db_connection [error] Postgrex.Protocol (#PID<0.196.0>) failed to connect: ** (DBConnection.ConnectionError) tcp connect (db:5432): non-existing domain - :nxdomain
2025-09-30T15:28:21.967 application=db_connection [error] Postgrex.Protocol (#PID<0.200.0>) failed to connect: ** (DBConnection.ConnectionError) tcp connect (db:5432): non-existing domain - :nxdomain
2025-09-30T15:28:21.967 application=db_connection [error] Postgrex.Protocol (#PID<0.201.0>) failed to connect: ** (DBConnection.ConnectionError) tcp connect (db:5432): non-existing domain - :nxdomain
2025-09-30T15:28:21.967 application=db_connection [error] Postgrex.Protocol (#PID<0.195.0>) failed to connect: ** (DBConnection.ConnectionError) tcp connect (db:5432): non-existing domain - :nxdomain
2025-09-30T15:28:21.967 [error] :gen_statem #PID<0.212.0> terminating
** (DBConnection.ConnectionError) tcp connect (db:5432): non-existing domain - :nxdomain
    (db_connection 2.8.0) lib/db_connection/connection.ex:104: DBConnection.Connection.handle_event/4
    (stdlib 6.2.2) gen_statem.erl:3737: :gen_statem.loop_state_callback/11
    (stdlib 6.2.2) proc_lib.erl:329: :proc_lib.init_p_do_apply/3
Queue: [internal: {:connect, :init}]
Postponed: []
State: Postgrex.Protocol
Callback mode: :handle_event_function, state_enter: false
2025-09-30T15:28:24.726 application=db_connection [error] Postgrex.Protocol (#PID<0.216.0>) failed to connect: ** (DBConnection.ConnectionError) tcp connect (db:5432): non-existing domain - :nxdomain
2025-09-30T15:28:24.726 application=db_connection [error] Postgrex.Protocol (#PID<0.200.0>) failed to connect: ** (DBConnection.ConnectionError) tcp connect (db:5432): non-existing domain - :nxdomain
2025-09-30T15:28:24.727 [error] :gen_statem #PID<0.216.0> terminating
** (DBConnection.ConnectionError) tcp connect (db:5432): non-existing domain - :nxdomain
    (db_connection 2.8.0) lib/db_connection/connection.ex:104: DBConnection.Connection.handle_event/4
    (stdlib 6.2.2) gen_statem.erl:3737: :gen_statem.loop_state_callback/11
    (stdlib 6.2.2) proc_lib.erl:329: :proc_lib.init_p_do_apply/3
Queue: [internal: {:connect, :init}]
Postponed: []
State: Postgrex.Protocol
Callback mode: :handle_event_function, state_enter: false
2025-09-30T15:28:28.563 application=db_connection [error] Postgrex.Protocol (#PID<0.220.0>) failed to connect: ** (DBConnection.ConnectionError) tcp connect (db:5432): non-existing domain - :nxdomain
2025-09-30T15:28:28.563 application=db_connection [error] Postgrex.Protocol (#PID<0.196.0>) failed to connect: ** (DBConnection.ConnectionError) tcp connect (db:5432): non-existing domain - :nxdomain
2025-09-30T15:28:28.563 application=db_connection [error] Postgrex.Protocol (#PID<0.195.0>) failed to connect: ** (DBConnection.ConnectionError) tcp connect (db:5432): non-existing domain - :nxdomain
2025-09-30T15:28:28.563 application=db_connection [error] Postgrex.Protocol (#PID<0.201.0>) failed to connect: ** (DBConnection.ConnectionError) tcp connect (db:5432): non-existing domain - :nxdomain
2025-09-30T15:28:28.563 [error] :gen_statem #PID<0.220.0> terminating
** (DBConnection.ConnectionError) tcp connect (db:5432): non-existing domain - :nxdomain
    (db_connection 2.8.0) lib/db_connection/connection.ex:104: DBConnection.Connection.handle_event/4
    (stdlib 6.2.2) gen_statem.erl:3737: :gen_statem.loop_state_callback/11
    (stdlib 6.2.2) proc_lib.erl:329: :proc_lib.init_p_do_apply/3
Queue: [internal: {:connect, :init}]
Postponed: []
State: Postgrex.Protocol
Callback mode: :handle_event_function, state_enter: false
2025-09-30T15:28:33.120 application=ecto_sql [error] Could not create schema migrations table. This error usually happens due to the following:

  * The database does not exist
  * The "schema_migrations" table, which Ecto uses for managing
    migrations, was defined by another library
  * There is a deadlock while migrating (such as using concurrent
    indexes with a migration_lock)

To fix the first issue, run "mix ecto.create" for the desired MIX_ENV.

To address the second, you can run "mix ecto.drop" followed by
"mix ecto.create", both for the desired MIX_ENV. Alternatively you may
configure Ecto to use another table and/or repository for managing
migrations:

    config :explorer, Explorer.Repo,
      migration_source: "some_other_table_for_schema_migrations",
      migration_repo: AnotherRepoForSchemaMigrations

The full error report is shown below.

2025-09-30T15:28:42.242 application=db_connection [error] Postgrex.Protocol (#PID<0.207.0>) failed to connect: ** (DBConnection.ConnectionError) tcp connect (db:5432): non-existing domain - :nxdomain
2025-09-30T15:28:42.241 application=db_connection [error] Postgrex.Protocol (#PID<0.195.0>) failed to connect: ** (DBConnection.ConnectionError) tcp connect (db:5432): non-existing domain - :nxdomain
2025-09-30T15:28:42.241 application=db_connection [error] Postgrex.Protocol (#PID<0.201.0>) failed to connect: ** (DBConnection.ConnectionError) tcp connect (db:5432): non-existing domain - :nxdomain
2025-09-30T15:28:42.241 application=db_connection [error] Postgrex.Protocol (#PID<0.196.0>) failed to connect: ** (DBConnection.ConnectionError) tcp connect (db:5432): non-existing domain - :nxdomain
2025-09-30T15:28:42.241 application=db_connection [error] Postgrex.Protocol (#PID<0.200.0>) failed to connect: ** (DBConnection.ConnectionError) tcp connect (db:5432): non-existing domain - :nxdomain
2025-09-30T15:28:42.260 [error] :gen_statem #PID<0.207.0> terminating
** (DBConnection.ConnectionError) tcp connect (db:5432): non-existing domain - :nxdomain
    (db_connection 2.8.0) lib/db_connection/connection.ex:104: DBConnection.Connection.handle_event/4
    (stdlib 6.2.2) gen_statem.erl:3737: :gen_statem.loop_state_callback/11
    (stdlib 6.2.2) proc_lib.erl:329: :proc_lib.init_p_do_apply/3
Queue: [internal: {:connect, :init}]
Postponed: []
State: Postgrex.Protocol
Callback mode: :handle_event_function, state_enter: false
2025-09-30T15:28:46.184 application=db_connection [error] Postgrex.Protocol (#PID<0.212.0>) failed to connect: ** (DBConnection.ConnectionError) tcp connect (db:5432): non-existing domain - :nxdomain
2025-09-30T15:28:46.184 application=db_connection [error] Postgrex.Protocol (#PID<0.201.0>) failed to connect: ** (DBConnection.ConnectionError) tcp connect (db:5432): non-existing domain - :nxdomain
2025-09-30T15:28:46.184 application=db_connection [error] Postgrex.Protocol (#PID<0.196.0>) failed to connect: ** (DBConnection.ConnectionError) tcp connect (db:5432): non-existing domain - :nxdomain
2025-09-30T15:28:46.184 application=db_connection [error] Postgrex.Protocol (#PID<0.195.0>) failed to connect: ** (DBConnection.ConnectionError) tcp connect (db:5432): non-existing domain - :nxdomain
2025-09-30T15:28:46.184 application=db_connection [error] Postgrex.Protocol (#PID<0.200.0>) failed to connect: ** (DBConnection.ConnectionError) tcp connect (db:5432): non-existing domain - :nxdomain
2025-09-30T15:28:46.184 [error] :gen_statem #PID<0.212.0> terminating
** (DBConnection.ConnectionError) tcp connect (db:5432): non-existing domain - :nxdomain
    (db_connection 2.8.0) lib/db_connection/connection.ex:104: DBConnection.Connection.handle_event/4
    (stdlib 6.2.2) gen_statem.erl:3737: :gen_statem.loop_state_callback/11
    (stdlib 6.2.2) proc_lib.erl:329: :proc_lib.init_p_do_apply/3
Queue: [internal: {:connect, :init}]
Postponed: []
State: Postgrex.Protocol
Callback mode: :handle_event_function, state_enter: false
2025-09-30T15:28:50.029 application=db_connection [error] Postgrex.Protocol (#PID<0.216.0>) failed to connect: ** (DBConnection.ConnectionError) tcp connect (db:5432): non-existing domain - :nxdomain
2025-09-30T15:28:50.029 application=db_connection [error] Postgrex.Protocol (#PID<0.201.0>) failed to connect: ** (DBConnection.ConnectionError) tcp connect (db:5432): non-existing domain - :nxdomain
2025-09-30T15:28:50.029 application=db_connection [error] Postgrex.Protocol (#PID<0.195.0>) failed to connect: ** (DBConnection.ConnectionError) tcp connect (db:5432): non-existing domain - :nxdomain
2025-09-30T15:28:50.029 application=db_connection [error] Postgrex.Protocol (#PID<0.196.0>) failed to connect: ** (DBConnection.ConnectionError) tcp connect (db:5432): non-existing domain - :nxdomain
2025-09-30T15:28:50.029 [error] :gen_statem #PID<0.216.0> terminating
** (DBConnection.ConnectionError) tcp connect (db:5432): non-existing domain - :nxdomain
    (db_connection 2.8.0) lib/db_connection/connection.ex:104: DBConnection.Connection.handle_event/4
    (stdlib 6.2.2) gen_statem.erl:3737: :gen_statem.loop_state_callback/11
    (stdlib 6.2.2) proc_lib.erl:329: :proc_lib.init_p_do_apply/3
Queue: [internal: {:connect, :init}]
Postponed: []
State: Postgrex.Protocol
Callback mode: :handle_event_function, state_enter: false
2025-09-30T15:28:52.811 application=db_connection [error] Postgrex.Protocol (#PID<0.201.0>) failed to connect: ** (DBConnection.ConnectionError) tcp connect (db:5432): non-existing domain - :nxdomain
2025-09-30T15:28:52.811 application=db_connection [error] Postgrex.Protocol (#PID<0.220.0>) failed to connect: ** (DBConnection.ConnectionError) tcp connect (db:5432): non-existing domain - :nxdomain
2025-09-30T15:28:52.812 application=db_connection [error] Postgrex.Protocol (#PID<0.200.0>) failed to connect: ** (DBConnection.ConnectionError) tcp connect (db:5432): non-existing domain - :nxdomain
2025-09-30T15:28:52.812 [error] :gen_statem #PID<0.220.0> terminating
** (DBConnection.ConnectionError) tcp connect (db:5432): non-existing domain - :nxdomain
    (db_connection 2.8.0) lib/db_connection/connection.ex:104: DBConnection.Connection.handle_event/4
    (stdlib 6.2.2) gen_statem.erl:3737: :gen_statem.loop_state_callback/11
    (stdlib 6.2.2) proc_lib.erl:329: :proc_lib.init_p_do_apply/3
Queue: [internal: {:connect, :init}]
Postponed: []
State: Postgrex.Protocol
Callback mode: :handle_event_function, state_enter: false
2025-09-30T15:28:57.257 application=ecto_sql [error] Could not create schema migrations table. This error usually happens due to the following:

  * The database does not exist
  * The "schema_migrations" table, which Ecto uses for managing
    migrations, was defined by another library
  * There is a deadlock while migrating (such as using concurrent
    indexes with a migration_lock)

To fix the first issue, run "mix ecto.create" for the desired MIX_ENV.

To address the second, you can run "mix ecto.drop" followed by
"mix ecto.create", both for the desired MIX_ENV. Alternatively you may
configure Ecto to use another table and/or repository for managing
migrations:

    config :explorer, Explorer.Repo,
      migration_source: "some_other_table_for_schema_migrations",
      migration_repo: AnotherRepoForSchemaMigrations

The full error report is shown below.

2025-09-30T15:29:10.022 application=db_connection [error] Postgrex.Protocol (#PID<0.196.0>) failed to connect: ** (DBConnection.ConnectionError) tcp connect (db:5432): non-existing domain - :nxdomain
2025-09-30T15:29:10.022 application=db_connection [error] Postgrex.Protocol (#PID<0.207.0>) failed to connect: ** (DBConnection.ConnectionError) tcp connect (db:5432): non-existing domain - :nxdomain
2025-09-30T15:29:10.022 application=db_connection [error] Postgrex.Protocol (#PID<0.195.0>) failed to connect: ** (DBConnection.ConnectionError) tcp connect (db:5432): non-existing domain - :nxdomain
2025-09-30T15:29:10.022 application=db_connection [error] Postgrex.Protocol (#PID<0.200.0>) failed to connect: ** (DBConnection.ConnectionError) tcp connect (db:5432): non-existing domain - :nxdomain
2025-09-30T15:29:10.022 application=db_connection [error] Postgrex.Protocol (#PID<0.203.0>) failed to connect: ** (DBConnection.ConnectionError) tcp connect (db:5432): non-existing domain - :nxdomain
2025-09-30T15:29:10.028 [error] :gen_statem #PID<0.207.0> terminating
** (DBConnection.ConnectionError) tcp connect (db:5432): non-existing domain - :nxdomain
    (db_connection 2.8.0) lib/db_connection/connection.ex:104: DBConnection.Connection.handle_event/4
    (stdlib 6.2.2) gen_statem.erl:3737: :gen_statem.loop_state_callback/11
    (stdlib 6.2.2) proc_lib.erl:329: :proc_lib.init_p_do_apply/3
Queue: [internal: {:connect, :init}]
Postponed: []
State: Postgrex.Protocol
Callback mode: :handle_event_function, state_enter: false
2025-09-30T15:29:13.902 application=db_connection [error] Postgrex.Protocol (#PID<0.196.0>) failed to connect: ** (DBConnection.ConnectionError) tcp connect (db:5432): non-existing domain - :nxdomain
2025-09-30T15:29:13.902 application=db_connection [error] Postgrex.Protocol (#PID<0.212.0>) failed to connect: ** (DBConnection.ConnectionError) tcp connect (db:5432): non-existing domain - :nxdomain
2025-09-30T15:29:13.902 application=db_connection [error] Postgrex.Protocol (#PID<0.203.0>) failed to connect: ** (DBConnection.ConnectionError) tcp connect (db:5432): non-existing domain - :nxdomain
2025-09-30T15:29:13.902 application=db_connection [error] Postgrex.Protocol (#PID<0.195.0>) failed to connect: ** (DBConnection.ConnectionError) tcp connect (db:5432): non-existing domain - :nxdomain
2025-09-30T15:29:13.903 application=db_connection [error] Postgrex.Protocol (#PID<0.200.0>) failed to connect: ** (DBConnection.ConnectionError) tcp connect (db:5432): non-existing domain - :nxdomain
2025-09-30T15:29:13.902 [error] :gen_statem #PID<0.212.0> terminating
** (DBConnection.ConnectionError) tcp connect (db:5432): non-existing domain - :nxdomain
    (db_connection 2.8.0) lib/db_connection/connection.ex:104: DBConnection.Connection.handle_event/4
    (stdlib 6.2.2) gen_statem.erl:3737: :gen_statem.loop_state_callback/11
    (stdlib 6.2.2) proc_lib.erl:329: :proc_lib.init_p_do_apply/3
Queue: [internal: {:connect, :init}]
Postponed: []
State: Postgrex.Protocol
Callback mode: :handle_event_function, state_enter: false
2025-09-30T15:29:17.741 application=db_connection [error] Postgrex.Protocol (#PID<0.216.0>) failed to connect: ** (DBConnection.ConnectionError) tcp connect (db:5432): non-existing domain - :nxdomain
2025-09-30T15:29:17.742 application=db_connection [error] Postgrex.Protocol (#PID<0.195.0>) failed to connect: ** (DBConnection.ConnectionError) tcp connect (db:5432): non-existing domain - :nxdomain
2025-09-30T15:29:17.743 application=db_connection [error] Postgrex.Protocol (#PID<0.196.0>) failed to connect: ** (DBConnection.ConnectionError) tcp connect (db:5432): non-existing domain - :nxdomain
2025-09-30T15:29:17.742 [error] :gen_statem #PID<0.216.0> terminating
** (DBConnection.ConnectionError) tcp connect (db:5432): non-existing domain - :nxdomain
    (db_connection 2.8.0) lib/db_connection/connection.ex:104: DBConnection.Connection.handle_event/4
    (stdlib 6.2.2) gen_statem.erl:3737: :gen_statem.loop_state_callback/11
    (stdlib 6.2.2) proc_lib.erl:329: :proc_lib.init_p_do_apply/3
Queue: [internal: {:connect, :init}]
Postponed: []
State: Postgrex.Protocol
Callback mode: :handle_event_function, state_enter: false
2025-09-30T15:29:21.609 application=db_connection [error] Postgrex.Protocol (#PID<0.220.0>) failed to connect: ** (DBConnection.ConnectionError) tcp connect (db:5432): non-existing domain - :nxdomain
2025-09-30T15:29:21.609 application=db_connection [error] Postgrex.Protocol (#PID<0.200.0>) failed to connect: ** (DBConnection.ConnectionError) tcp connect (db:5432): non-existing domain - :nxdomain
2025-09-30T15:29:21.609 application=db_connection [error] Postgrex.Protocol (#PID<0.203.0>) failed to connect: ** (DBConnection.ConnectionError) tcp connect (db:5432): non-existing domain - :nxdomain
2025-09-30T15:29:21.609 [error] :gen_statem #PID<0.220.0> terminating
** (DBConnection.ConnectionError) tcp connect (db:5432): non-existing domain - :nxdomain
    (db_connection 2.8.0) lib/db_connection/connection.ex:104: DBConnection.Connection.handle_event/4
    (stdlib 6.2.2) gen_statem.erl:3737: :gen_statem.loop_state_callback/11
    (stdlib 6.2.2) proc_lib.erl:329: :proc_lib.init_p_do_apply/3
Queue: [internal: {:connect, :init}]
Postponed: []
State: Postgrex.Protocol
Callback mode: :handle_event_function, state_enter: false
2025-09-30T15:29:25.051 application=ecto_sql [error] Could not create schema migrations table. This error usually happens due to the following:

  * The database does not exist
  * The "schema_migrations" table, which Ecto uses for managing
    migrations, was defined by another library
  * There is a deadlock while migrating (such as using concurrent
    indexes with a migration_lock)

To fix the first issue, run "mix ecto.create" for the desired MIX_ENV.

To address the second, you can run "mix ecto.drop" followed by
"mix ecto.create", both for the desired MIX_ENV. Alternatively you may
configure Ecto to use another table and/or repository for managing
migrations:

    config :explorer, Explorer.Repo,
      migration_source: "some_other_table_for_schema_migrations",
      migration_repo: AnotherRepoForSchemaMigrations

The full error report is shown below.

2025-09-30T15:29:37.869 application=db_connection [error] Postgrex.Protocol (#PID<0.200.0>) failed to connect: ** (DBConnection.ConnectionError) tcp connect (db:5432): non-existing domain - :nxdomain
2025-09-30T15:29:37.869 application=db_connection [error] Postgrex.Protocol (#PID<0.207.0>) failed to connect: ** (DBConnection.ConnectionError) tcp connect (db:5432): non-existing domain - :nxdomain
2025-09-30T15:29:37.869 application=db_connection [error] Postgrex.Protocol (#PID<0.196.0>) failed to connect: ** (DBConnection.ConnectionError) tcp connect (db:5432): non-existing domain - :nxdomain
2025-09-30T15:29:37.869 application=db_connection [error] Postgrex.Protocol (#PID<0.195.0>) failed to connect: ** (DBConnection.ConnectionError) tcp connect (db:5432): non-existing domain - :nxdomain
2025-09-30T15:29:37.869 application=db_connection [error] Postgrex.Protocol (#PID<0.202.0>) failed to connect: ** (DBConnection.ConnectionError) tcp connect (db:5432): non-existing domain - :nxdomain
2025-09-30T15:29:37.877 [error] :gen_statem #PID<0.207.0> terminating
** (DBConnection.ConnectionError) tcp connect (db:5432): non-existing domain - :nxdomain
    (db_connection 2.8.0) lib/db_connection/connection.ex:104: DBConnection.Connection.handle_event/4
    (stdlib 6.2.2) gen_statem.erl:3737: :gen_statem.loop_state_callback/11
    (stdlib 6.2.2) proc_lib.erl:329: :proc_lib.init_p_do_apply/3
Queue: [internal: {:connect, :init}]
Postponed: []
State: Postgrex.Protocol
Callback mode: :handle_event_function, state_enter: false
2025-09-30T15:29:41.753 application=db_connection [error] Postgrex.Protocol (#PID<0.200.0>) failed to connect: ** (DBConnection.ConnectionError) tcp connect (db:5432): non-existing domain - :nxdomain
2025-09-30T15:29:41.753 application=db_connection [error] Postgrex.Protocol (#PID<0.212.0>) failed to connect: ** (DBConnection.ConnectionError) tcp connect (db:5432): non-existing domain - :nxdomain
2025-09-30T15:29:41.753 application=db_connection [error] Postgrex.Protocol (#PID<0.202.0>) failed to connect: ** (DBConnection.ConnectionError) tcp connect (db:5432): non-existing domain - :nxdomain
2025-09-30T15:29:41.754 application=db_connection [error] Postgrex.Protocol (#PID<0.196.0>) failed to connect: ** (DBConnection.ConnectionError) tcp connect (db:5432): non-existing domain - :nxdomain
2025-09-30T15:29:41.754 application=db_connection [error] Postgrex.Protocol (#PID<0.195.0>) failed to connect: ** (DBConnection.ConnectionError) tcp connect (db:5432): non-existing domain - :nxdomain
2025-09-30T15:29:41.753 [error] :gen_statem #PID<0.212.0> terminating
** (DBConnection.ConnectionError) tcp connect (db:5432): non-existing domain - :nxdomain
    (db_connection 2.8.0) lib/db_connection/connection.ex:104: DBConnection.Connection.handle_event/4
    (stdlib 6.2.2) gen_statem.erl:3737: :gen_statem.loop_state_callback/11
    (stdlib 6.2.2) proc_lib.erl:329: :proc_lib.init_p_do_apply/3
Queue: [internal: {:connect, :init}]
Postponed: []
State: Postgrex.Protocol
Callback mode: :handle_event_function, state_enter: false
2025-09-30T15:29:45.606 application=db_connection [error] Postgrex.Protocol (#PID<0.202.0>) failed to connect: ** (DBConnection.ConnectionError) tcp connect (db:5432): non-existing domain - :nxdomain
2025-09-30T15:29:45.606 application=db_connection [error] Postgrex.Protocol (#PID<0.216.0>) failed to connect: ** (DBConnection.ConnectionError) tcp connect (db:5432): non-existing domain - :nxdomain
2025-09-30T15:29:45.606 [error] :gen_statem #PID<0.216.0> terminating
** (DBConnection.ConnectionError) tcp connect (db:5432): non-existing domain - :nxdomain
    (db_connection 2.8.0) lib/db_connection/connection.ex:104: DBConnection.Connection.handle_event/4
    (stdlib 6.2.2) gen_statem.erl:3737: :gen_statem.loop_state_callback/11
    (stdlib 6.2.2) proc_lib.erl:329: :proc_lib.init_p_do_apply/3
Queue: [internal: {:connect, :init}]
Postponed: []
State: Postgrex.Protocol
Callback mode: :handle_event_function, state_enter: false
2025-09-30T15:29:49.491 application=db_connection [error] Postgrex.Protocol (#PID<0.196.0>) failed to connect: ** (DBConnection.ConnectionError) tcp connect (db:5432): non-existing domain - :nxdomain
2025-09-30T15:29:49.491 application=db_connection [error] Postgrex.Protocol (#PID<0.220.0>) failed to connect: ** (DBConnection.ConnectionError) tcp connect (db:5432): non-existing domain - :nxdomain
2025-09-30T15:29:49.491 application=db_connection [error] Postgrex.Protocol (#PID<0.195.0>) failed to connect: ** (DBConnection.ConnectionError) tcp connect (db:5432): non-existing domain - :nxdomain
2025-09-30T15:29:49.491 application=db_connection [error] Postgrex.Protocol (#PID<0.200.0>) failed to connect: ** (DBConnection.ConnectionError) tcp connect (db:5432): non-existing domain - :nxdomain
2025-09-30T15:29:49.491 [error] :gen_statem #PID<0.220.0> terminating
** (DBConnection.ConnectionError) tcp connect (db:5432): non-existing domain - :nxdomain
    (db_connection 2.8.0) lib/db_connection/connection.ex:104: DBConnection.Connection.handle_event/4
    (stdlib 6.2.2) gen_statem.erl:3737: :gen_statem.loop_state_callback/11
    (stdlib 6.2.2) proc_lib.erl:329: :proc_lib.init_p_do_apply/3
Queue: [internal: {:connect, :init}]
Postponed: []
State: Postgrex.Protocol
Callback mode: :handle_event_function, state_enter: false
2025-09-30T15:29:52.876 application=ecto_sql [error] Could not create schema migrations table. This error usually happens due to the following:

  * The database does not exist
  * The "schema_migrations" table, which Ecto uses for managing
    migrations, was defined by another library
  * There is a deadlock while migrating (such as using concurrent
    indexes with a migration_lock)

To fix the first issue, run "mix ecto.create" for the desired MIX_ENV.

To address the second, you can run "mix ecto.drop" followed by
"mix ecto.create", both for the desired MIX_ENV. Alternatively you may
configure Ecto to use another table and/or repository for managing
migrations:

    config :explorer, Explorer.Repo,
      migration_source: "some_other_table_for_schema_migrations",
      migration_repo: AnotherRepoForSchemaMigrations

The full error report is shown below.

2025-09-30T15:30:02.970 application=db_connection [error] Postgrex.Protocol (#PID<0.196.0>) failed to connect: ** (DBConnection.ConnectionError) tcp connect (db:5432): non-existing domain - :nxdomain
2025-09-30T15:30:02.970 application=db_connection [error] Postgrex.Protocol (#PID<0.195.0>) failed to connect: ** (DBConnection.ConnectionError) tcp connect (db:5432): non-existing domain - :nxdomain
2025-09-30T15:30:02.970 application=db_connection [error] Postgrex.Protocol (#PID<0.207.0>) failed to connect: ** (DBConnection.ConnectionError) tcp connect (db:5432): non-existing domain - :nxdomain
2025-09-30T15:30:02.970 application=db_connection [error] Postgrex.Protocol (#PID<0.200.0>) failed to connect: ** (DBConnection.ConnectionError) tcp connect (db:5432): non-existing domain - :nxdomain
2025-09-30T15:30:02.970 application=db_connection [error] Postgrex.Protocol (#PID<0.201.0>) failed to connect: ** (DBConnection.ConnectionError) tcp connect (db:5432): non-existing domain - :nxdomain
2025-09-30T15:30:02.977 [error] :gen_statem #PID<0.207.0> terminating
** (DBConnection.ConnectionError) tcp connect (db:5432): non-existing domain - :nxdomain
    (db_connection 2.8.0) lib/db_connection/connection.ex:104: DBConnection.Connection.handle_event/4
    (stdlib 6.2.2) gen_statem.erl:3737: :gen_statem.loop_state_callback/11
    (stdlib 6.2.2) proc_lib.erl:329: :proc_lib.init_p_do_apply/3
Queue: [internal: {:connect, :init}]
Postponed: []
State: Postgrex.Protocol
Callback mode: :handle_event_function, state_enter: false
2025-09-30T15:30:06.836 application=db_connection [error] Postgrex.Protocol (#PID<0.212.0>) failed to connect: ** (DBConnection.ConnectionError) tcp connect (db:5432): non-existing domain - :nxdomain
2025-09-30T15:30:06.836 application=db_connection [error] Postgrex.Protocol (#PID<0.195.0>) failed to connect: ** (DBConnection.ConnectionError) tcp connect (db:5432): non-existing domain - :nxdomain
2025-09-30T15:30:06.836 application=db_connection [error] Postgrex.Protocol (#PID<0.201.0>) failed to connect: ** (DBConnection.ConnectionError) tcp connect (db:5432): non-existing domain - :nxdomain
2025-09-30T15:30:06.836 application=db_connection [error] Postgrex.Protocol (#PID<0.196.0>) failed to connect: ** (DBConnection.ConnectionError) tcp connect (db:5432): non-existing domain - :nxdomain
2025-09-30T15:30:06.836 application=db_connection [error] Postgrex.Protocol (#PID<0.200.0>) failed to connect: ** (DBConnection.ConnectionError) tcp connect (db:5432): non-existing domain - :nxdomain
2025-09-30T15:30:06.836 [error] :gen_statem #PID<0.212.0> terminating
** (DBConnection.ConnectionError) tcp connect (db:5432): non-existing domain - :nxdomain
    (db_connection 2.8.0) lib/db_connection/connection.ex:104: DBConnection.Connection.handle_event/4
    (stdlib 6.2.2) gen_statem.erl:3737: :gen_statem.loop_state_callback/11
    (stdlib 6.2.2) proc_lib.erl:329: :proc_lib.init_p_do_apply/3
Queue: [internal: {:connect, :init}]
Postponed: []
State: Postgrex.Protocol
Callback mode: :handle_event_function, state_enter: false
2025-09-30T15:30:10.714 application=db_connection [error] Postgrex.Protocol (#PID<0.196.0>) failed to connect: ** (DBConnection.ConnectionError) tcp connect (db:5432): non-existing domain - :nxdomain
2025-09-30T15:30:10.714 application=db_connection [error] Postgrex.Protocol (#PID<0.216.0>) failed to connect: ** (DBConnection.ConnectionError) tcp connect (db:5432): non-existing domain - :nxdomain
2025-09-30T15:30:10.714 application=db_connection [error] Postgrex.Protocol (#PID<0.201.0>) failed to connect: ** (DBConnection.ConnectionError) tcp connect (db:5432): non-existing domain - :nxdomain
2025-09-30T15:30:10.714 [error] :gen_statem #PID<0.216.0> terminating
** (DBConnection.ConnectionError) tcp connect (db:5432): non-existing domain - :nxdomain
    (db_connection 2.8.0) lib/db_connection/connection.ex:104: DBConnection.Connection.handle_event/4
    (stdlib 6.2.2) gen_statem.erl:3737: :gen_statem.loop_state_callback/11
    (stdlib 6.2.2) proc_lib.erl:329: :proc_lib.init_p_do_apply/3
Queue: [internal: {:connect, :init}]
Postponed: []
State: Postgrex.Protocol
Callback mode: :handle_event_function, state_enter: false
2025-09-30T15:30:14.573 application=db_connection [error] Postgrex.Protocol (#PID<0.220.0>) failed to connect: ** (DBConnection.ConnectionError) tcp connect (db:5432): non-existing domain - :nxdomain
2025-09-30T15:30:14.573 application=db_connection [error] Postgrex.Protocol (#PID<0.195.0>) failed to connect: ** (DBConnection.ConnectionError) tcp connect (db:5432): non-existing domain - :nxdomain
2025-09-30T15:30:14.573 application=db_connection [error] Postgrex.Protocol (#PID<0.200.0>) failed to connect: ** (DBConnection.ConnectionError) tcp connect (db:5432): non-existing domain - :nxdomain
2025-09-30T15:30:14.573 [error] :gen_statem #PID<0.220.0> terminating
** (DBConnection.ConnectionError) tcp connect (db:5432): non-existing domain - :nxdomain
    (db_connection 2.8.0) lib/db_connection/connection.ex:104: DBConnection.Connection.handle_event/4
    (stdlib 6.2.2) gen_statem.erl:3737: :gen_statem.loop_state_callback/11
    (stdlib 6.2.2) proc_lib.erl:329: :proc_lib.init_p_do_apply/3
Queue: [internal: {:connect, :init}]
Postponed: []
State: Postgrex.Protocol
Callback mode: :handle_event_function, state_enter: false
2025-09-30T15:30:18.765 application=db_connection [error] Postgrex.Protocol (#PID<0.201.0>) failed to connect: ** (DBConnection.ConnectionError) tcp connect (db:5432): non-existing domain - :nxdomain
2025-09-30T15:30:18.765 application=db_connection [error] Postgrex.Protocol (#PID<0.196.0>) failed to connect: ** (DBConnection.ConnectionError) tcp connect (db:5432): non-existing domain - :nxdomain
2025-09-30T15:30:19.089 application=ecto_sql [error] Could not create schema migrations table. This error usually happens due to the following:

  * The database does not exist
  * The "schema_migrations" table, which Ecto uses for managing
    migrations, was defined by another library
  * There is a deadlock while migrating (such as using concurrent
    indexes with a migration_lock)

To fix the first issue, run "mix ecto.create" for the desired MIX_ENV.

To address the second, you can run "mix ecto.drop" followed by
"mix ecto.create", both for the desired MIX_ENV. Alternatively you may
configure Ecto to use another table and/or repository for managing
migrations:

    config :explorer, Explorer.Repo,
      migration_source: "some_other_table_for_schema_migrations",
      migration_repo: AnotherRepoForSchemaMigrations

The full error report is shown below.

2025-09-30T15:30:32.051 application=db_connection [error] Postgrex.Protocol (#PID<0.200.0>) failed to connect: ** (DBConnection.ConnectionError) tcp connect (db:5432): non-existing domain - :nxdomain
2025-09-30T15:30:32.051 application=db_connection [error] Postgrex.Protocol (#PID<0.196.0>) failed to connect: ** (DBConnection.ConnectionError) tcp connect (db:5432): non-existing domain - :nxdomain
2025-09-30T15:30:32.051 application=db_connection [error] Postgrex.Protocol (#PID<0.207.0>) failed to connect: ** (DBConnection.ConnectionError) tcp connect (db:5432): non-existing domain - :nxdomain
2025-09-30T15:30:32.051 application=db_connection [error] Postgrex.Protocol (#PID<0.195.0>) failed to connect: ** (DBConnection.ConnectionError) tcp connect (db:5432): non-existing domain - :nxdomain
2025-09-30T15:30:32.051 application=db_connection [error] Postgrex.Protocol (#PID<0.201.0>) failed to connect: ** (DBConnection.ConnectionError) tcp connect (db:5432): non-existing domain - :nxdomain
2025-09-30T15:30:32.058 [error] :gen_statem #PID<0.207.0> terminating
** (DBConnection.ConnectionError) tcp connect (db:5432): non-existing domain - :nxdomain
    (db_connection 2.8.0) lib/db_connection/connection.ex:104: DBConnection.Connection.handle_event/4
    (stdlib 6.2.2) gen_statem.erl:3737: :gen_statem.loop_state_callback/11
    (stdlib 6.2.2) proc_lib.erl:329: :proc_lib.init_p_do_apply/3
Queue: [internal: {:connect, :init}]
Postponed: []
State: Postgrex.Protocol
Callback mode: :handle_event_function, state_enter: false
2025-09-30T15:30:35.918 application=db_connection [error] Postgrex.Protocol (#PID<0.200.0>) failed to connect: ** (DBConnection.ConnectionError) tcp connect (db:5432): non-existing domain - :nxdomain
2025-09-30T15:30:35.918 application=db_connection [error] Postgrex.Protocol (#PID<0.212.0>) failed to connect: ** (DBConnection.ConnectionError) tcp connect (db:5432): non-existing domain - :nxdomain
2025-09-30T15:30:35.918 application=db_connection [error] Postgrex.Protocol (#PID<0.201.0>) failed to connect: ** (DBConnection.ConnectionError) tcp connect (db:5432): non-existing domain - :nxdomain
2025-09-30T15:30:35.918 application=db_connection [error] Postgrex.Protocol (#PID<0.195.0>) failed to connect: ** (DBConnection.ConnectionError) tcp connect (db:5432): non-existing domain - :nxdomain
2025-09-30T15:30:35.918 application=db_connection [error] Postgrex.Protocol (#PID<0.196.0>) failed to connect: ** (DBConnection.ConnectionError) tcp connect (db:5432): non-existing domain - :nxdomain
2025-09-30T15:30:35.918 [error] :gen_statem #PID<0.212.0> terminating
** (DBConnection.ConnectionError) tcp connect (db:5432): non-existing domain - :nxdomain
    (db_connection 2.8.0) lib/db_connection/connection.ex:104: DBConnection.Connection.handle_event/4
    (stdlib 6.2.2) gen_statem.erl:3737: :gen_statem.loop_state_callback/11
    (stdlib 6.2.2) proc_lib.erl:329: :proc_lib.init_p_do_apply/3
Queue: [internal: {:connect, :init}]
Postponed: []
State: Postgrex.Protocol
Callback mode: :handle_event_function, state_enter: false
2025-09-30T15:30:39.774 application=db_connection [error] Postgrex.Protocol (#PID<0.200.0>) failed to connect: ** (DBConnection.ConnectionError) tcp connect (db:5432): non-existing domain - :nxdomain
2025-09-30T15:30:39.774 application=db_connection [error] Postgrex.Protocol (#PID<0.216.0>) failed to connect: ** (DBConnection.ConnectionError) tcp connect (db:5432): non-existing domain - :nxdomain
2025-09-30T15:30:39.774 application=db_connection [error] Postgrex.Protocol (#PID<0.201.0>) failed to connect: ** (DBConnection.ConnectionError) tcp connect (db:5432): non-existing domain - :nxdomain
2025-09-30T15:30:39.774 [error] :gen_statem #PID<0.216.0> terminating
** (DBConnection.ConnectionError) tcp connect (db:5432): non-existing domain - :nxdomain
    (db_connection 2.8.0) lib/db_connection/connection.ex:104: DBConnection.Connection.handle_event/4
    (stdlib 6.2.2) gen_statem.erl:3737: :gen_statem.loop_state_callback/11
    (stdlib 6.2.2) proc_lib.erl:329: :proc_lib.init_p_do_apply/3
Queue: [internal: {:connect, :init}]
Postponed: []
State: Postgrex.Protocol
Callback mode: :handle_event_function, state_enter: false
2025-09-30T15:30:43.635 application=db_connection [error] Postgrex.Protocol (#PID<0.220.0>) failed to connect: ** (DBConnection.ConnectionError) tcp connect (db:5432): non-existing domain - :nxdomain
2025-09-30T15:30:43.635 application=db_connection [error] Postgrex.Protocol (#PID<0.195.0>) failed to connect: ** (DBConnection.ConnectionError) tcp connect (db:5432): non-existing domain - :nxdomain
2025-09-30T15:30:43.635 application=db_connection [error] Postgrex.Protocol (#PID<0.196.0>) failed to connect: ** (DBConnection.ConnectionError) tcp connect (db:5432): non-existing domain - :nxdomain
2025-09-30T15:30:43.636 application=db_connection [error] Postgrex.Protocol (#PID<0.200.0>) failed to connect: ** (DBConnection.ConnectionError) tcp connect (db:5432): non-existing domain - :nxdomain
2025-09-30T15:30:43.635 [error] :gen_statem #PID<0.220.0> terminating
** (DBConnection.ConnectionError) tcp connect (db:5432): non-existing domain - :nxdomain
    (db_connection 2.8.0) lib/db_connection/connection.ex:104: DBConnection.Connection.handle_event/4
    (stdlib 6.2.2) gen_statem.erl:3737: :gen_statem.loop_state_callback/11
    (stdlib 6.2.2) proc_lib.erl:329: :proc_lib.init_p_do_apply/3
Queue: [internal: {:connect, :init}]
Postponed: []
State: Postgrex.Protocol
Callback mode: :handle_event_function, state_enter: false
2025-09-30T15:30:48.090 application=ecto_sql [error] Could not create schema migrations table. This error usually happens due to the following:

  * The database does not exist
  * The "schema_migrations" table, which Ecto uses for managing
    migrations, was defined by another library
  * There is a deadlock while migrating (such as using concurrent
    indexes with a migration_lock)

To fix the first issue, run "mix ecto.create" for the desired MIX_ENV.

To address the second, you can run "mix ecto.drop" followed by
"mix ecto.create", both for the desired MIX_ENV. Alternatively you may
configure Ecto to use another table and/or repository for managing
migrations:

    config :explorer, Explorer.Repo,
      migration_source: "some_other_table_for_schema_migrations",
      migration_repo: AnotherRepoForSchemaMigrations

The full error report is shown below.

2025-09-30T15:30:57.511 application=db_connection [error] Postgrex.Protocol (#PID<0.200.0>) failed to connect: ** (DBConnection.ConnectionError) tcp connect (db:5432): non-existing domain - :nxdomain
2025-09-30T15:30:57.511 application=db_connection [error] Postgrex.Protocol (#PID<0.196.0>) failed to connect: ** (DBConnection.ConnectionError) tcp connect (db:5432): non-existing domain - :nxdomain
2025-09-30T15:30:57.511 application=db_connection [error] Postgrex.Protocol (#PID<0.201.0>) failed to connect: ** (DBConnection.ConnectionError) tcp connect (db:5432): non-existing domain - :nxdomain
2025-09-30T15:30:57.511 application=db_connection [error] Postgrex.Protocol (#PID<0.195.0>) failed to connect: ** (DBConnection.ConnectionError) tcp connect (db:5432): non-existing domain - :nxdomain
2025-09-30T15:30:57.511 application=db_connection [error] Postgrex.Protocol (#PID<0.207.0>) failed to connect: ** (DBConnection.ConnectionError) tcp connect (db:5432): non-existing domain - :nxdomain
2025-09-30T15:30:57.519 [error] :gen_statem #PID<0.207.0> terminating
** (DBConnection.ConnectionError) tcp connect (db:5432): non-existing domain - :nxdomain
    (db_connection 2.8.0) lib/db_connection/connection.ex:104: DBConnection.Connection.handle_event/4
    (stdlib 6.2.2) gen_statem.erl:3737: :gen_statem.loop_state_callback/11
    (stdlib 6.2.2) proc_lib.erl:329: :proc_lib.init_p_do_apply/3
Queue: [internal: {:connect, :init}]
Postponed: []
State: Postgrex.Protocol
Callback mode: :handle_event_function, state_enter: false
2025-09-30T15:31:01.376 application=db_connection [error] Postgrex.Protocol (#PID<0.195.0>) failed to connect: ** (DBConnection.ConnectionError) tcp connect (db:5432): non-existing domain - :nxdomain
2025-09-30T15:31:01.376 application=db_connection [error] Postgrex.Protocol (#PID<0.212.0>) failed to connect: ** (DBConnection.ConnectionError) tcp connect (db:5432): non-existing domain - :nxdomain
2025-09-30T15:31:01.376 application=db_connection [error] Postgrex.Protocol (#PID<0.196.0>) failed to connect: ** (DBConnection.ConnectionError) tcp connect (db:5432): non-existing domain - :nxdomain
2025-09-30T15:31:01.376 application=db_connection [error] Postgrex.Protocol (#PID<0.200.0>) failed to connect: ** (DBConnection.ConnectionError) tcp connect (db:5432): non-existing domain - :nxdomain
2025-09-30T15:31:01.377 application=db_connection [error] Postgrex.Protocol (#PID<0.201.0>) failed to connect: ** (DBConnection.ConnectionError) tcp connect (db:5432): non-existing domain - :nxdomain
2025-09-30T15:31:01.376 [error] :gen_statem #PID<0.212.0> terminating
** (DBConnection.ConnectionError) tcp connect (db:5432): non-existing domain - :nxdomain
    (db_connection 2.8.0) lib/db_connection/connection.ex:104: DBConnection.Connection.handle_event/4
    (stdlib 6.2.2) gen_statem.erl:3737: :gen_statem.loop_state_callback/11
    (stdlib 6.2.2) proc_lib.erl:329: :proc_lib.init_p_do_apply/3
Queue: [internal: {:connect, :init}]
Postponed: []
State: Postgrex.Protocol
Callback mode: :handle_event_function, state_enter: false
2025-09-30T15:31:05.234 application=db_connection [error] Postgrex.Protocol (#PID<0.216.0>) failed to connect: ** (DBConnection.ConnectionError) tcp connect (db:5432): non-existing domain - :nxdomain
2025-09-30T15:31:05.234 [error] :gen_statem #PID<0.216.0> terminating
** (DBConnection.ConnectionError) tcp connect (db:5432): non-existing domain - :nxdomain
    (db_connection 2.8.0) lib/db_connection/connection.ex:104: DBConnection.Connection.handle_event/4
    (stdlib 6.2.2) gen_statem.erl:3737: :gen_statem.loop_state_callback/11
    (stdlib 6.2.2) proc_lib.erl:329: :proc_lib.init_p_do_apply/3
Queue: [internal: {:connect, :init}]
Postponed: []
State: Postgrex.Protocol
Callback mode: :handle_event_function, state_enter: false
2025-09-30T15:31:09.074 application=db_connection [error] Postgrex.Protocol (#PID<0.201.0>) failed to connect: ** (DBConnection.ConnectionError) tcp connect (db:5432): non-existing domain - :nxdomain
2025-09-30T15:31:09.074 application=db_connection [error] Postgrex.Protocol (#PID<0.220.0>) failed to connect: ** (DBConnection.ConnectionError) tcp connect (db:5432): non-existing domain - :nxdomain
2025-09-30T15:31:09.074 application=db_connection [error] Postgrex.Protocol (#PID<0.195.0>) failed to connect: ** (DBConnection.ConnectionError) tcp connect (db:5432): non-existing domain - :nxdomain
2025-09-30T15:31:09.074 application=db_connection [error] Postgrex.Protocol (#PID<0.196.0>) failed to connect: ** (DBConnection.ConnectionError) tcp connect (db:5432): non-existing domain - :nxdomain
2025-09-30T15:31:09.074 application=db_connection [error] Postgrex.Protocol (#PID<0.200.0>) failed to connect: ** (DBConnection.ConnectionError) tcp connect (db:5432): non-existing domain - :nxdomain
2025-09-30T15:31:09.074 [error] :gen_statem #PID<0.220.0> terminating
** (DBConnection.ConnectionError) tcp connect (db:5432): non-existing domain - :nxdomain
    (db_connection 2.8.0) lib/db_connection/connection.ex:104: DBConnection.Connection.handle_event/4
    (stdlib 6.2.2) gen_statem.erl:3737: :gen_statem.loop_state_callback/11
    (stdlib 6.2.2) proc_lib.erl:329: :proc_lib.init_p_do_apply/3
Queue: [internal: {:connect, :init}]
Postponed: []
State: Postgrex.Protocol
Callback mode: :handle_event_function, state_enter: false
2025-09-30T15:31:13.654 application=ecto_sql [error] Could not create schema migrations table. This error usually happens due to the following:

  * The database does not exist
  * The "schema_migrations" table, which Ecto uses for managing
    migrations, was defined by another library
  * There is a deadlock while migrating (such as using concurrent
    indexes with a migration_lock)

To fix the first issue, run "mix ecto.create" for the desired MIX_ENV.

To address the second, you can run "mix ecto.drop" followed by
"mix ecto.create", both for the desired MIX_ENV. Alternatively you may
configure Ecto to use another table and/or repository for managing
migrations:

    config :explorer, Explorer.Repo,
      migration_source: "some_other_table_for_schema_migrations",
      migration_repo: AnotherRepoForSchemaMigrations

The full error report is shown below.

2025-09-30T15:31:20.721 application=db_connection [error] Postgrex.Protocol (#PID<0.200.0>) failed to connect: ** (DBConnection.ConnectionError) tcp connect (db:5432): non-existing domain - :nxdomain
2025-09-30T15:31:20.721 application=db_connection [error] Postgrex.Protocol (#PID<0.201.0>) failed to connect: ** (DBConnection.ConnectionError) tcp connect (db:5432): non-existing domain - :nxdomain
2025-09-30T15:31:20.721 application=db_connection [error] Postgrex.Protocol (#PID<0.207.0>) failed to connect: ** (DBConnection.ConnectionError) tcp connect (db:5432): non-existing domain - :nxdomain
2025-09-30T15:31:20.721 application=db_connection [error] Postgrex.Protocol (#PID<0.196.0>) failed to connect: ** (DBConnection.ConnectionError) tcp connect (db:5432): non-existing domain - :nxdomain
2025-09-30T15:31:20.721 application=db_connection [error] Postgrex.Protocol (#PID<0.195.0>) failed to connect: ** (DBConnection.ConnectionError) tcp connect (db:5432): non-existing domain - :nxdomain
2025-09-30T15:31:20.756 [error] :gen_statem #PID<0.207.0> terminating
** (DBConnection.ConnectionError) tcp connect (db:5432): non-existing domain - :nxdomain
    (db_connection 2.8.0) lib/db_connection/connection.ex:104: DBConnection.Connection.handle_event/4
    (stdlib 6.2.2) gen_statem.erl:3737: :gen_statem.loop_state_callback/11
    (stdlib 6.2.2) proc_lib.erl:329: :proc_lib.init_p_do_apply/3
Queue: [internal: {:connect, :init}]
Postponed: []
State: Postgrex.Protocol
Callback mode: :handle_event_function, state_enter: false
2025-09-30T15:31:24.661 application=db_connection [error] Postgrex.Protocol (#PID<0.201.0>) failed to connect: ** (DBConnection.ConnectionError) tcp connect (db:5432): non-existing domain - :nxdomain
2025-09-30T15:31:24.661 application=db_connection [error] Postgrex.Protocol (#PID<0.211.0>) failed to connect: ** (DBConnection.ConnectionError) tcp connect (db:5432): non-existing domain - :nxdomain
2025-09-30T15:31:24.661 application=db_connection [error] Postgrex.Protocol (#PID<0.195.0>) failed to connect: ** (DBConnection.ConnectionError) tcp connect (db:5432): non-existing domain - :nxdomain
2025-09-30T15:31:24.661 application=db_connection [error] Postgrex.Protocol (#PID<0.196.0>) failed to connect: ** (DBConnection.ConnectionError) tcp connect (db:5432): non-existing domain - :nxdomain
2025-09-30T15:31:24.661 application=db_connection [error] Postgrex.Protocol (#PID<0.200.0>) failed to connect: ** (DBConnection.ConnectionError) tcp connect (db:5432): non-existing domain - :nxdomain
2025-09-30T15:31:24.661 [error] :gen_statem #PID<0.211.0> terminating
** (DBConnection.ConnectionError) tcp connect (db:5432): non-existing domain - :nxdomain
    (db_connection 2.8.0) lib/db_connection/connection.ex:104: DBConnection.Connection.handle_event/4
    (stdlib 6.2.2) gen_statem.erl:3737: :gen_statem.loop_state_callback/11
    (stdlib 6.2.2) proc_lib.erl:329: :proc_lib.init_p_do_apply/3
Queue: [internal: {:connect, :init}]
Postponed: []
State: Postgrex.Protocol
Callback mode: :handle_event_function, state_enter: false
2025-09-30T15:31:28.521 application=db_connection [error] Postgrex.Protocol (#PID<0.201.0>) failed to connect: ** (DBConnection.ConnectionError) tcp connect (db:5432): non-existing domain - :nxdomain
2025-09-30T15:31:28.521 application=db_connection [error] Postgrex.Protocol (#PID<0.216.0>) failed to connect: ** (DBConnection.ConnectionError) tcp connect (db:5432): non-existing domain - :nxdomain
2025-09-30T15:31:28.521 application=db_connection [error] Postgrex.Protocol (#PID<0.196.0>) failed to connect: ** (DBConnection.ConnectionError) tcp connect (db:5432): non-existing domain - :nxdomain
2025-09-30T15:31:28.521 application=db_connection [error] Postgrex.Protocol (#PID<0.195.0>) failed to connect: ** (DBConnection.ConnectionError) tcp connect (db:5432): non-existing domain - :nxdomain
2025-09-30T15:31:28.521 [error] :gen_statem #PID<0.216.0> terminating
** (DBConnection.ConnectionError) tcp connect (db:5432): non-existing domain - :nxdomain
    (db_connection 2.8.0) lib/db_connection/connection.ex:104: DBConnection.Connection.handle_event/4
    (stdlib 6.2.2) gen_statem.erl:3737: :gen_statem.loop_state_callback/11
    (stdlib 6.2.2) proc_lib.erl:329: :proc_lib.init_p_do_apply/3
Queue: [internal: {:connect, :init}]
Postponed: []
State: Postgrex.Protocol
Callback mode: :handle_event_function, state_enter: false
2025-09-30T15:31:32.403 application=db_connection [error] Postgrex.Protocol (#PID<0.200.0>) failed to connect: ** (DBConnection.ConnectionError) tcp connect (db:5432): non-existing domain - :nxdomain
2025-09-30T15:31:32.404 application=db_connection [error] Postgrex.Protocol (#PID<0.220.0>) failed to connect: ** (DBConnection.ConnectionError) tcp connect (db:5432): non-existing domain - :nxdomain
2025-09-30T15:31:32.404 [error] :gen_statem #PID<0.220.0> terminating
** (DBConnection.ConnectionError) tcp connect (db:5432): non-existing domain - :nxdomain
    (db_connection 2.8.0) lib/db_connection/connection.ex:104: DBConnection.Connection.handle_event/4
    (stdlib 6.2.2) gen_statem.erl:3737: :gen_statem.loop_state_callback/11
    (stdlib 6.2.2) proc_lib.erl:329: :proc_lib.init_p_do_apply/3
Queue: [internal: {:connect, :init}]
Postponed: []
State: Postgrex.Protocol
Callback mode: :handle_event_function, state_enter: false
2025-09-30T15:31:36.670 application=db_connection [error] Postgrex.Protocol (#PID<0.201.0>) failed to connect: ** (DBConnection.ConnectionError) tcp connect (db:5432): non-existing domain - :nxdomain
2025-09-30T15:31:36.784 application=ecto_sql [error] Could not create schema migrations table. This error usually happens due to the following:

  * The database does not exist
  * The "schema_migrations" table, which Ecto uses for managing
    migrations, was defined by another library
  * There is a deadlock while migrating (such as using concurrent
    indexes with a migration_lock)

To fix the first issue, run "mix ecto.create" for the desired MIX_ENV.

To address the second, you can run "mix ecto.drop" followed by
"mix ecto.create", both for the desired MIX_ENV. Alternatively you may
configure Ecto to use another table and/or repository for managing
migrations:

    config :explorer, Explorer.Repo,
      migration_source: "some_other_table_for_schema_migrations",
      migration_repo: AnotherRepoForSchemaMigrations

The full error report is shown below.

2025-09-30T15:31:46.137 application=db_connection [error] Postgrex.Protocol (#PID<0.196.0>) failed to connect: ** (DBConnection.ConnectionError) tcp connect (db:5432): non-existing domain - :nxdomain
2025-09-30T15:31:46.137 application=db_connection [error] Postgrex.Protocol (#PID<0.201.0>) failed to connect: ** (DBConnection.ConnectionError) tcp connect (db:5432): non-existing domain - :nxdomain
2025-09-30T15:31:46.137 application=db_connection [error] Postgrex.Protocol (#PID<0.200.0>) failed to connect: ** (DBConnection.ConnectionError) tcp connect (db:5432): non-existing domain - :nxdomain
2025-09-30T15:31:46.137 application=db_connection [error] Postgrex.Protocol (#PID<0.207.0>) failed to connect: ** (DBConnection.ConnectionError) tcp connect (db:5432): non-existing domain - :nxdomain
2025-09-30T15:31:46.137 application=db_connection [error] Postgrex.Protocol (#PID<0.195.0>) failed to connect: ** (DBConnection.ConnectionError) tcp connect (db:5432): non-existing domain - :nxdomain
2025-09-30T15:31:46.148 [error] :gen_statem #PID<0.207.0> terminating
** (DBConnection.ConnectionError) tcp connect (db:5432): non-existing domain - :nxdomain
    (db_connection 2.8.0) lib/db_connection/connection.ex:104: DBConnection.Connection.handle_event/4
    (stdlib 6.2.2) gen_statem.erl:3737: :gen_statem.loop_state_callback/11
    (stdlib 6.2.2) proc_lib.erl:329: :proc_lib.init_p_do_apply/3
Queue: [internal: {:connect, :init}]
Postponed: []
State: Postgrex.Protocol
Callback mode: :handle_event_function, state_enter: false
2025-09-30T15:31:50.020 application=db_connection [error] Postgrex.Protocol (#PID<0.212.0>) failed to connect: ** (DBConnection.ConnectionError) tcp connect (db:5432): non-existing domain - :nxdomain
2025-09-30T15:31:50.020 application=db_connection [error] Postgrex.Protocol (#PID<0.195.0>) failed to connect: ** (DBConnection.ConnectionError) tcp connect (db:5432): non-existing domain - :nxdomain
2025-09-30T15:31:50.020 application=db_connection [error] Postgrex.Protocol (#PID<0.200.0>) failed to connect: ** (DBConnection.ConnectionError) tcp connect (db:5432): non-existing domain - :nxdomain
2025-09-30T15:31:50.020 application=db_connection [error] Postgrex.Protocol (#PID<0.201.0>) failed to connect: ** (DBConnection.ConnectionError) tcp connect (db:5432): non-existing domain - :nxdomain
2025-09-30T15:31:50.020 application=db_connection [error] Postgrex.Protocol (#PID<0.196.0>) failed to connect: ** (DBConnection.ConnectionError) tcp connect (db:5432): non-existing domain - :nxdomain
2025-09-30T15:31:50.020 [error] :gen_statem #PID<0.212.0> terminating
** (DBConnection.ConnectionError) tcp connect (db:5432): non-existing domain - :nxdomain
    (db_connection 2.8.0) lib/db_connection/connection.ex:104: DBConnection.Connection.handle_event/4
    (stdlib 6.2.2) gen_statem.erl:3737: :gen_statem.loop_state_callback/11
    (stdlib 6.2.2) proc_lib.erl:329: :proc_lib.init_p_do_apply/3
Queue: [internal: {:connect, :init}]
Postponed: []
State: Postgrex.Protocol
Callback mode: :handle_event_function, state_enter: false
2025-09-30T15:31:53.873 application=db_connection [error] Postgrex.Protocol (#PID<0.196.0>) failed to connect: ** (DBConnection.ConnectionError) tcp connect (db:5432): non-existing domain - :nxdomain
2025-09-30T15:31:53.873 application=db_connection [error] Postgrex.Protocol (#PID<0.216.0>) failed to connect: ** (DBConnection.ConnectionError) tcp connect (db:5432): non-existing domain - :nxdomain
2025-09-30T15:31:53.873 [error] :gen_statem #PID<0.216.0> terminating
** (DBConnection.ConnectionError) tcp connect (db:5432): non-existing domain - :nxdomain
    (db_connection 2.8.0) lib/db_connection/connection.ex:104: DBConnection.Connection.handle_event/4
    (stdlib 6.2.2) gen_statem.erl:3737: :gen_statem.loop_state_callback/11
    (stdlib 6.2.2) proc_lib.erl:329: :proc_lib.init_p_do_apply/3
Queue: [internal: {:connect, :init}]
Postponed: []
State: Postgrex.Protocol
Callback mode: :handle_event_function, state_enter: false
2025-09-30T15:31:57.758 application=db_connection [error] Postgrex.Protocol (#PID<0.220.0>) failed to connect: ** (DBConnection.ConnectionError) tcp connect (db:5432): non-existing domain - :nxdomain
2025-09-30T15:31:57.758 application=db_connection [error] Postgrex.Protocol (#PID<0.201.0>) failed to connect: ** (DBConnection.ConnectionError) tcp connect (db:5432): non-existing domain - :nxdomain
2025-09-30T15:31:57.758 application=db_connection [error] Postgrex.Protocol (#PID<0.195.0>) failed to connect: ** (DBConnection.ConnectionError) tcp connect (db:5432): non-existing domain - :nxdomain
2025-09-30T15:31:57.758 application=db_connection [error] Postgrex.Protocol (#PID<0.200.0>) failed to connect: ** (DBConnection.ConnectionError) tcp connect (db:5432): non-existing domain - :nxdomain
2025-09-30T15:31:57.758 application=db_connection [error] Postgrex.Protocol (#PID<0.196.0>) failed to connect: ** (DBConnection.ConnectionError) tcp connect (db:5432): non-existing domain - :nxdomain
2025-09-30T15:31:57.758 [error] :gen_statem #PID<0.220.0> terminating
** (DBConnection.ConnectionError) tcp connect (db:5432): non-existing domain - :nxdomain
    (db_connection 2.8.0) lib/db_connection/connection.ex:104: DBConnection.Connection.handle_event/4
    (stdlib 6.2.2) gen_statem.erl:3737: :gen_statem.loop_state_callback/11
    (stdlib 6.2.2) proc_lib.erl:329: :proc_lib.init_p_do_apply/3
Queue: [internal: {:connect, :init}]
Postponed: []
State: Postgrex.Protocol
Callback mode: :handle_event_function, state_enter: false
2025-09-30T15:32:02.276 application=ecto_sql [error] Could not create schema migrations table. This error usually happens due to the following:

  * The database does not exist
  * The "schema_migrations" table, which Ecto uses for managing
    migrations, was defined by another library
  * There is a deadlock while migrating (such as using concurrent
    indexes with a migration_lock)

To fix the first issue, run "mix ecto.create" for the desired MIX_ENV.

To address the second, you can run "mix ecto.drop" followed by
"mix ecto.create", both for the desired MIX_ENV. Alternatively you may
configure Ecto to use another table and/or repository for managing
migrations:

    config :explorer, Explorer.Repo,
      migration_source: "some_other_table_for_schema_migrations",
      migration_repo: AnotherRepoForSchemaMigrations

The full error report is shown below.

2025-09-30T15:32:12.592 application=db_connection [error] Postgrex.Protocol (#PID<0.207.0>) failed to connect: ** (DBConnection.ConnectionError) tcp connect (db:5432): non-existing domain - :nxdomain
2025-09-30T15:32:12.592 application=db_connection [error] Postgrex.Protocol (#PID<0.195.0>) failed to connect: ** (DBConnection.ConnectionError) tcp connect (db:5432): non-existing domain - :nxdomain
2025-09-30T15:32:12.592 application=db_connection [error] Postgrex.Protocol (#PID<0.200.0>) failed to connect: ** (DBConnection.ConnectionError) tcp connect (db:5432): non-existing domain - :nxdomain
2025-09-30T15:32:12.592 application=db_connection [error] Postgrex.Protocol (#PID<0.203.0>) failed to connect: ** (DBConnection.ConnectionError) tcp connect (db:5432): non-existing domain - :nxdomain
2025-09-30T15:32:12.592 application=db_connection [error] Postgrex.Protocol (#PID<0.196.0>) failed to connect: ** (DBConnection.ConnectionError) tcp connect (db:5432): non-existing domain - :nxdomain
2025-09-30T15:32:12.637 [error] :gen_statem #PID<0.207.0> terminating
** (DBConnection.ConnectionError) tcp connect (db:5432): non-existing domain - :nxdomain
    (db_connection 2.8.0) lib/db_connection/connection.ex:104: DBConnection.Connection.handle_event/4
    (stdlib 6.2.2) gen_statem.erl:3737: :gen_statem.loop_state_callback/11
    (stdlib 6.2.2) proc_lib.erl:329: :proc_lib.init_p_do_apply/3
Queue: [internal: {:connect, :init}]
Postponed: []
State: Postgrex.Protocol
Callback mode: :handle_event_function, state_enter: false
2025-09-30T15:32:15.484 application=db_connection [error] Postgrex.Protocol (#PID<0.195.0>) failed to connect: ** (DBConnection.ConnectionError) tcp connect (db:5432): non-existing domain - :nxdomain
2025-09-30T15:32:15.484 application=db_connection [error] Postgrex.Protocol (#PID<0.212.0>) failed to connect: ** (DBConnection.ConnectionError) tcp connect (db:5432): non-existing domain - :nxdomain
2025-09-30T15:32:15.484 application=db_connection [error] Postgrex.Protocol (#PID<0.196.0>) failed to connect: ** (DBConnection.ConnectionError) tcp connect (db:5432): non-existing domain - :nxdomain
2025-09-30T15:32:15.484 application=db_connection [error] Postgrex.Protocol (#PID<0.200.0>) failed to connect: ** (DBConnection.ConnectionError) tcp connect (db:5432): non-existing domain - :nxdomain
2025-09-30T15:32:15.484 application=db_connection [error] Postgrex.Protocol (#PID<0.203.0>) failed to connect: ** (DBConnection.ConnectionError) tcp connect (db:5432): non-existing domain - :nxdomain
2025-09-30T15:32:15.484 [error] :gen_statem #PID<0.212.0> terminating
** (DBConnection.ConnectionError) tcp connect (db:5432): non-existing domain - :nxdomain
    (db_connection 2.8.0) lib/db_connection/connection.ex:104: DBConnection.Connection.handle_event/4
    (stdlib 6.2.2) gen_statem.erl:3737: :gen_statem.loop_state_callback/11
    (stdlib 6.2.2) proc_lib.erl:329: :proc_lib.init_p_do_apply/3
Queue: [internal: {:connect, :init}]
Postponed: []
State: Postgrex.Protocol
Callback mode: :handle_event_function, state_enter: false
2025-09-30T15:32:19.340 application=db_connection [error] Postgrex.Protocol (#PID<0.196.0>) failed to connect: ** (DBConnection.ConnectionError) tcp connect (db:5432): non-existing domain - :nxdomain
2025-09-30T15:32:19.340 application=db_connection [error] Postgrex.Protocol (#PID<0.216.0>) failed to connect: ** (DBConnection.ConnectionError) tcp connect (db:5432): non-existing domain - :nxdomain
2025-09-30T15:32:19.340 [error] :gen_statem #PID<0.216.0> terminating
** (DBConnection.ConnectionError) tcp connect (db:5432): non-existing domain - :nxdomain
    (db_connection 2.8.0) lib/db_connection/connection.ex:104: DBConnection.Connection.handle_event/4
    (stdlib 6.2.2) gen_statem.erl:3737: :gen_statem.loop_state_callback/11
    (stdlib 6.2.2) proc_lib.erl:329: :proc_lib.init_p_do_apply/3
Queue: [internal: {:connect, :init}]
Postponed: []
State: Postgrex.Protocol
Callback mode: :handle_event_function, state_enter: false
2025-09-30T15:32:23.199 application=db_connection [error] Postgrex.Protocol (#PID<0.203.0>) failed to connect: ** (DBConnection.ConnectionError) tcp connect (db:5432): non-existing domain - :nxdomain
2025-09-30T15:32:23.199 application=db_connection [error] Postgrex.Protocol (#PID<0.220.0>) failed to connect: ** (DBConnection.ConnectionError) tcp connect (db:5432): non-existing domain - :nxdomain
2025-09-30T15:32:23.200 application=db_connection [error] Postgrex.Protocol (#PID<0.200.0>) failed to connect: ** (DBConnection.ConnectionError) tcp connect (db:5432): non-existing domain - :nxdomain
2025-09-30T15:32:23.200 application=db_connection [error] Postgrex.Protocol (#PID<0.195.0>) failed to connect: ** (DBConnection.ConnectionError) tcp connect (db:5432): non-existing domain - :nxdomain
2025-09-30T15:32:23.200 [error] :gen_statem #PID<0.220.0> terminating
** (DBConnection.ConnectionError) tcp connect (db:5432): non-existing domain - :nxdomain
    (db_connection 2.8.0) lib/db_connection/connection.ex:104: DBConnection.Connection.handle_event/4
    (stdlib 6.2.2) gen_statem.erl:3737: :gen_statem.loop_state_callback/11
    (stdlib 6.2.2) proc_lib.erl:329: :proc_lib.init_p_do_apply/3
Queue: [internal: {:connect, :init}]
Postponed: []
State: Postgrex.Protocol
Callback mode: :handle_event_function, state_enter: false
2025-09-30T15:32:27.610 application=ecto_sql [error] Could not create schema migrations table. This error usually happens due to the following:

  * The database does not exist
  * The "schema_migrations" table, which Ecto uses for managing
    migrations, was defined by another library
  * There is a deadlock while migrating (such as using concurrent
    indexes with a migration_lock)

To fix the first issue, run "mix ecto.create" for the desired MIX_ENV.

To address the second, you can run "mix ecto.drop" followed by
"mix ecto.create", both for the desired MIX_ENV. Alternatively you may
configure Ecto to use another table and/or repository for managing
migrations:

    config :explorer, Explorer.Repo,
      migration_source: "some_other_table_for_schema_migrations",
      migration_repo: AnotherRepoForSchemaMigrations

The full error report is shown below.

2025-09-30T15:32:44.265 application=db_connection [error] Postgrex.Protocol (#PID<0.200.0>) failed to connect: ** (DBConnection.ConnectionError) tcp connect (db:5432): non-existing domain - :nxdomain
2025-09-30T15:32:44.265 application=db_connection [error] Postgrex.Protocol (#PID<0.196.0>) failed to connect: ** (DBConnection.ConnectionError) tcp connect (db:5432): non-existing domain - :nxdomain
2025-09-30T15:32:44.265 application=db_connection [error] Postgrex.Protocol (#PID<0.195.0>) failed to connect: ** (DBConnection.ConnectionError) tcp connect (db:5432): non-existing domain - :nxdomain
2025-09-30T15:32:44.265 application=db_connection [error] Postgrex.Protocol (#PID<0.201.0>) failed to connect: ** (DBConnection.ConnectionError) tcp connect (db:5432): non-existing domain - :nxdomain
2025-09-30T15:32:44.265 application=db_connection [error] Postgrex.Protocol (#PID<0.207.0>) failed to connect: ** (DBConnection.ConnectionError) tcp connect (db:5432): non-existing domain - :nxdomain
2025-09-30T15:32:44.285 [error] :gen_statem #PID<0.207.0> terminating
** (DBConnection.ConnectionError) tcp connect (db:5432): non-existing domain - :nxdomain
    (db_connection 2.8.0) lib/db_connection/connection.ex:104: DBConnection.Connection.handle_event/4
    (stdlib 6.2.2) gen_statem.erl:3737: :gen_statem.loop_state_callback/11
    (stdlib 6.2.2) proc_lib.erl:329: :proc_lib.init_p_do_apply/3
Queue: [internal: {:connect, :init}]
Postponed: []
State: Postgrex.Protocol
Callback mode: :handle_event_function, state_enter: false
2025-09-30T15:32:47.083 application=db_connection [error] Postgrex.Protocol (#PID<0.200.0>) failed to connect: ** (DBConnection.ConnectionError) tcp connect (db:5432): non-existing domain - :nxdomain
2025-09-30T15:32:47.083 application=db_connection [error] Postgrex.Protocol (#PID<0.212.0>) failed to connect: ** (DBConnection.ConnectionError) tcp connect (db:5432): non-existing domain - :nxdomain
2025-09-30T15:32:47.084 application=db_connection [error] Postgrex.Protocol (#PID<0.201.0>) failed to connect: ** (DBConnection.ConnectionError) tcp connect (db:5432): non-existing domain - :nxdomain
2025-09-30T15:32:47.084 application=db_connection [error] Postgrex.Protocol (#PID<0.195.0>) failed to connect: ** (DBConnection.ConnectionError) tcp connect (db:5432): non-existing domain - :nxdomain
2025-09-30T15:32:47.084 application=db_connection [error] Postgrex.Protocol (#PID<0.196.0>) failed to connect: ** (DBConnection.ConnectionError) tcp connect (db:5432): non-existing domain - :nxdomain
2025-09-30T15:32:47.084 [error] :gen_statem #PID<0.212.0> terminating
** (DBConnection.ConnectionError) tcp connect (db:5432): non-existing domain - :nxdomain
    (db_connection 2.8.0) lib/db_connection/connection.ex:104: DBConnection.Connection.handle_event/4
    (stdlib 6.2.2) gen_statem.erl:3737: :gen_statem.loop_state_callback/11
    (stdlib 6.2.2) proc_lib.erl:329: :proc_lib.init_p_do_apply/3
Queue: [internal: {:connect, :init}]
Postponed: []
State: Postgrex.Protocol
Callback mode: :handle_event_function, state_enter: false
2025-09-30T15:32:49.597 application=db_connection [error] Postgrex.Protocol (#PID<0.216.0>) failed to connect: ** (DBConnection.ConnectionError) tcp connect (db:5432): connection refused - :econnrefused
2025-09-30T15:32:49.597 [error] :gen_statem #PID<0.216.0> terminating
** (DBConnection.ConnectionError) tcp connect (db:5432): connection refused - :econnrefused
    (db_connection 2.8.0) lib/db_connection/connection.ex:104: DBConnection.Connection.handle_event/4
    (stdlib 6.2.2) gen_statem.erl:3737: :gen_statem.loop_state_callback/11
    (stdlib 6.2.2) proc_lib.erl:329: :proc_lib.init_p_do_apply/3
Queue: [internal: {:connect, :init}]
Postponed: []
State: Postgrex.Protocol
Callback mode: :handle_event_function, state_enter: false
2025-09-30T15:32:49.603 application=db_connection [error] Postgrex.Protocol (#PID<0.220.0>) failed to connect: ** (DBConnection.ConnectionError) tcp connect (db:5432): connection refused - :econnrefused
2025-09-30T15:32:49.603 [error] :gen_statem #PID<0.220.0> terminating
** (DBConnection.ConnectionError) tcp connect (db:5432): connection refused - :econnrefused
    (db_connection 2.8.0) lib/db_connection/connection.ex:104: DBConnection.Connection.handle_event/4
    (stdlib 6.2.2) gen_statem.erl:3737: :gen_statem.loop_state_callback/11
    (stdlib 6.2.2) proc_lib.erl:329: :proc_lib.init_p_do_apply/3
Queue: [internal: {:connect, :init}]
Postponed: []
State: Postgrex.Protocol
Callback mode: :handle_event_function, state_enter: false
2025-09-30T15:32:50.296 application=db_connection [error] Postgrex.Protocol (#PID<0.200.0>) failed to connect: ** (DBConnection.ConnectionError) tcp connect (db:5432): connection refused - :econnrefused
2025-09-30T15:32:54.777 application=db_connection [error] Postgrex.Protocol (#PID<0.195.0>) failed to connect: ** (DBConnection.ConnectionError) tcp connect (db:5432): non-existing domain - :nxdomain
2025-09-30T15:32:54.777 application=db_connection [error] Postgrex.Protocol (#PID<0.201.0>) failed to connect: ** (DBConnection.ConnectionError) tcp connect (db:5432): non-existing domain - :nxdomain
2025-09-30T15:32:54.778 application=db_connection [error] Postgrex.Protocol (#PID<0.196.0>) failed to connect: ** (DBConnection.ConnectionError) tcp connect (db:5432): non-existing domain - :nxdomain
2025-09-30T15:32:54.778 application=db_connection [error] Postgrex.Protocol (#PID<0.200.0>) failed to connect: ** (DBConnection.ConnectionError) tcp connect (db:5432): non-existing domain - :nxdomain
2025-09-30T15:32:55.282 application=ecto_sql [error] Could not create schema migrations table. This error usually happens due to the following:

  * The database does not exist
  * The "schema_migrations" table, which Ecto uses for managing
    migrations, was defined by another library
  * There is a deadlock while migrating (such as using concurrent
    indexes with a migration_lock)

To fix the first issue, run "mix ecto.create" for the desired MIX_ENV.

To address the second, you can run "mix ecto.drop" followed by
"mix ecto.create", both for the desired MIX_ENV. Alternatively you may
configure Ecto to use another table and/or repository for managing
migrations:

    config :explorer, Explorer.Repo,
      migration_source: "some_other_table_for_schema_migrations",
      migration_repo: AnotherRepoForSchemaMigrations

The full error report is shown below.

2025-09-30T15:33:07.389 application=db_connection [error] Postgrex.Protocol (#PID<0.207.0>) failed to connect: ** (DBConnection.ConnectionError) tcp connect (db:5432): non-existing domain - :nxdomain
2025-09-30T15:33:07.389 application=db_connection [error] Postgrex.Protocol (#PID<0.201.0>) failed to connect: ** (DBConnection.ConnectionError) tcp connect (db:5432): non-existing domain - :nxdomain
2025-09-30T15:33:07.389 application=db_connection [error] Postgrex.Protocol (#PID<0.200.0>) failed to connect: ** (DBConnection.ConnectionError) tcp connect (db:5432): non-existing domain - :nxdomain
2025-09-30T15:33:07.389 application=db_connection [error] Postgrex.Protocol (#PID<0.196.0>) failed to connect: ** (DBConnection.ConnectionError) tcp connect (db:5432): non-existing domain - :nxdomain
2025-09-30T15:33:07.389 application=db_connection [error] Postgrex.Protocol (#PID<0.195.0>) failed to connect: ** (DBConnection.ConnectionError) tcp connect (db:5432): non-existing domain - :nxdomain
2025-09-30T15:33:07.398 [error] :gen_statem #PID<0.207.0> terminating
** (DBConnection.ConnectionError) tcp connect (db:5432): non-existing domain - :nxdomain
    (db_connection 2.8.0) lib/db_connection/connection.ex:104: DBConnection.Connection.handle_event/4
    (stdlib 6.2.2) gen_statem.erl:3737: :gen_statem.loop_state_callback/11
    (stdlib 6.2.2) proc_lib.erl:329: :proc_lib.init_p_do_apply/3
Queue: [internal: {:connect, :init}]
Postponed: []
State: Postgrex.Protocol
Callback mode: :handle_event_function, state_enter: false
2025-09-30T15:33:11.268 application=db_connection [error] Postgrex.Protocol (#PID<0.212.0>) failed to connect: ** (DBConnection.ConnectionError) tcp connect (db:5432): non-existing domain - :nxdomain
2025-09-30T15:33:11.269 application=db_connection [error] Postgrex.Protocol (#PID<0.201.0>) failed to connect: ** (DBConnection.ConnectionError) tcp connect (db:5432): non-existing domain - :nxdomain
2025-09-30T15:33:11.270 application=db_connection [error] Postgrex.Protocol (#PID<0.200.0>) failed to connect: ** (DBConnection.ConnectionError) tcp connect (db:5432): non-existing domain - :nxdomain
2025-09-30T15:33:11.270 application=db_connection [error] Postgrex.Protocol (#PID<0.195.0>) failed to connect: ** (DBConnection.ConnectionError) tcp connect (db:5432): non-existing domain - :nxdomain
2025-09-30T15:33:11.270 application=db_connection [error] Postgrex.Protocol (#PID<0.196.0>) failed to connect: ** (DBConnection.ConnectionError) tcp connect (db:5432): non-existing domain - :nxdomain
2025-09-30T15:33:11.268 [error] :gen_statem #PID<0.212.0> terminating
** (DBConnection.ConnectionError) tcp connect (db:5432): non-existing domain - :nxdomain
    (db_connection 2.8.0) lib/db_connection/connection.ex:104: DBConnection.Connection.handle_event/4
    (stdlib 6.2.2) gen_statem.erl:3737: :gen_statem.loop_state_callback/11
    (stdlib 6.2.2) proc_lib.erl:329: :proc_lib.init_p_do_apply/3
Queue: [internal: {:connect, :init}]
Postponed: []
State: Postgrex.Protocol
Callback mode: :handle_event_function, state_enter: false
2025-09-30T15:33:14.030 application=db_connection [error] Postgrex.Protocol (#PID<0.216.0>) failed to connect: ** (DBConnection.ConnectionError) tcp connect (db:5432): non-existing domain - :nxdomain
2025-09-30T15:33:14.031 application=db_connection [error] Postgrex.Protocol (#PID<0.195.0>) failed to connect: ** (DBConnection.ConnectionError) tcp connect (db:5432): non-existing domain - :nxdomain
2025-09-30T15:33:14.031 application=db_connection [error] Postgrex.Protocol (#PID<0.201.0>) failed to connect: ** (DBConnection.ConnectionError) tcp connect (db:5432): non-existing domain - :nxdomain
2025-09-30T15:33:14.031 application=db_connection [error] Postgrex.Protocol (#PID<0.200.0>) failed to connect: ** (DBConnection.ConnectionError) tcp connect (db:5432): non-existing domain - :nxdomain
2025-09-30T15:33:14.031 [error] :gen_statem #PID<0.216.0> terminating
** (DBConnection.ConnectionError) tcp connect (db:5432): non-existing domain - :nxdomain
    (db_connection 2.8.0) lib/db_connection/connection.ex:104: DBConnection.Connection.handle_event/4
    (stdlib 6.2.2) gen_statem.erl:3737: :gen_statem.loop_state_callback/11
    (stdlib 6.2.2) proc_lib.erl:329: :proc_lib.init_p_do_apply/3
Queue: [internal: {:connect, :init}]
Postponed: []
State: Postgrex.Protocol
Callback mode: :handle_event_function, state_enter: false
2025-09-30T15:33:17.874 application=db_connection [error] Postgrex.Protocol (#PID<0.220.0>) failed to connect: ** (DBConnection.ConnectionError) tcp connect (db:5432): non-existing domain - :nxdomain
2025-09-30T15:33:17.875 application=db_connection [error] Postgrex.Protocol (#PID<0.196.0>) failed to connect: ** (DBConnection.ConnectionError) tcp connect (db:5432): non-existing domain - :nxdomain
2025-09-30T15:33:17.874 [error] :gen_statem #PID<0.220.0> terminating
** (DBConnection.ConnectionError) tcp connect (db:5432): non-existing domain - :nxdomain
    (db_connection 2.8.0) lib/db_connection/connection.ex:104: DBConnection.Connection.handle_event/4
    (stdlib 6.2.2) gen_statem.erl:3737: :gen_statem.loop_state_callback/11
    (stdlib 6.2.2) proc_lib.erl:329: :proc_lib.init_p_do_apply/3
Queue: [internal: {:connect, :init}]
Postponed: []
State: Postgrex.Protocol
Callback mode: :handle_event_function, state_enter: false
2025-09-30T15:33:22.360 application=ecto_sql [error] Could not create schema migrations table. This error usually happens due to the following:

  * The database does not exist
  * The "schema_migrations" table, which Ecto uses for managing
    migrations, was defined by another library
  * There is a deadlock while migrating (such as using concurrent
    indexes with a migration_lock)

To fix the first issue, run "mix ecto.create" for the desired MIX_ENV.

To address the second, you can run "mix ecto.drop" followed by
"mix ecto.create", both for the desired MIX_ENV. Alternatively you may
configure Ecto to use another table and/or repository for managing
migrations:

    config :explorer, Explorer.Repo,
      migration_source: "some_other_table_for_schema_migrations",
      migration_repo: AnotherRepoForSchemaMigrations

The full error report is shown below.

2025-09-30T15:33:31.417 application=db_connection [error] Postgrex.Protocol (#PID<0.207.0>) failed to connect: ** (DBConnection.ConnectionError) tcp connect (db:5432): non-existing domain - :nxdomain
2025-09-30T15:33:31.417 application=db_connection [error] Postgrex.Protocol (#PID<0.195.0>) failed to connect: ** (DBConnection.ConnectionError) tcp connect (db:5432): non-existing domain - :nxdomain
2025-09-30T15:33:31.417 application=db_connection [error] Postgrex.Protocol (#PID<0.196.0>) failed to connect: ** (DBConnection.ConnectionError) tcp connect (db:5432): non-existing domain - :nxdomain
2025-09-30T15:33:31.417 application=db_connection [error] Postgrex.Protocol (#PID<0.201.0>) failed to connect: ** (DBConnection.ConnectionError) tcp connect (db:5432): non-existing domain - :nxdomain
2025-09-30T15:33:31.417 application=db_connection [error] Postgrex.Protocol (#PID<0.200.0>) failed to connect: ** (DBConnection.ConnectionError) tcp connect (db:5432): non-existing domain - :nxdomain
2025-09-30T15:33:31.425 [error] :gen_statem #PID<0.207.0> terminating
** (DBConnection.ConnectionError) tcp connect (db:5432): non-existing domain - :nxdomain
    (db_connection 2.8.0) lib/db_connection/connection.ex:104: DBConnection.Connection.handle_event/4
    (stdlib 6.2.2) gen_statem.erl:3737: :gen_statem.loop_state_callback/11
    (stdlib 6.2.2) proc_lib.erl:329: :proc_lib.init_p_do_apply/3
Queue: [internal: {:connect, :init}]
Postponed: []
State: Postgrex.Protocol
Callback mode: :handle_event_function, state_enter: false
2025-09-30T15:33:35.318 application=db_connection [error] Postgrex.Protocol (#PID<0.195.0>) failed to connect: ** (DBConnection.ConnectionError) tcp connect (db:5432): non-existing domain - :nxdomain
2025-09-30T15:33:35.318 application=db_connection [error] Postgrex.Protocol (#PID<0.212.0>) failed to connect: ** (DBConnection.ConnectionError) tcp connect (db:5432): non-existing domain - :nxdomain
2025-09-30T15:33:35.318 application=db_connection [error] Postgrex.Protocol (#PID<0.201.0>) failed to connect: ** (DBConnection.ConnectionError) tcp connect (db:5432): non-existing domain - :nxdomain
2025-09-30T15:33:35.318 application=db_connection [error] Postgrex.Protocol (#PID<0.196.0>) failed to connect: ** (DBConnection.ConnectionError) tcp connect (db:5432): non-existing domain - :nxdomain
2025-09-30T15:33:35.318 application=db_connection [error] Postgrex.Protocol (#PID<0.200.0>) failed to connect: ** (DBConnection.ConnectionError) tcp connect (db:5432): non-existing domain - :nxdomain
2025-09-30T15:33:35.318 [error] :gen_statem #PID<0.212.0> terminating
** (DBConnection.ConnectionError) tcp connect (db:5432): non-existing domain - :nxdomain
    (db_connection 2.8.0) lib/db_connection/connection.ex:104: DBConnection.Connection.handle_event/4
    (stdlib 6.2.2) gen_statem.erl:3737: :gen_statem.loop_state_callback/11
    (stdlib 6.2.2) proc_lib.erl:329: :proc_lib.init_p_do_apply/3
Queue: [internal: {:connect, :init}]
Postponed: []
State: Postgrex.Protocol
Callback mode: :handle_event_function, state_enter: false
2025-09-30T15:33:39.161 application=db_connection [error] Postgrex.Protocol (#PID<0.200.0>) failed to connect: ** (DBConnection.ConnectionError) tcp connect (db:5432): non-existing domain - :nxdomain
2025-09-30T15:33:39.161 application=db_connection [error] Postgrex.Protocol (#PID<0.216.0>) failed to connect: ** (DBConnection.ConnectionError) tcp connect (db:5432): non-existing domain - :nxdomain
2025-09-30T15:33:39.161 application=db_connection [error] Postgrex.Protocol (#PID<0.195.0>) failed to connect: ** (DBConnection.ConnectionError) tcp connect (db:5432): non-existing domain - :nxdomain
2025-09-30T15:33:39.161 application=db_connection [error] Postgrex.Protocol (#PID<0.196.0>) failed to connect: ** (DBConnection.ConnectionError) tcp connect (db:5432): non-existing domain - :nxdomain
2025-09-30T15:33:39.161 [error] :gen_statem #PID<0.216.0> terminating
** (DBConnection.ConnectionError) tcp connect (db:5432): non-existing domain - :nxdomain
    (db_connection 2.8.0) lib/db_connection/connection.ex:104: DBConnection.Connection.handle_event/4
    (stdlib 6.2.2) gen_statem.erl:3737: :gen_statem.loop_state_callback/11
    (stdlib 6.2.2) proc_lib.erl:329: :proc_lib.init_p_do_apply/3
Queue: [internal: {:connect, :init}]
Postponed: []
State: Postgrex.Protocol
Callback mode: :handle_event_function, state_enter: false
2025-09-30T15:33:41.939 application=db_connection [error] Postgrex.Protocol (#PID<0.220.0>) failed to connect: ** (DBConnection.ConnectionError) tcp connect (db:5432): non-existing domain - :nxdomain
2025-09-30T15:33:41.939 application=db_connection [error] Postgrex.Protocol (#PID<0.200.0>) failed to connect: ** (DBConnection.ConnectionError) tcp connect (db:5432): non-existing domain - :nxdomain
2025-09-30T15:33:41.939 application=db_connection [error] Postgrex.Protocol (#PID<0.201.0>) failed to connect: ** (DBConnection.ConnectionError) tcp connect (db:5432): non-existing domain - :nxdomain
2025-09-30T15:33:41.939 [error] :gen_statem #PID<0.220.0> terminating
** (DBConnection.ConnectionError) tcp connect (db:5432): non-existing domain - :nxdomain
    (db_connection 2.8.0) lib/db_connection/connection.ex:104: DBConnection.Connection.handle_event/4
    (stdlib 6.2.2) gen_statem.erl:3737: :gen_statem.loop_state_callback/11
    (stdlib 6.2.2) proc_lib.erl:329: :proc_lib.init_p_do_apply/3
Queue: [internal: {:connect, :init}]
Postponed: []
State: Postgrex.Protocol
Callback mode: :handle_event_function, state_enter: false
2025-09-30T15:33:46.438 application=ecto_sql [error] Could not create schema migrations table. This error usually happens due to the following:

  * The database does not exist
  * The "schema_migrations" table, which Ecto uses for managing
    migrations, was defined by another library
  * There is a deadlock while migrating (such as using concurrent
    indexes with a migration_lock)

To fix the first issue, run "mix ecto.create" for the desired MIX_ENV.

To address the second, you can run "mix ecto.drop" followed by
"mix ecto.create", both for the desired MIX_ENV. Alternatively you may
configure Ecto to use another table and/or repository for managing
migrations:

    config :explorer, Explorer.Repo,
      migration_source: "some_other_table_for_schema_migrations",
      migration_repo: AnotherRepoForSchemaMigrations

The full error report is shown below.

2025-09-30T15:33:58.063 application=db_connection [error] Postgrex.Protocol (#PID<0.207.0>) failed to connect: ** (DBConnection.ConnectionError) tcp connect (db:5432): non-existing domain - :nxdomain
2025-09-30T15:33:58.063 application=db_connection [error] Postgrex.Protocol (#PID<0.196.0>) failed to connect: ** (DBConnection.ConnectionError) tcp connect (db:5432): non-existing domain - :nxdomain
2025-09-30T15:33:58.063 application=db_connection [error] Postgrex.Protocol (#PID<0.195.0>) failed to connect: ** (DBConnection.ConnectionError) tcp connect (db:5432): non-existing domain - :nxdomain
2025-09-30T15:33:58.063 application=db_connection [error] Postgrex.Protocol (#PID<0.202.0>) failed to connect: ** (DBConnection.ConnectionError) tcp connect (db:5432): non-existing domain - :nxdomain
2025-09-30T15:33:58.063 application=db_connection [error] Postgrex.Protocol (#PID<0.200.0>) failed to connect: ** (DBConnection.ConnectionError) tcp connect (db:5432): non-existing domain - :nxdomain
2025-09-30T15:33:58.071 [error] :gen_statem #PID<0.207.0> terminating
** (DBConnection.ConnectionError) tcp connect (db:5432): non-existing domain - :nxdomain
    (db_connection 2.8.0) lib/db_connection/connection.ex:104: DBConnection.Connection.handle_event/4
    (stdlib 6.2.2) gen_statem.erl:3737: :gen_statem.loop_state_callback/11
    (stdlib 6.2.2) proc_lib.erl:329: :proc_lib.init_p_do_apply/3
Queue: [internal: {:connect, :init}]
Postponed: []
State: Postgrex.Protocol
Callback mode: :handle_event_function, state_enter: false
2025-09-30T15:34:01.939 application=db_connection [error] Postgrex.Protocol (#PID<0.195.0>) failed to connect: ** (DBConnection.ConnectionError) tcp connect (db:5432): non-existing domain - :nxdomain
2025-09-30T15:34:01.940 application=db_connection [error] Postgrex.Protocol (#PID<0.196.0>) failed to connect: ** (DBConnection.ConnectionError) tcp connect (db:5432): non-existing domain - :nxdomain
2025-09-30T15:34:01.940 application=db_connection [error] Postgrex.Protocol (#PID<0.200.0>) failed to connect: ** (DBConnection.ConnectionError) tcp connect (db:5432): non-existing domain - :nxdomain
2025-09-30T15:34:01.940 application=db_connection [error] Postgrex.Protocol (#PID<0.202.0>) failed to connect: ** (DBConnection.ConnectionError) tcp connect (db:5432): non-existing domain - :nxdomain
2025-09-30T15:34:01.940 application=db_connection [error] Postgrex.Protocol (#PID<0.212.0>) failed to connect: ** (DBConnection.ConnectionError) tcp connect (db:5432): non-existing domain - :nxdomain
2025-09-30T15:34:01.940 [error] :gen_statem #PID<0.212.0> terminating
** (DBConnection.ConnectionError) tcp connect (db:5432): non-existing domain - :nxdomain
    (db_connection 2.8.0) lib/db_connection/connection.ex:104: DBConnection.Connection.handle_event/4
    (stdlib 6.2.2) gen_statem.erl:3737: :gen_statem.loop_state_callback/11
    (stdlib 6.2.2) proc_lib.erl:329: :proc_lib.init_p_do_apply/3
Queue: [internal: {:connect, :init}]
Postponed: []
State: Postgrex.Protocol
Callback mode: :handle_event_function, state_enter: false
2025-09-30T15:34:05.824 application=db_connection [error] Postgrex.Protocol (#PID<0.216.0>) failed to connect: ** (DBConnection.ConnectionError) tcp connect (db:5432): non-existing domain - :nxdomain
2025-09-30T15:34:05.824 [error] :gen_statem #PID<0.216.0> terminating
** (DBConnection.ConnectionError) tcp connect (db:5432): non-existing domain - :nxdomain
    (db_connection 2.8.0) lib/db_connection/connection.ex:104: DBConnection.Connection.handle_event/4
    (stdlib 6.2.2) gen_statem.erl:3737: :gen_statem.loop_state_callback/11
    (stdlib 6.2.2) proc_lib.erl:329: :proc_lib.init_p_do_apply/3
Queue: [internal: {:connect, :init}]
Postponed: []
State: Postgrex.Protocol
Callback mode: :handle_event_function, state_enter: false
2025-09-30T15:34:09.666 application=db_connection [error] Postgrex.Protocol (#PID<0.220.0>) failed to connect: ** (DBConnection.ConnectionError) tcp connect (db:5432): non-existing domain - :nxdomain
2025-09-30T15:34:09.666 application=db_connection [error] Postgrex.Protocol (#PID<0.195.0>) failed to connect: ** (DBConnection.ConnectionError) tcp connect (db:5432): non-existing domain - :nxdomain
2025-09-30T15:34:09.666 application=db_connection [error] Postgrex.Protocol (#PID<0.200.0>) failed to connect: ** (DBConnection.ConnectionError) tcp connect (db:5432): non-existing domain - :nxdomain
2025-09-30T15:34:09.666 application=db_connection [error] Postgrex.Protocol (#PID<0.196.0>) failed to connect: ** (DBConnection.ConnectionError) tcp connect (db:5432): non-existing domain - :nxdomain
2025-09-30T15:34:09.667 application=db_connection [error] Postgrex.Protocol (#PID<0.202.0>) failed to connect: ** (DBConnection.ConnectionError) tcp connect (db:5432): non-existing domain - :nxdomain
2025-09-30T15:34:09.666 [error] :gen_statem #PID<0.220.0> terminating
** (DBConnection.ConnectionError) tcp connect (db:5432): non-existing domain - :nxdomain
    (db_connection 2.8.0) lib/db_connection/connection.ex:104: DBConnection.Connection.handle_event/4
    (stdlib 6.2.2) gen_statem.erl:3737: :gen_statem.loop_state_callback/11
    (stdlib 6.2.2) proc_lib.erl:329: :proc_lib.init_p_do_apply/3
Queue: [internal: {:connect, :init}]
Postponed: []
State: Postgrex.Protocol
Callback mode: :handle_event_function, state_enter: false
2025-09-30T15:34:13.073 application=ecto_sql [error] Could not create schema migrations table. This error usually happens due to the following:

  * The database does not exist
  * The "schema_migrations" table, which Ecto uses for managing
    migrations, was defined by another library
  * There is a deadlock while migrating (such as using concurrent
    indexes with a migration_lock)

To fix the first issue, run "mix ecto.create" for the desired MIX_ENV.

To address the second, you can run "mix ecto.drop" followed by
"mix ecto.create", both for the desired MIX_ENV. Alternatively you may
configure Ecto to use another table and/or repository for managing
migrations:

    config :explorer, Explorer.Repo,
      migration_source: "some_other_table_for_schema_migrations",
      migration_repo: AnotherRepoForSchemaMigrations

The full error report is shown below.

2025-09-30T15:34:20.761 application=db_connection [error] Postgrex.Protocol (#PID<0.207.0>) failed to connect: ** (DBConnection.ConnectionError) tcp connect (db:5432): non-existing domain - :nxdomain
2025-09-30T15:34:20.761 application=db_connection [error] Postgrex.Protocol (#PID<0.200.0>) failed to connect: ** (DBConnection.ConnectionError) tcp connect (db:5432): non-existing domain - :nxdomain
2025-09-30T15:34:20.762 application=db_connection [error] Postgrex.Protocol (#PID<0.195.0>) failed to connect: ** (DBConnection.ConnectionError) tcp connect (db:5432): non-existing domain - :nxdomain
2025-09-30T15:34:20.762 application=db_connection [error] Postgrex.Protocol (#PID<0.201.0>) failed to connect: ** (DBConnection.ConnectionError) tcp connect (db:5432): non-existing domain - :nxdomain
2025-09-30T15:34:20.762 application=db_connection [error] Postgrex.Protocol (#PID<0.196.0>) failed to connect: ** (DBConnection.ConnectionError) tcp connect (db:5432): non-existing domain - :nxdomain
2025-09-30T15:34:20.788 [error] :gen_statem #PID<0.207.0> terminating
** (DBConnection.ConnectionError) tcp connect (db:5432): non-existing domain - :nxdomain
    (db_connection 2.8.0) lib/db_connection/connection.ex:104: DBConnection.Connection.handle_event/4
    (stdlib 6.2.2) gen_statem.erl:3737: :gen_statem.loop_state_callback/11
    (stdlib 6.2.2) proc_lib.erl:329: :proc_lib.init_p_do_apply/3
Queue: [internal: {:connect, :init}]
Postponed: []
State: Postgrex.Protocol
Callback mode: :handle_event_function, state_enter: false
2025-09-30T15:34:24.673 application=db_connection [error] Postgrex.Protocol (#PID<0.212.0>) failed to connect: ** (DBConnection.ConnectionError) tcp connect (db:5432): non-existing domain - :nxdomain
2025-09-30T15:34:24.673 application=db_connection [error] Postgrex.Protocol (#PID<0.196.0>) failed to connect: ** (DBConnection.ConnectionError) tcp connect (db:5432): non-existing domain - :nxdomain
2025-09-30T15:34:24.673 application=db_connection [error] Postgrex.Protocol (#PID<0.200.0>) failed to connect: ** (DBConnection.ConnectionError) tcp connect (db:5432): non-existing domain - :nxdomain
2025-09-30T15:34:24.673 application=db_connection [error] Postgrex.Protocol (#PID<0.201.0>) failed to connect: ** (DBConnection.ConnectionError) tcp connect (db:5432): non-existing domain - :nxdomain
2025-09-30T15:34:24.673 application=db_connection [error] Postgrex.Protocol (#PID<0.195.0>) failed to connect: ** (DBConnection.ConnectionError) tcp connect (db:5432): non-existing domain - :nxdomain
2025-09-30T15:34:24.673 [error] :gen_statem #PID<0.212.0> terminating
** (DBConnection.ConnectionError) tcp connect (db:5432): non-existing domain - :nxdomain
    (db_connection 2.8.0) lib/db_connection/connection.ex:104: DBConnection.Connection.handle_event/4
    (stdlib 6.2.2) gen_statem.erl:3737: :gen_statem.loop_state_callback/11
    (stdlib 6.2.2) proc_lib.erl:329: :proc_lib.init_p_do_apply/3
Queue: [internal: {:connect, :init}]
Postponed: []
State: Postgrex.Protocol
Callback mode: :handle_event_function, state_enter: false
2025-09-30T15:34:28.542 application=db_connection [error] Postgrex.Protocol (#PID<0.196.0>) failed to connect: ** (DBConnection.ConnectionError) tcp connect (db:5432): non-existing domain - :nxdomain
2025-09-30T15:34:28.542 application=db_connection [error] Postgrex.Protocol (#PID<0.216.0>) failed to connect: ** (DBConnection.ConnectionError) tcp connect (db:5432): non-existing domain - :nxdomain
2025-09-30T15:34:28.542 [error] :gen_statem #PID<0.216.0> terminating
** (DBConnection.ConnectionError) tcp connect (db:5432): non-existing domain - :nxdomain
    (db_connection 2.8.0) lib/db_connection/connection.ex:104: DBConnection.Connection.handle_event/4
    (stdlib 6.2.2) gen_statem.erl:3737: :gen_statem.loop_state_callback/11
    (stdlib 6.2.2) proc_lib.erl:329: :proc_lib.init_p_do_apply/3
Queue: [internal: {:connect, :init}]
Postponed: []
State: Postgrex.Protocol
Callback mode: :handle_event_function, state_enter: false
2025-09-30T15:34:32.396 application=db_connection [error] Postgrex.Protocol (#PID<0.196.0>) failed to connect: ** (DBConnection.ConnectionError) tcp connect (db:5432): non-existing domain - :nxdomain
2025-09-30T15:34:32.396 application=db_connection [error] Postgrex.Protocol (#PID<0.220.0>) failed to connect: ** (DBConnection.ConnectionError) tcp connect (db:5432): non-existing domain - :nxdomain
2025-09-30T15:34:32.396 application=db_connection [error] Postgrex.Protocol (#PID<0.201.0>) failed to connect: ** (DBConnection.ConnectionError) tcp connect (db:5432): non-existing domain - :nxdomain
2025-09-30T15:34:32.396 application=db_connection [error] Postgrex.Protocol (#PID<0.195.0>) failed to connect: ** (DBConnection.ConnectionError) tcp connect (db:5432): non-existing domain - :nxdomain
2025-09-30T15:34:32.396 application=db_connection [error] Postgrex.Protocol (#PID<0.200.0>) failed to connect: ** (DBConnection.ConnectionError) tcp connect (db:5432): non-existing domain - :nxdomain
2025-09-30T15:34:32.396 [error] :gen_statem #PID<0.220.0> terminating
** (DBConnection.ConnectionError) tcp connect (db:5432): non-existing domain - :nxdomain
    (db_connection 2.8.0) lib/db_connection/connection.ex:104: DBConnection.Connection.handle_event/4
    (stdlib 6.2.2) gen_statem.erl:3737: :gen_statem.loop_state_callback/11
    (stdlib 6.2.2) proc_lib.erl:329: :proc_lib.init_p_do_apply/3
Queue: [internal: {:connect, :init}]
Postponed: []
State: Postgrex.Protocol
Callback mode: :handle_event_function, state_enter: false
2025-09-30T15:34:36.869 application=ecto_sql [error] Could not create schema migrations table. This error usually happens due to the following:

  * The database does not exist
  * The "schema_migrations" table, which Ecto uses for managing
    migrations, was defined by another library
  * There is a deadlock while migrating (such as using concurrent
    indexes with a migration_lock)

To fix the first issue, run "mix ecto.create" for the desired MIX_ENV.

To address the second, you can run "mix ecto.drop" followed by
"mix ecto.create", both for the desired MIX_ENV. Alternatively you may
configure Ecto to use another table and/or repository for managing
migrations:

    config :explorer, Explorer.Repo,
      migration_source: "some_other_table_for_schema_migrations",
      migration_repo: AnotherRepoForSchemaMigrations

The full error report is shown below.

2025-09-30T15:34:45.746 application=db_connection [error] Postgrex.Protocol (#PID<0.200.0>) failed to connect: ** (DBConnection.ConnectionError) tcp connect (db:5432): non-existing domain - :nxdomain
2025-09-30T15:34:45.746 application=db_connection [error] Postgrex.Protocol (#PID<0.201.0>) failed to connect: ** (DBConnection.ConnectionError) tcp connect (db:5432): non-existing domain - :nxdomain
2025-09-30T15:34:45.746 application=db_connection [error] Postgrex.Protocol (#PID<0.207.0>) failed to connect: ** (DBConnection.ConnectionError) tcp connect (db:5432): non-existing domain - :nxdomain
2025-09-30T15:34:45.746 application=db_connection [error] Postgrex.Protocol (#PID<0.196.0>) failed to connect: ** (DBConnection.ConnectionError) tcp connect (db:5432): non-existing domain - :nxdomain
2025-09-30T15:34:45.746 application=db_connection [error] Postgrex.Protocol (#PID<0.195.0>) failed to connect: ** (DBConnection.ConnectionError) tcp connect (db:5432): non-existing domain - :nxdomain
2025-09-30T15:34:45.754 [error] :gen_statem #PID<0.207.0> terminating
** (DBConnection.ConnectionError) tcp connect (db:5432): non-existing domain - :nxdomain
    (db_connection 2.8.0) lib/db_connection/connection.ex:104: DBConnection.Connection.handle_event/4
    (stdlib 6.2.2) gen_statem.erl:3737: :gen_statem.loop_state_callback/11
    (stdlib 6.2.2) proc_lib.erl:329: :proc_lib.init_p_do_apply/3
Queue: [internal: {:connect, :init}]
Postponed: []
State: Postgrex.Protocol
Callback mode: :handle_event_function, state_enter: false
2025-09-30T15:34:49.613 application=db_connection [error] Postgrex.Protocol (#PID<0.212.0>) failed to connect: ** (DBConnection.ConnectionError) tcp connect (db:5432): non-existing domain - :nxdomain
2025-09-30T15:34:49.614 application=db_connection [error] Postgrex.Protocol (#PID<0.196.0>) failed to connect: ** (DBConnection.ConnectionError) tcp connect (db:5432): non-existing domain - :nxdomain
2025-09-30T15:34:49.614 application=db_connection [error] Postgrex.Protocol (#PID<0.201.0>) failed to connect: ** (DBConnection.ConnectionError) tcp connect (db:5432): non-existing domain - :nxdomain
2025-09-30T15:34:49.614 application=db_connection [error] Postgrex.Protocol (#PID<0.195.0>) failed to connect: ** (DBConnection.ConnectionError) tcp connect (db:5432): non-existing domain - :nxdomain
2025-09-30T15:34:49.614 application=db_connection [error] Postgrex.Protocol (#PID<0.200.0>) failed to connect: ** (DBConnection.ConnectionError) tcp connect (db:5432): non-existing domain - :nxdomain
2025-09-30T15:34:49.613 [error] :gen_statem #PID<0.212.0> terminating
** (DBConnection.ConnectionError) tcp connect (db:5432): non-existing domain - :nxdomain
    (db_connection 2.8.0) lib/db_connection/connection.ex:104: DBConnection.Connection.handle_event/4
    (stdlib 6.2.2) gen_statem.erl:3737: :gen_statem.loop_state_callback/11
    (stdlib 6.2.2) proc_lib.erl:329: :proc_lib.init_p_do_apply/3
Queue: [internal: {:connect, :init}]
Postponed: []
State: Postgrex.Protocol
Callback mode: :handle_event_function, state_enter: false
2025-09-30T15:34:53.446 application=db_connection [error] Postgrex.Protocol (#PID<0.216.0>) failed to connect: ** (DBConnection.ConnectionError) tcp connect (db:5432): non-existing domain - :nxdomain
2025-09-30T15:34:53.447 application=db_connection [error] Postgrex.Protocol (#PID<0.196.0>) failed to connect: ** (DBConnection.ConnectionError) tcp connect (db:5432): non-existing domain - :nxdomain
2025-09-30T15:34:53.447 application=db_connection [error] Postgrex.Protocol (#PID<0.201.0>) failed to connect: ** (DBConnection.ConnectionError) tcp connect (db:5432): non-existing domain - :nxdomain
2025-09-30T15:34:53.446 [error] :gen_statem #PID<0.216.0> terminating
** (DBConnection.ConnectionError) tcp connect (db:5432): non-existing domain - :nxdomain
    (db_connection 2.8.0) lib/db_connection/connection.ex:104: DBConnection.Connection.handle_event/4
    (stdlib 6.2.2) gen_statem.erl:3737: :gen_statem.loop_state_callback/11
    (stdlib 6.2.2) proc_lib.erl:329: :proc_lib.init_p_do_apply/3
Queue: [internal: {:connect, :init}]
Postponed: []
State: Postgrex.Protocol
Callback mode: :handle_event_function, state_enter: false
2025-09-30T15:34:57.284 application=db_connection [error] Postgrex.Protocol (#PID<0.220.0>) failed to connect: ** (DBConnection.ConnectionError) tcp connect (db:5432): non-existing domain - :nxdomain
2025-09-30T15:34:57.285 application=db_connection [error] Postgrex.Protocol (#PID<0.195.0>) failed to connect: ** (DBConnection.ConnectionError) tcp connect (db:5432): non-existing domain - :nxdomain
2025-09-30T15:34:57.285 application=db_connection [error] Postgrex.Protocol (#PID<0.200.0>) failed to connect: ** (DBConnection.ConnectionError) tcp connect (db:5432): non-existing domain - :nxdomain
2025-09-30T15:34:57.284 [error] :gen_statem #PID<0.220.0> terminating
** (DBConnection.ConnectionError) tcp connect (db:5432): non-existing domain - :nxdomain
    (db_connection 2.8.0) lib/db_connection/connection.ex:104: DBConnection.Connection.handle_event/4
    (stdlib 6.2.2) gen_statem.erl:3737: :gen_statem.loop_state_callback/11
    (stdlib 6.2.2) proc_lib.erl:329: :proc_lib.init_p_do_apply/3
Queue: [internal: {:connect, :init}]
Postponed: []
State: Postgrex.Protocol
Callback mode: :handle_event_function, state_enter: false
2025-09-30T15:35:01.868 application=ecto_sql [error] Could not create schema migrations table. This error usually happens due to the following:

  * The database does not exist
  * The "schema_migrations" table, which Ecto uses for managing
    migrations, was defined by another library
  * There is a deadlock while migrating (such as using concurrent
    indexes with a migration_lock)

To fix the first issue, run "mix ecto.create" for the desired MIX_ENV.

To address the second, you can run "mix ecto.drop" followed by
"mix ecto.create", both for the desired MIX_ENV. Alternatively you may
configure Ecto to use another table and/or repository for managing
migrations:

    config :explorer, Explorer.Repo,
      migration_source: "some_other_table_for_schema_migrations",
      migration_repo: AnotherRepoForSchemaMigrations

The full error report is shown below.

2025-09-30T15:35:11.422 application=db_connection [error] Postgrex.Protocol (#PID<0.195.0>) failed to connect: ** (DBConnection.ConnectionError) tcp connect (db:5432): non-existing domain - :nxdomain
2025-09-30T15:35:11.422 application=db_connection [error] Postgrex.Protocol (#PID<0.207.0>) failed to connect: ** (DBConnection.ConnectionError) tcp connect (db:5432): non-existing domain - :nxdomain
2025-09-30T15:35:11.421 application=db_connection [error] Postgrex.Protocol (#PID<0.196.0>) failed to connect: ** (DBConnection.ConnectionError) tcp connect (db:5432): non-existing domain - :nxdomain
2025-09-30T15:35:11.422 application=db_connection [error] Postgrex.Protocol (#PID<0.201.0>) failed to connect: ** (DBConnection.ConnectionError) tcp connect (db:5432): non-existing domain - :nxdomain
2025-09-30T15:35:11.421 application=db_connection [error] Postgrex.Protocol (#PID<0.200.0>) failed to connect: ** (DBConnection.ConnectionError) tcp connect (db:5432): non-existing domain - :nxdomain
2025-09-30T15:35:11.429 [error] :gen_statem #PID<0.207.0> terminating
** (DBConnection.ConnectionError) tcp connect (db:5432): non-existing domain - :nxdomain
    (db_connection 2.8.0) lib/db_connection/connection.ex:104: DBConnection.Connection.handle_event/4
    (stdlib 6.2.2) gen_statem.erl:3737: :gen_statem.loop_state_callback/11
    (stdlib 6.2.2) proc_lib.erl:329: :proc_lib.init_p_do_apply/3
Queue: [internal: {:connect, :init}]
Postponed: []
State: Postgrex.Protocol
Callback mode: :handle_event_function, state_enter: false
2025-09-30T15:35:15.284 application=db_connection [error] Postgrex.Protocol (#PID<0.212.0>) failed to connect: ** (DBConnection.ConnectionError) tcp connect (db:5432): non-existing domain - :nxdomain
2025-09-30T15:35:15.284 application=db_connection [error] Postgrex.Protocol (#PID<0.200.0>) failed to connect: ** (DBConnection.ConnectionError) tcp connect (db:5432): non-existing domain - :nxdomain
2025-09-30T15:35:15.285 application=db_connection [error] Postgrex.Protocol (#PID<0.196.0>) failed to connect: ** (DBConnection.ConnectionError) tcp connect (db:5432): non-existing domain - :nxdomain
2025-09-30T15:35:15.285 application=db_connection [error] Postgrex.Protocol (#PID<0.195.0>) failed to connect: ** (DBConnection.ConnectionError) tcp connect (db:5432): non-existing domain - :nxdomain
2025-09-30T15:35:15.285 application=db_connection [error] Postgrex.Protocol (#PID<0.201.0>) failed to connect: ** (DBConnection.ConnectionError) tcp connect (db:5432): non-existing domain - :nxdomain
2025-09-30T15:35:15.285 [error] :gen_statem #PID<0.212.0> terminating
** (DBConnection.ConnectionError) tcp connect (db:5432): non-existing domain - :nxdomain
    (db_connection 2.8.0) lib/db_connection/connection.ex:104: DBConnection.Connection.handle_event/4
    (stdlib 6.2.2) gen_statem.erl:3737: :gen_statem.loop_state_callback/11
    (stdlib 6.2.2) proc_lib.erl:329: :proc_lib.init_p_do_apply/3
Queue: [internal: {:connect, :init}]
Postponed: []
State: Postgrex.Protocol
Callback mode: :handle_event_function, state_enter: false
2025-09-30T15:35:19.142 application=db_connection [error] Postgrex.Protocol (#PID<0.195.0>) failed to connect: ** (DBConnection.ConnectionError) tcp connect (db:5432): non-existing domain - :nxdomain
2025-09-30T15:35:19.142 application=db_connection [error] Postgrex.Protocol (#PID<0.216.0>) failed to connect: ** (DBConnection.ConnectionError) tcp connect (db:5432): non-existing domain - :nxdomain
2025-09-30T15:35:19.142 application=db_connection [error] Postgrex.Protocol (#PID<0.196.0>) failed to connect: ** (DBConnection.ConnectionError) tcp connect (db:5432): non-existing domain - :nxdomain
2025-09-30T15:35:19.142 [error] :gen_statem #PID<0.216.0> terminating
** (DBConnection.ConnectionError) tcp connect (db:5432): non-existing domain - :nxdomain
    (db_connection 2.8.0) lib/db_connection/connection.ex:104: DBConnection.Connection.handle_event/4
    (stdlib 6.2.2) gen_statem.erl:3737: :gen_statem.loop_state_callback/11
    (stdlib 6.2.2) proc_lib.erl:329: :proc_lib.init_p_do_apply/3
Queue: [internal: {:connect, :init}]
Postponed: []
State: Postgrex.Protocol
Callback mode: :handle_event_function, state_enter: false
2025-09-30T15:35:23.013 application=db_connection [error] Postgrex.Protocol (#PID<0.200.0>) failed to connect: ** (DBConnection.ConnectionError) tcp connect (db:5432): non-existing domain - :nxdomain
2025-09-30T15:35:23.013 application=db_connection [error] Postgrex.Protocol (#PID<0.220.0>) failed to connect: ** (DBConnection.ConnectionError) tcp connect (db:5432): non-existing domain - :nxdomain
2025-09-30T15:35:23.013 application=db_connection [error] Postgrex.Protocol (#PID<0.201.0>) failed to connect: ** (DBConnection.ConnectionError) tcp connect (db:5432): non-existing domain - :nxdomain
2025-09-30T15:35:23.013 application=db_connection [error] Postgrex.Protocol (#PID<0.195.0>) failed to connect: ** (DBConnection.ConnectionError) tcp connect (db:5432): non-existing domain - :nxdomain
2025-09-30T15:35:23.013 [error] :gen_statem #PID<0.220.0> terminating
** (DBConnection.ConnectionError) tcp connect (db:5432): non-existing domain - :nxdomain
    (db_connection 2.8.0) lib/db_connection/connection.ex:104: DBConnection.Connection.handle_event/4
    (stdlib 6.2.2) gen_statem.erl:3737: :gen_statem.loop_state_callback/11
    (stdlib 6.2.2) proc_lib.erl:329: :proc_lib.init_p_do_apply/3
Queue: [internal: {:connect, :init}]
Postponed: []
State: Postgrex.Protocol
Callback mode: :handle_event_function, state_enter: false
2025-09-30T15:35:27.552 application=ecto_sql [error] Could not create schema migrations table. This error usually happens due to the following:

  * The database does not exist
  * The "schema_migrations" table, which Ecto uses for managing
    migrations, was defined by another library
  * There is a deadlock while migrating (such as using concurrent
    indexes with a migration_lock)

To fix the first issue, run "mix ecto.create" for the desired MIX_ENV.

To address the second, you can run "mix ecto.drop" followed by
"mix ecto.create", both for the desired MIX_ENV. Alternatively you may
configure Ecto to use another table and/or repository for managing
migrations:

    config :explorer, Explorer.Repo,
      migration_source: "some_other_table_for_schema_migrations",
      migration_repo: AnotherRepoForSchemaMigrations

The full error report is shown below.

2025-09-30T15:35:35.040 application=db_connection [error] Postgrex.Protocol (#PID<0.200.0>) failed to connect: ** (DBConnection.ConnectionError) tcp connect (db:5432): non-existing domain - :nxdomain
2025-09-30T15:35:35.040 application=db_connection [error] Postgrex.Protocol (#PID<0.201.0>) failed to connect: ** (DBConnection.ConnectionError) tcp connect (db:5432): non-existing domain - :nxdomain
2025-09-30T15:35:35.040 application=db_connection [error] Postgrex.Protocol (#PID<0.196.0>) failed to connect: ** (DBConnection.ConnectionError) tcp connect (db:5432): non-existing domain - :nxdomain
2025-09-30T15:35:35.040 application=db_connection [error] Postgrex.Protocol (#PID<0.195.0>) failed to connect: ** (DBConnection.ConnectionError) tcp connect (db:5432): non-existing domain - :nxdomain
2025-09-30T15:35:35.040 application=db_connection [error] Postgrex.Protocol (#PID<0.207.0>) failed to connect: ** (DBConnection.ConnectionError) tcp connect (db:5432): non-existing domain - :nxdomain
2025-09-30T15:35:35.054 [error] :gen_statem #PID<0.207.0> terminating
** (DBConnection.ConnectionError) tcp connect (db:5432): non-existing domain - :nxdomain
    (db_connection 2.8.0) lib/db_connection/connection.ex:104: DBConnection.Connection.handle_event/4
    (stdlib 6.2.2) gen_statem.erl:3737: :gen_statem.loop_state_callback/11
    (stdlib 6.2.2) proc_lib.erl:329: :proc_lib.init_p_do_apply/3
Queue: [internal: {:connect, :init}]
Postponed: []
State: Postgrex.Protocol
Callback mode: :handle_event_function, state_enter: false
2025-09-30T15:35:37.819 application=db_connection [error] Postgrex.Protocol (#PID<0.212.0>) failed to connect: ** (DBConnection.ConnectionError) tcp connect (db:5432): non-existing domain - :nxdomain
2025-09-30T15:35:37.821 application=db_connection [error] Postgrex.Protocol (#PID<0.201.0>) failed to connect: ** (DBConnection.ConnectionError) tcp connect (db:5432): non-existing domain - :nxdomain
2025-09-30T15:35:37.821 application=db_connection [error] Postgrex.Protocol (#PID<0.195.0>) failed to connect: ** (DBConnection.ConnectionError) tcp connect (db:5432): non-existing domain - :nxdomain
2025-09-30T15:35:37.821 application=db_connection [error] Postgrex.Protocol (#PID<0.200.0>) failed to connect: ** (DBConnection.ConnectionError) tcp connect (db:5432): non-existing domain - :nxdomain
2025-09-30T15:35:37.821 application=db_connection [error] Postgrex.Protocol (#PID<0.196.0>) failed to connect: ** (DBConnection.ConnectionError) tcp connect (db:5432): non-existing domain - :nxdomain
2025-09-30T15:35:37.819 [error] :gen_statem #PID<0.212.0> terminating
** (DBConnection.ConnectionError) tcp connect (db:5432): non-existing domain - :nxdomain
    (db_connection 2.8.0) lib/db_connection/connection.ex:104: DBConnection.Connection.handle_event/4
    (stdlib 6.2.2) gen_statem.erl:3737: :gen_statem.loop_state_callback/11
    (stdlib 6.2.2) proc_lib.erl:329: :proc_lib.init_p_do_apply/3
Queue: [internal: {:connect, :init}]
Postponed: []
State: Postgrex.Protocol
Callback mode: :handle_event_function, state_enter: false
2025-09-30T15:35:41.669 application=db_connection [error] Postgrex.Protocol (#PID<0.216.0>) failed to connect: ** (DBConnection.ConnectionError) tcp connect (db:5432): non-existing domain - :nxdomain
2025-09-30T15:35:41.669 application=db_connection [error] Postgrex.Protocol (#PID<0.201.0>) failed to connect: ** (DBConnection.ConnectionError) tcp connect (db:5432): non-existing domain - :nxdomain
2025-09-30T15:35:41.669 [error] :gen_statem #PID<0.216.0> terminating
** (DBConnection.ConnectionError) tcp connect (db:5432): non-existing domain - :nxdomain
    (db_connection 2.8.0) lib/db_connection/connection.ex:104: DBConnection.Connection.handle_event/4
    (stdlib 6.2.2) gen_statem.erl:3737: :gen_statem.loop_state_callback/11
    (stdlib 6.2.2) proc_lib.erl:329: :proc_lib.init_p_do_apply/3
Queue: [internal: {:connect, :init}]
Postponed: []
State: Postgrex.Protocol
Callback mode: :handle_event_function, state_enter: false
2025-09-30T15:35:45.521 application=db_connection [error] Postgrex.Protocol (#PID<0.196.0>) failed to connect: ** (DBConnection.ConnectionError) tcp connect (db:5432): non-existing domain - :nxdomain
2025-09-30T15:35:45.521 application=db_connection [error] Postgrex.Protocol (#PID<0.220.0>) failed to connect: ** (DBConnection.ConnectionError) tcp connect (db:5432): non-existing domain - :nxdomain
2025-09-30T15:35:45.521 application=db_connection [error] Postgrex.Protocol (#PID<0.195.0>) failed to connect: ** (DBConnection.ConnectionError) tcp connect (db:5432): non-existing domain - :nxdomain
2025-09-30T15:35:45.521 application=db_connection [error] Postgrex.Protocol (#PID<0.201.0>) failed to connect: ** (DBConnection.ConnectionError) tcp connect (db:5432): non-existing domain - :nxdomain
2025-09-30T15:35:45.521 application=db_connection [error] Postgrex.Protocol (#PID<0.200.0>) failed to connect: ** (DBConnection.ConnectionError) tcp connect (db:5432): non-existing domain - :nxdomain
2025-09-30T15:35:45.521 [error] :gen_statem #PID<0.220.0> terminating
** (DBConnection.ConnectionError) tcp connect (db:5432): non-existing domain - :nxdomain
    (db_connection 2.8.0) lib/db_connection/connection.ex:104: DBConnection.Connection.handle_event/4
    (stdlib 6.2.2) gen_statem.erl:3737: :gen_statem.loop_state_callback/11
    (stdlib 6.2.2) proc_lib.erl:329: :proc_lib.init_p_do_apply/3
Queue: [internal: {:connect, :init}]
Postponed: []
State: Postgrex.Protocol
Callback mode: :handle_event_function, state_enter: false
2025-09-30T15:35:50.036 application=ecto_sql [error] Could not create schema migrations table. This error usually happens due to the following:

  * The database does not exist
  * The "schema_migrations" table, which Ecto uses for managing
    migrations, was defined by another library
  * There is a deadlock while migrating (such as using concurrent
    indexes with a migration_lock)

To fix the first issue, run "mix ecto.create" for the desired MIX_ENV.

To address the second, you can run "mix ecto.drop" followed by
"mix ecto.create", both for the desired MIX_ENV. Alternatively you may
configure Ecto to use another table and/or repository for managing
migrations:

    config :explorer, Explorer.Repo,
      migration_source: "some_other_table_for_schema_migrations",
      migration_repo: AnotherRepoForSchemaMigrations

The full error report is shown below.

2025-09-30T15:36:01.227 application=db_connection [error] Postgrex.Protocol (#PID<0.196.0>) failed to connect: ** (DBConnection.ConnectionError) tcp connect (db:5432): non-existing domain - :nxdomain
2025-09-30T15:36:01.227 application=db_connection [error] Postgrex.Protocol (#PID<0.200.0>) failed to connect: ** (DBConnection.ConnectionError) tcp connect (db:5432): non-existing domain - :nxdomain
2025-09-30T15:36:01.227 application=db_connection [error] Postgrex.Protocol (#PID<0.207.0>) failed to connect: ** (DBConnection.ConnectionError) tcp connect (db:5432): non-existing domain - :nxdomain
2025-09-30T15:36:01.227 application=db_connection [error] Postgrex.Protocol (#PID<0.195.0>) failed to connect: ** (DBConnection.ConnectionError) tcp connect (db:5432): non-existing domain - :nxdomain
2025-09-30T15:36:01.227 application=db_connection [error] Postgrex.Protocol (#PID<0.201.0>) failed to connect: ** (DBConnection.ConnectionError) tcp connect (db:5432): non-existing domain - :nxdomain
2025-09-30T15:36:01.251 [error] :gen_statem #PID<0.207.0> terminating
** (DBConnection.ConnectionError) tcp connect (db:5432): non-existing domain - :nxdomain
    (db_connection 2.8.0) lib/db_connection/connection.ex:104: DBConnection.Connection.handle_event/4
    (stdlib 6.2.2) gen_statem.erl:3737: :gen_statem.loop_state_callback/11
    (stdlib 6.2.2) proc_lib.erl:329: :proc_lib.init_p_do_apply/3
Queue: [internal: {:connect, :init}]
Postponed: []
State: Postgrex.Protocol
Callback mode: :handle_event_function, state_enter: false
2025-09-30T15:36:05.160 application=db_connection [error] Postgrex.Protocol (#PID<0.211.0>) failed to connect: ** (DBConnection.ConnectionError) tcp connect (db:5432): non-existing domain - :nxdomain
2025-09-30T15:36:05.160 application=db_connection [error] Postgrex.Protocol (#PID<0.195.0>) failed to connect: ** (DBConnection.ConnectionError) tcp connect (db:5432): non-existing domain - :nxdomain
2025-09-30T15:36:05.160 application=db_connection [error] Postgrex.Protocol (#PID<0.201.0>) failed to connect: ** (DBConnection.ConnectionError) tcp connect (db:5432): non-existing domain - :nxdomain
2025-09-30T15:36:05.161 application=db_connection [error] Postgrex.Protocol (#PID<0.196.0>) failed to connect: ** (DBConnection.ConnectionError) tcp connect (db:5432): non-existing domain - :nxdomain
2025-09-30T15:36:05.161 application=db_connection [error] Postgrex.Protocol (#PID<0.200.0>) failed to connect: ** (DBConnection.ConnectionError) tcp connect (db:5432): non-existing domain - :nxdomain
2025-09-30T15:36:05.160 [error] :gen_statem #PID<0.211.0> terminating
** (DBConnection.ConnectionError) tcp connect (db:5432): non-existing domain - :nxdomain
    (db_connection 2.8.0) lib/db_connection/connection.ex:104: DBConnection.Connection.handle_event/4
    (stdlib 6.2.2) gen_statem.erl:3737: :gen_statem.loop_state_callback/11
    (stdlib 6.2.2) proc_lib.erl:329: :proc_lib.init_p_do_apply/3
Queue: [internal: {:connect, :init}]
Postponed: []
State: Postgrex.Protocol
Callback mode: :handle_event_function, state_enter: false
2025-09-30T15:36:07.928 application=db_connection [error] Postgrex.Protocol (#PID<0.195.0>) failed to connect: ** (DBConnection.ConnectionError) tcp connect (db:5432): non-existing domain - :nxdomain
2025-09-30T15:36:07.928 application=db_connection [error] Postgrex.Protocol (#PID<0.216.0>) failed to connect: ** (DBConnection.ConnectionError) tcp connect (db:5432): non-existing domain - :nxdomain
2025-09-30T15:36:07.928 [error] :gen_statem #PID<0.216.0> terminating
** (DBConnection.ConnectionError) tcp connect (db:5432): non-existing domain - :nxdomain
    (db_connection 2.8.0) lib/db_connection/connection.ex:104: DBConnection.Connection.handle_event/4
    (stdlib 6.2.2) gen_statem.erl:3737: :gen_statem.loop_state_callback/11
    (stdlib 6.2.2) proc_lib.erl:329: :proc_lib.init_p_do_apply/3
Queue: [internal: {:connect, :init}]
Postponed: []
State: Postgrex.Protocol
Callback mode: :handle_event_function, state_enter: false
2025-09-30T15:36:11.784 application=db_connection [error] Postgrex.Protocol (#PID<0.200.0>) failed to connect: ** (DBConnection.ConnectionError) tcp connect (db:5432): non-existing domain - :nxdomain
2025-09-30T15:36:11.784 application=db_connection [error] Postgrex.Protocol (#PID<0.220.0>) failed to connect: ** (DBConnection.ConnectionError) tcp connect (db:5432): non-existing domain - :nxdomain
2025-09-30T15:36:11.784 application=db_connection [error] Postgrex.Protocol (#PID<0.201.0>) failed to connect: ** (DBConnection.ConnectionError) tcp connect (db:5432): non-existing domain - :nxdomain
2025-09-30T15:36:11.784 application=db_connection [error] Postgrex.Protocol (#PID<0.196.0>) failed to connect: ** (DBConnection.ConnectionError) tcp connect (db:5432): non-existing domain - :nxdomain
2025-09-30T15:36:11.784 application=db_connection [error] Postgrex.Protocol (#PID<0.195.0>) failed to connect: ** (DBConnection.ConnectionError) tcp connect (db:5432): non-existing domain - :nxdomain
2025-09-30T15:36:11.784 [error] :gen_statem #PID<0.220.0> terminating
** (DBConnection.ConnectionError) tcp connect (db:5432): non-existing domain - :nxdomain
    (db_connection 2.8.0) lib/db_connection/connection.ex:104: DBConnection.Connection.handle_event/4
    (stdlib 6.2.2) gen_statem.erl:3737: :gen_statem.loop_state_callback/11
    (stdlib 6.2.2) proc_lib.erl:329: :proc_lib.init_p_do_apply/3
Queue: [internal: {:connect, :init}]
Postponed: []
State: Postgrex.Protocol
Callback mode: :handle_event_function, state_enter: false
2025-09-30T15:36:16.262 application=ecto_sql [error] Could not create schema migrations table. This error usually happens due to the following:

  * The database does not exist
  * The "schema_migrations" table, which Ecto uses for managing
    migrations, was defined by another library
  * There is a deadlock while migrating (such as using concurrent
    indexes with a migration_lock)

To fix the first issue, run "mix ecto.create" for the desired MIX_ENV.

To address the second, you can run "mix ecto.drop" followed by
"mix ecto.create", both for the desired MIX_ENV. Alternatively you may
configure Ecto to use another table and/or repository for managing
migrations:

    config :explorer, Explorer.Repo,
      migration_source: "some_other_table_for_schema_migrations",
      migration_repo: AnotherRepoForSchemaMigrations

The full error report is shown below.

2025-09-30T15:36:23.673 application=db_connection [error] Postgrex.Protocol (#PID<0.195.0>) failed to connect: ** (DBConnection.ConnectionError) tcp connect (db:5432): non-existing domain - :nxdomain
2025-09-30T15:36:23.673 application=db_connection [error] Postgrex.Protocol (#PID<0.196.0>) failed to connect: ** (DBConnection.ConnectionError) tcp connect (db:5432): non-existing domain - :nxdomain
2025-09-30T15:36:23.673 application=db_connection [error] Postgrex.Protocol (#PID<0.207.0>) failed to connect: ** (DBConnection.ConnectionError) tcp connect (db:5432): non-existing domain - :nxdomain
2025-09-30T15:36:23.673 application=db_connection [error] Postgrex.Protocol (#PID<0.201.0>) failed to connect: ** (DBConnection.ConnectionError) tcp connect (db:5432): non-existing domain - :nxdomain
2025-09-30T15:36:23.673 application=db_connection [error] Postgrex.Protocol (#PID<0.200.0>) failed to connect: ** (DBConnection.ConnectionError) tcp connect (db:5432): non-existing domain - :nxdomain
2025-09-30T15:36:23.687 [error] :gen_statem #PID<0.207.0> terminating
** (DBConnection.ConnectionError) tcp connect (db:5432): non-existing domain - :nxdomain
    (db_connection 2.8.0) lib/db_connection/connection.ex:104: DBConnection.Connection.handle_event/4
    (stdlib 6.2.2) gen_statem.erl:3737: :gen_statem.loop_state_callback/11
    (stdlib 6.2.2) proc_lib.erl:329: :proc_lib.init_p_do_apply/3
Queue: [internal: {:connect, :init}]
Postponed: []
State: Postgrex.Protocol
Callback mode: :handle_event_function, state_enter: false
2025-09-30T15:36:27.572 application=db_connection [error] Postgrex.Protocol (#PID<0.212.0>) failed to connect: ** (DBConnection.ConnectionError) tcp connect (db:5432): non-existing domain - :nxdomain
2025-09-30T15:36:27.573 application=db_connection [error] Postgrex.Protocol (#PID<0.195.0>) failed to connect: ** (DBConnection.ConnectionError) tcp connect (db:5432): non-existing domain - :nxdomain
2025-09-30T15:36:27.573 application=db_connection [error] Postgrex.Protocol (#PID<0.200.0>) failed to connect: ** (DBConnection.ConnectionError) tcp connect (db:5432): non-existing domain - :nxdomain
2025-09-30T15:36:27.573 application=db_connection [error] Postgrex.Protocol (#PID<0.196.0>) failed to connect: ** (DBConnection.ConnectionError) tcp connect (db:5432): non-existing domain - :nxdomain
2025-09-30T15:36:27.573 application=db_connection [error] Postgrex.Protocol (#PID<0.201.0>) failed to connect: ** (DBConnection.ConnectionError) tcp connect (db:5432): non-existing domain - :nxdomain
2025-09-30T15:36:27.572 [error] :gen_statem #PID<0.212.0> terminating
** (DBConnection.ConnectionError) tcp connect (db:5432): non-existing domain - :nxdomain
    (db_connection 2.8.0) lib/db_connection/connection.ex:104: DBConnection.Connection.handle_event/4
    (stdlib 6.2.2) gen_statem.erl:3737: :gen_statem.loop_state_callback/11
    (stdlib 6.2.2) proc_lib.erl:329: :proc_lib.init_p_do_apply/3
Queue: [internal: {:connect, :init}]
Postponed: []
State: Postgrex.Protocol
Callback mode: :handle_event_function, state_enter: false
2025-09-30T15:36:31.412 application=db_connection [error] Postgrex.Protocol (#PID<0.200.0>) failed to connect: ** (DBConnection.ConnectionError) tcp connect (db:5432): non-existing domain - :nxdomain
2025-09-30T15:36:31.412 application=db_connection [error] Postgrex.Protocol (#PID<0.216.0>) failed to connect: ** (DBConnection.ConnectionError) tcp connect (db:5432): non-existing domain - :nxdomain
2025-09-30T15:36:31.412 application=db_connection [error] Postgrex.Protocol (#PID<0.196.0>) failed to connect: ** (DBConnection.ConnectionError) tcp connect (db:5432): non-existing domain - :nxdomain
2025-09-30T15:36:31.412 application=db_connection [error] Postgrex.Protocol (#PID<0.201.0>) failed to connect: ** (DBConnection.ConnectionError) tcp connect (db:5432): non-existing domain - :nxdomain
2025-09-30T15:36:31.412 application=db_connection [error] Postgrex.Protocol (#PID<0.195.0>) failed to connect: ** (DBConnection.ConnectionError) tcp connect (db:5432): non-existing domain - :nxdomain
2025-09-30T15:36:31.412 [error] :gen_statem #PID<0.216.0> terminating
** (DBConnection.ConnectionError) tcp connect (db:5432): non-existing domain - :nxdomain
    (db_connection 2.8.0) lib/db_connection/connection.ex:104: DBConnection.Connection.handle_event/4
    (stdlib 6.2.2) gen_statem.erl:3737: :gen_statem.loop_state_callback/11
    (stdlib 6.2.2) proc_lib.erl:329: :proc_lib.init_p_do_apply/3
Queue: [internal: {:connect, :init}]
Postponed: []
State: Postgrex.Protocol
Callback mode: :handle_event_function, state_enter: false
2025-09-30T15:36:35.250 application=db_connection [error] Postgrex.Protocol (#PID<0.220.0>) failed to connect: ** (DBConnection.ConnectionError) tcp connect (db:5432): non-existing domain - :nxdomain
2025-09-30T15:36:35.250 application=db_connection [error] Postgrex.Protocol (#PID<0.200.0>) failed to connect: ** (DBConnection.ConnectionError) tcp connect (db:5432): non-existing domain - :nxdomain
2025-09-30T15:36:35.250 application=db_connection [error] Postgrex.Protocol (#PID<0.196.0>) failed to connect: ** (DBConnection.ConnectionError) tcp connect (db:5432): non-existing domain - :nxdomain
2025-09-30T15:36:35.250 [error] :gen_statem #PID<0.220.0> terminating
** (DBConnection.ConnectionError) tcp connect (db:5432): non-existing domain - :nxdomain
    (db_connection 2.8.0) lib/db_connection/connection.ex:104: DBConnection.Connection.handle_event/4
    (stdlib 6.2.2) gen_statem.erl:3737: :gen_statem.loop_state_callback/11
    (stdlib 6.2.2) proc_lib.erl:329: :proc_lib.init_p_do_apply/3
Queue: [internal: {:connect, :init}]
Postponed: []
State: Postgrex.Protocol
Callback mode: :handle_event_function, state_enter: false
2025-09-30T15:36:38.695 application=ecto_sql [error] Could not create schema migrations table. This error usually happens due to the following:

  * The database does not exist
  * The "schema_migrations" table, which Ecto uses for managing
    migrations, was defined by another library
  * There is a deadlock while migrating (such as using concurrent
    indexes with a migration_lock)

To fix the first issue, run "mix ecto.create" for the desired MIX_ENV.

To address the second, you can run "mix ecto.drop" followed by
"mix ecto.create", both for the desired MIX_ENV. Alternatively you may
configure Ecto to use another table and/or repository for managing
migrations:

    config :explorer, Explorer.Repo,
      migration_source: "some_other_table_for_schema_migrations",
      migration_repo: AnotherRepoForSchemaMigrations

The full error report is shown below.

2025-09-30T15:36:49.331 application=db_connection [error] Postgrex.Protocol (#PID<0.201.0>) failed to connect: ** (DBConnection.ConnectionError) tcp connect (db:5432): non-existing domain - :nxdomain
2025-09-30T15:36:49.331 application=db_connection [error] Postgrex.Protocol (#PID<0.200.0>) failed to connect: ** (DBConnection.ConnectionError) tcp connect (db:5432): non-existing domain - :nxdomain
2025-09-30T15:36:49.331 application=db_connection [error] Postgrex.Protocol (#PID<0.207.0>) failed to connect: ** (DBConnection.ConnectionError) tcp connect (db:5432): non-existing domain - :nxdomain
2025-09-30T15:36:49.331 application=db_connection [error] Postgrex.Protocol (#PID<0.195.0>) failed to connect: ** (DBConnection.ConnectionError) tcp connect (db:5432): non-existing domain - :nxdomain
2025-09-30T15:36:49.331 application=db_connection [error] Postgrex.Protocol (#PID<0.196.0>) failed to connect: ** (DBConnection.ConnectionError) tcp connect (db:5432): non-existing domain - :nxdomain
2025-09-30T15:36:49.339 [error] :gen_statem #PID<0.207.0> terminating
** (DBConnection.ConnectionError) tcp connect (db:5432): non-existing domain - :nxdomain
    (db_connection 2.8.0) lib/db_connection/connection.ex:104: DBConnection.Connection.handle_event/4
    (stdlib 6.2.2) gen_statem.erl:3737: :gen_statem.loop_state_callback/11
    (stdlib 6.2.2) proc_lib.erl:329: :proc_lib.init_p_do_apply/3
Queue: [internal: {:connect, :init}]
Postponed: []
State: Postgrex.Protocol
Callback mode: :handle_event_function, state_enter: false
2025-09-30T15:36:53.228 application=db_connection [error] Postgrex.Protocol (#PID<0.201.0>) failed to connect: ** (DBConnection.ConnectionError) tcp connect (db:5432): non-existing domain - :nxdomain
2025-09-30T15:36:53.228 application=db_connection [error] Postgrex.Protocol (#PID<0.212.0>) failed to connect: ** (DBConnection.ConnectionError) tcp connect (db:5432): non-existing domain - :nxdomain
2025-09-30T15:36:53.228 application=db_connection [error] Postgrex.Protocol (#PID<0.196.0>) failed to connect: ** (DBConnection.ConnectionError) tcp connect (db:5432): non-existing domain - :nxdomain
2025-09-30T15:36:53.228 application=db_connection [error] Postgrex.Protocol (#PID<0.195.0>) failed to connect: ** (DBConnection.ConnectionError) tcp connect (db:5432): non-existing domain - :nxdomain
2025-09-30T15:36:53.228 application=db_connection [error] Postgrex.Protocol (#PID<0.200.0>) failed to connect: ** (DBConnection.ConnectionError) tcp connect (db:5432): non-existing domain - :nxdomain
2025-09-30T15:36:53.228 [error] :gen_statem #PID<0.212.0> terminating
** (DBConnection.ConnectionError) tcp connect (db:5432): non-existing domain - :nxdomain
    (db_connection 2.8.0) lib/db_connection/connection.ex:104: DBConnection.Connection.handle_event/4
    (stdlib 6.2.2) gen_statem.erl:3737: :gen_statem.loop_state_callback/11
    (stdlib 6.2.2) proc_lib.erl:329: :proc_lib.init_p_do_apply/3
Queue: [internal: {:connect, :init}]
Postponed: []
State: Postgrex.Protocol
Callback mode: :handle_event_function, state_enter: false
2025-09-30T15:36:57.097 application=db_connection [error] Postgrex.Protocol (#PID<0.216.0>) failed to connect: ** (DBConnection.ConnectionError) tcp connect (db:5432): non-existing domain - :nxdomain
2025-09-30T15:36:57.098 application=db_connection [error] Postgrex.Protocol (#PID<0.196.0>) failed to connect: ** (DBConnection.ConnectionError) tcp connect (db:5432): non-existing domain - :nxdomain
2025-09-30T15:36:57.098 application=db_connection [error] Postgrex.Protocol (#PID<0.200.0>) failed to connect: ** (DBConnection.ConnectionError) tcp connect (db:5432): non-existing domain - :nxdomain
2025-09-30T15:36:57.097 [error] :gen_statem #PID<0.216.0> terminating
** (DBConnection.ConnectionError) tcp connect (db:5432): non-existing domain - :nxdomain
    (db_connection 2.8.0) lib/db_connection/connection.ex:104: DBConnection.Connection.handle_event/4
    (stdlib 6.2.2) gen_statem.erl:3737: :gen_statem.loop_state_callback/11
    (stdlib 6.2.2) proc_lib.erl:329: :proc_lib.init_p_do_apply/3
Queue: [internal: {:connect, :init}]
Postponed: []
State: Postgrex.Protocol
Callback mode: :handle_event_function, state_enter: false
2025-09-30T15:37:00.968 application=db_connection [error] Postgrex.Protocol (#PID<0.201.0>) failed to connect: ** (DBConnection.ConnectionError) tcp connect (db:5432): non-existing domain - :nxdomain
2025-09-30T15:37:00.968 application=db_connection [error] Postgrex.Protocol (#PID<0.220.0>) failed to connect: ** (DBConnection.ConnectionError) tcp connect (db:5432): non-existing domain - :nxdomain
2025-09-30T15:37:00.968 application=db_connection [error] Postgrex.Protocol (#PID<0.195.0>) failed to connect: ** (DBConnection.ConnectionError) tcp connect (db:5432): non-existing domain - :nxdomain
2025-09-30T15:37:00.968 application=db_connection [error] Postgrex.Protocol (#PID<0.200.0>) failed to connect: ** (DBConnection.ConnectionError) tcp connect (db:5432): non-existing domain - :nxdomain
2025-09-30T15:37:00.968 [error] :gen_statem #PID<0.220.0> terminating
** (DBConnection.ConnectionError) tcp connect (db:5432): non-existing domain - :nxdomain
    (db_connection 2.8.0) lib/db_connection/connection.ex:104: DBConnection.Connection.handle_event/4
    (stdlib 6.2.2) gen_statem.erl:3737: :gen_statem.loop_state_callback/11
    (stdlib 6.2.2) proc_lib.erl:329: :proc_lib.init_p_do_apply/3
Queue: [internal: {:connect, :init}]
Postponed: []
State: Postgrex.Protocol
Callback mode: :handle_event_function, state_enter: false
2025-09-30T15:37:03.967 application=db_connection [error] Postgrex.Protocol (#PID<0.196.0>) failed to connect: ** (DBConnection.ConnectionError) tcp connect (db:5432): non-existing domain - :nxdomain
2025-09-30T15:37:04.340 application=ecto_sql [error] Could not create schema migrations table. This error usually happens due to the following:

  * The database does not exist
  * The "schema_migrations" table, which Ecto uses for managing
    migrations, was defined by another library
  * There is a deadlock while migrating (such as using concurrent
    indexes with a migration_lock)

To fix the first issue, run "mix ecto.create" for the desired MIX_ENV.

To address the second, you can run "mix ecto.drop" followed by
"mix ecto.create", both for the desired MIX_ENV. Alternatively you may
configure Ecto to use another table and/or repository for managing
migrations:

    config :explorer, Explorer.Repo,
      migration_source: "some_other_table_for_schema_migrations",
      migration_repo: AnotherRepoForSchemaMigrations

The full error report is shown below.

